# Blender 4.0.2
# www.blender.org
mtllib cenicero&logo.mtl
o Cylinder
v 0.000000 -15.000000 -59.621517
v 0.000000 -14.621974 -60.000000
v 0.000000 -14.949355 -59.810764
v 0.000000 -14.810987 -59.949299
v 5.881029 -14.621974 -59.711082
v 5.843923 -15.000000 -59.334423
v 5.876057 -14.810987 -59.660614
v 5.862475 -14.949355 -59.522751
v 5.525584 15.000000 -56.102203
v 5.488486 14.621974 -55.725544
v 5.507035 14.949355 -55.913872
v 5.493456 14.810987 -55.776001
v 11.705420 -14.621974 -58.847115
v 11.631608 -15.000000 -58.475899
v 11.695531 -14.810987 -58.797382
v 11.668514 -14.949355 -58.661507
v 10.924117 14.621974 -54.919243
v 10.997955 15.000000 -55.290451
v 10.934010 14.810987 -54.968975
v 10.961036 14.949355 -55.104847
v 17.307209 -15.000000 -57.054237
v 17.417080 -14.621974 -57.416420
v 17.362144 -14.949355 -57.235329
v 17.402361 -14.810987 -57.367897
v 16.254541 14.621974 -53.584042
v 16.364408 15.000000 -53.946228
v 16.269262 14.810987 -53.632568
v 16.309477 14.949355 -53.765137
v 22.961008 -14.621974 -55.432770
v 22.816153 -15.000000 -55.083107
v 22.941601 -14.810987 -55.385925
v 22.888580 -14.949355 -55.257938
v 21.573267 15.000000 -52.082466
v 21.428429 14.621974 -51.732796
v 21.500847 14.949355 -51.907631
v 21.447834 14.810987 -51.779644
v 28.105383 -15.000000 -52.581486
v 28.283804 -14.621974 -52.915276
v 28.194595 -14.949355 -52.748386
v 28.259901 -14.810987 -52.870560
v 26.395943 14.621974 -49.383335
v 26.574358 15.000000 -49.717125
v 26.419847 14.810987 -49.428059
v 26.485151 14.949355 -49.550232
v 33.334213 -14.621974 -49.888176
v 33.123943 -15.000000 -49.573475
v 33.306046 -14.810987 -49.846016
v 33.229080 -14.949355 -49.730831
v 31.109253 14.621974 -46.558285
v 31.319527 15.000000 -46.872982
v 31.137424 14.810987 -46.600445
v 31.214390 14.949355 -46.715633
v 38.063599 -14.621974 -46.380627
v 37.823494 -15.000000 -46.088055
v 38.031429 -14.810987 -46.341431
v 37.943546 -14.949355 -46.234341
v 35.522964 14.621974 -43.284855
v 35.763069 15.000000 -43.577427
v 35.555134 14.810987 -43.324051
v 35.643017 14.949355 -43.431141
v 42.426407 -14.621974 -42.426407
v 42.158779 -15.000000 -42.158779
v 42.390556 -14.810987 -42.390556
v 42.292599 -14.949355 -42.292599
v 39.862198 15.000000 -39.862198
v 39.594570 14.621974 -39.594570
v 39.728386 14.949355 -39.728386
v 39.630432 14.810987 -39.630432
v 46.088055 -15.000000 -37.823494
v 46.380627 -14.621974 -38.063599
v 46.234341 -14.949355 -37.943546
v 46.341431 -14.810987 -38.031429
v 43.284855 14.621974 -35.522964
v 43.577427 15.000000 -35.763069
v 43.324051 14.810987 -35.555134
v 43.431141 14.949355 -35.643017
v 49.888176 -14.621974 -33.334213
v 49.573475 -15.000000 -33.123943
v 49.846016 -14.810987 -33.306046
v 49.730831 -14.949355 -33.229080
v 46.872982 15.000000 -31.319527
v 46.558285 14.621974 -31.109253
v 46.715633 14.949355 -31.214390
v 46.600445 14.810987 -31.137424
v 52.581486 -15.000000 -28.105383
v 52.915276 -14.621974 -28.283804
v 52.748386 -14.949355 -28.194595
v 52.870560 -14.810987 -28.259901
v 49.383335 14.621974 -26.395943
v 49.717125 15.000000 -26.574358
v 49.428059 14.810987 -26.419847
v 49.550232 14.949355 -26.485151
v 55.432770 -14.621974 -22.961008
v 55.083107 -15.000000 -22.816153
v 55.385925 -14.810987 -22.941601
v 55.257942 -14.949355 -22.888580
v 52.082466 15.000000 -21.573267
v 51.732796 14.621974 -21.428429
v 51.907631 14.949355 -21.500847
v 51.779644 14.810987 -21.447834
v 57.054237 -15.000000 -17.307209
v 57.416420 -14.621974 -17.417080
v 57.235329 -14.949355 -17.362144
v 57.367897 -14.810987 -17.402361
v 53.584042 14.621974 -16.254541
v 53.946228 15.000000 -16.364408
v 53.632568 14.810987 -16.269260
v 53.765137 14.949355 -16.309477
v 58.847115 -14.621974 -11.705420
v 58.475899 -15.000000 -11.631608
v 58.797382 -14.810987 -11.695531
v 58.661507 -14.949355 -11.668514
v 54.919243 14.621974 -10.924117
v 55.290451 15.000000 -10.997955
v 54.968975 14.810987 -10.934010
v 55.104847 14.949355 -10.961036
v 59.711082 -14.621974 -5.881029
v 59.334423 -15.000000 -5.843923
v 59.660614 -14.810987 -5.876057
v 59.522751 -14.949355 -5.862475
v 55.725544 14.621974 -5.488486
v 56.102203 15.000000 -5.525584
v 55.776001 14.810987 -5.493456
v 55.913872 14.949355 -5.507035
v 59.621517 -15.000000 0.000000
v 60.000000 -14.621974 0.000000
v 59.810764 -14.949355 0.000000
v 59.949299 -14.810987 0.000000
v 59.334423 -15.000000 5.843923
v 59.711082 -14.621974 5.881029
v 59.522751 -14.949355 5.862475
v 59.660614 -14.810987 5.876057
v 55.725544 14.621974 5.488486
v 56.102203 15.000000 5.525584
v 55.776001 14.810987 5.493456
v 55.913872 14.949355 5.507035
v 58.847115 -14.621974 11.705420
v 58.475899 -15.000000 11.631608
v 58.797382 -14.810987 11.695531
v 58.661507 -14.949355 11.668514
v 54.919243 14.621974 10.924117
v 55.290451 15.000000 10.997955
v 54.968975 14.810987 10.934010
v 55.104847 14.949355 10.961036
v 57.416420 -14.621974 17.417080
v 57.054237 -15.000000 17.307209
v 57.367897 -14.810987 17.402361
v 57.235329 -14.949355 17.362144
v 53.584042 14.621974 16.254541
v 53.946228 15.000000 16.364408
v 53.632568 14.810987 16.269262
v 53.765137 14.949355 16.309477
v 55.432770 -14.621974 22.961008
v 55.083107 -15.000000 22.816153
v 55.385925 -14.810987 22.941601
v 55.257938 -14.949355 22.888580
v 52.082466 15.000000 21.573267
v 51.732796 14.621974 21.428429
v 51.907631 14.949355 21.500847
v 51.779644 14.810987 21.447834
v 52.581486 -15.000000 28.105383
v 52.915276 -14.621974 28.283804
v 52.748386 -14.949355 28.194595
v 52.870560 -14.810987 28.259901
v 49.717125 15.000000 26.574358
v 49.383335 14.621974 26.395943
v 49.550232 14.949355 26.485151
v 49.428059 14.810987 26.419847
v 49.888176 -14.621974 33.334213
v 49.573475 -15.000000 33.123943
v 49.846016 -14.810987 33.306046
v 49.730831 -14.949355 33.229080
v 46.558285 14.621974 31.109253
v 46.872982 15.000000 31.319527
v 46.600445 14.810987 31.137424
v 46.715633 14.949355 31.214390
v 46.380627 -14.621974 38.063599
v 46.088055 -15.000000 37.823494
v 46.341431 -14.810987 38.031429
v 46.234341 -14.949355 37.943546
v 43.284855 14.621974 35.522964
v 43.577427 15.000000 35.763069
v 43.324051 14.810987 35.555134
v 43.431141 14.949355 35.643017
v 42.426407 -14.621974 42.426407
v 42.158779 -15.000000 42.158779
v 42.390556 -14.810987 42.390556
v 42.292599 -14.949355 42.292599
v 39.594570 14.621974 39.594570
v 39.862198 15.000000 39.862198
v 39.630432 14.810987 39.630432
v 39.728386 14.949355 39.728386
v 37.823494 -15.000000 46.088055
v 38.063599 -14.621974 46.380627
v 37.943546 -14.949355 46.234341
v 38.031429 -14.810987 46.341431
v 35.763069 15.000000 43.577427
v 35.522964 14.621974 43.284855
v 35.643017 14.949355 43.431141
v 35.555134 14.810987 43.324051
v 33.334213 -14.621974 49.888176
v 33.123943 -15.000000 49.573475
v 33.306046 -14.810987 49.846016
v 33.229080 -14.949355 49.730831
v 31.109253 14.621974 46.558285
v 31.319527 15.000000 46.872982
v 31.137424 14.810987 46.600445
v 31.214390 14.949355 46.715633
v 28.105383 -15.000000 52.581486
v 28.283804 -14.621974 52.915276
v 28.194595 -14.949355 52.748386
v 28.259901 -14.810987 52.870560
v 26.395943 14.621974 49.383335
v 26.574358 15.000000 49.717125
v 26.419847 14.810987 49.428059
v 26.485151 14.949355 49.550232
v 22.961008 -14.621974 55.432770
v 22.816153 -15.000000 55.083107
v 22.941601 -14.810987 55.385925
v 22.888580 -14.949355 55.257942
v 21.428429 14.621974 51.732796
v 21.573267 15.000000 52.082466
v 21.447834 14.810987 51.779644
v 21.500847 14.949355 51.907631
v 17.307209 -15.000000 57.054237
v 17.417080 -14.621974 57.416420
v 17.362144 -14.949355 57.235329
v 17.402361 -14.810987 57.367897
v 16.364408 15.000000 53.946228
v 16.254541 14.621974 53.584042
v 16.309477 14.949355 53.765137
v 16.269260 14.810987 53.632568
v 11.705420 -14.621974 58.847115
v 11.631608 -15.000000 58.475899
v 11.695531 -14.810987 58.797382
v 11.668514 -14.949355 58.661507
v 10.924117 14.621974 54.919243
v 10.997955 15.000000 55.290451
v 10.934010 14.810987 54.968975
v 10.961036 14.949355 55.104847
v 5.881029 -14.621974 59.711082
v 5.843923 -15.000000 59.334423
v 5.876057 -14.810987 59.660614
v 5.862475 -14.949355 59.522751
v 5.488486 14.621974 55.725544
v 5.525584 15.000000 56.102203
v 5.493456 14.810987 55.776001
v 5.507035 14.949355 55.913872
v 0.000000 -14.621974 60.000000
v -0.000000 -15.000000 59.621517
v -0.000000 -14.810987 59.949299
v -0.000000 -14.949355 59.810764
v -5.881029 -14.621974 59.711082
v -5.843923 -15.000000 59.334423
v -5.876057 -14.810987 59.660614
v -5.862475 -14.949355 59.522751
v -5.525584 15.000000 56.102203
v -5.488486 14.621974 55.725544
v -5.507035 14.949355 55.913872
v -5.493456 14.810987 55.776001
v -11.631608 -15.000000 58.475899
v -11.705420 -14.621974 58.847115
v -11.668514 -14.949355 58.661507
v -11.695531 -14.810987 58.797382
v -10.924117 14.621974 54.919243
v -10.997955 15.000000 55.290451
v -10.934010 14.810987 54.968975
v -10.961036 14.949355 55.104847
v -17.417080 -14.621974 57.416420
v -17.307209 -15.000000 57.054237
v -17.402361 -14.810987 57.367897
v -17.362144 -14.949355 57.235329
v -16.254541 14.621974 53.584042
v -16.364408 15.000000 53.946228
v -16.269262 14.810987 53.632568
v -16.309477 14.949355 53.765137
v -22.961008 -14.621974 55.432770
v -22.816153 -15.000000 55.083107
v -22.941601 -14.810987 55.385925
v -22.888580 -14.949355 55.257938
v -21.573267 15.000000 52.082466
v -21.428429 14.621974 51.732796
v -21.500847 14.949355 51.907631
v -21.447834 14.810987 51.779644
v -28.283804 -14.621974 52.915276
v -28.105383 -15.000000 52.581486
v -28.259901 -14.810987 52.870560
v -28.194595 -14.949355 52.748386
v -26.574358 15.000000 49.717125
v -26.395943 14.621974 49.383335
v -26.485151 14.949355 49.550232
v -26.419847 14.810987 49.428059
v -33.123943 -15.000000 49.573475
v -33.334213 -14.621974 49.888176
v -33.229080 -14.949355 49.730831
v -33.306046 -14.810987 49.846016
v -31.109253 14.621974 46.558285
v -31.319527 15.000000 46.872982
v -31.137424 14.810987 46.600445
v -31.214390 14.949355 46.715633
v -38.063599 -14.621974 46.380627
v -37.823494 -15.000000 46.088055
v -38.031429 -14.810987 46.341431
v -37.943546 -14.949355 46.234341
v -35.522964 14.621974 43.284855
v -35.763069 15.000000 43.577427
v -35.555134 14.810987 43.324051
v -35.643017 14.949355 43.431141
v -42.426407 -14.621974 42.426407
v -42.158779 -15.000000 42.158779
v -42.390556 -14.810987 42.390556
v -42.292599 -14.949355 42.292599
v -39.594570 14.621974 39.594570
v -39.862198 15.000000 39.862198
v -39.630432 14.810987 39.630432
v -39.728386 14.949355 39.728386
v -46.380627 -14.621974 38.063599
v -46.088055 -15.000000 37.823494
v -46.341431 -14.810987 38.031429
v -46.234341 -14.949355 37.943546
v -43.577427 15.000000 35.763069
v -43.284855 14.621974 35.522964
v -43.431141 14.949355 35.643017
v -43.324051 14.810987 35.555134
v -49.573475 -15.000000 33.123943
v -49.888176 -14.621974 33.334213
v -49.730831 -14.949355 33.229080
v -49.846016 -14.810987 33.306046
v -46.558285 14.621974 31.109253
v -46.872982 15.000000 31.319527
v -46.600445 14.810987 31.137424
v -46.715633 14.949355 31.214390
v -52.915276 -14.621974 28.283804
v -52.581486 -15.000000 28.105383
v -52.870560 -14.810987 28.259901
v -52.748386 -14.949355 28.194595
v -49.383335 14.621974 26.395943
v -49.717125 15.000000 26.574358
v -49.428059 14.810987 26.419847
v -49.550232 14.949355 26.485151
v -55.432770 -14.621974 22.961008
v -55.083107 -15.000000 22.816153
v -55.385925 -14.810987 22.941601
v -55.257942 -14.949355 22.888580
v -51.732796 14.621974 21.428429
v -52.082466 15.000000 21.573267
v -51.779644 14.810987 21.447834
v -51.907631 14.949355 21.500847
v -57.416420 -14.621974 17.417080
v -57.054237 -15.000000 17.307209
v -57.367897 -14.810987 17.402361
v -57.235329 -14.949355 17.362144
v -53.946228 15.000000 16.364408
v -53.584042 14.621974 16.254541
v -53.765137 14.949355 16.309477
v -53.632568 14.810987 16.269260
v -58.475899 -15.000000 11.631608
v -58.847115 -14.621974 11.705420
v -58.661507 -14.949355 11.668514
v -58.797382 -14.810987 11.695531
v -54.919243 14.621974 10.924117
v -55.290451 15.000000 10.997955
v -54.968975 14.810987 10.934010
v -55.104847 14.949355 10.961036
v -59.711082 -14.621974 5.881029
v -59.334423 -15.000000 5.843923
v -59.660614 -14.810987 5.876057
v -59.522751 -14.949355 5.862475
v -55.725544 14.621974 5.488486
v -56.102203 15.000000 5.525584
v -55.776001 14.810987 5.493456
v -55.913872 14.949355 5.507035
v -59.621517 -15.000000 -0.000000
v -60.000000 -14.621974 0.000000
v -59.810764 -14.949355 -0.000000
v -59.949299 -14.810987 -0.000000
v -59.711082 -14.621974 -5.881029
v -59.334423 -15.000000 -5.843923
v -59.660614 -14.810987 -5.876057
v -59.522751 -14.949355 -5.862475
v -55.725544 14.621974 -5.488486
v -56.102203 15.000000 -5.525584
v -55.776001 14.810987 -5.493456
v -55.913872 14.949355 -5.507035
v -58.475899 -15.000000 -11.631608
v -58.847115 -14.621974 -11.705420
v -58.661507 -14.949355 -11.668514
v -58.797382 -14.810987 -11.695531
v -55.290451 15.000000 -10.997955
v -54.919243 14.621974 -10.924117
v -55.104847 14.949355 -10.961036
v -54.968975 14.810987 -10.934010
v -57.054237 -15.000000 -17.307209
v -57.416420 -14.621974 -17.417080
v -57.235329 -14.949355 -17.362144
v -57.367897 -14.810987 -17.402361
v -53.584042 14.621974 -16.254541
v -53.946228 15.000000 -16.364408
v -53.632568 14.810987 -16.269262
v -53.765137 14.949355 -16.309477
v -55.432770 -14.621974 -22.961008
v -55.083107 -15.000000 -22.816153
v -55.385925 -14.810987 -22.941601
v -55.257938 -14.949355 -22.888580
v -51.732796 14.621974 -21.428429
v -52.082466 15.000000 -21.573267
v -51.779644 14.810987 -21.447834
v -51.907631 14.949355 -21.500847
v -52.915276 -14.621974 -28.283804
v -52.581486 -15.000000 -28.105383
v -52.870560 -14.810987 -28.259901
v -52.748386 -14.949355 -28.194595
v -49.383335 14.621974 -26.395943
v -49.717125 15.000000 -26.574358
v -49.428059 14.810987 -26.419847
v -49.550232 14.949355 -26.485151
v -49.573475 -15.000000 -33.123943
v -49.888176 -14.621974 -33.334213
v -49.730831 -14.949355 -33.229080
v -49.846016 -14.810987 -33.306046
v -46.872982 15.000000 -31.319527
v -46.558285 14.621974 -31.109253
v -46.715633 14.949355 -31.214390
v -46.600445 14.810987 -31.137424
v -46.088055 -15.000000 -37.823494
v -46.380627 -14.621974 -38.063599
v -46.234341 -14.949355 -37.943546
v -46.341431 -14.810987 -38.031429
v -43.284855 14.621974 -35.522964
v -43.577427 15.000000 -35.763069
v -43.324051 14.810987 -35.555134
v -43.431141 14.949355 -35.643017
v -42.426407 -14.621974 -42.426407
v -42.158779 -15.000000 -42.158779
v -42.390556 -14.810987 -42.390556
v -42.292599 -14.949355 -42.292599
v -39.594570 14.621974 -39.594570
v -39.862198 15.000000 -39.862198
v -39.630432 14.810987 -39.630432
v -39.728386 14.949355 -39.728386
v -38.063599 -14.621974 -46.380627
v -37.823494 -15.000000 -46.088055
v -38.031429 -14.810987 -46.341431
v -37.943546 -14.949355 -46.234341
v -35.522964 14.621974 -43.284855
v -35.763069 15.000000 -43.577427
v -35.555134 14.810987 -43.324051
v -35.643017 14.949355 -43.431141
v -33.123943 -15.000000 -49.573475
v -33.334213 -14.621974 -49.888176
v -33.229080 -14.949355 -49.730831
v -33.306046 -14.810987 -49.846016
v -31.319527 15.000000 -46.872982
v -31.109253 14.621974 -46.558285
v -31.214390 14.949355 -46.715633
v -31.137424 14.810987 -46.600445
v -28.105383 -15.000000 -52.581486
v -28.283804 -14.621974 -52.915276
v -28.194595 -14.949355 -52.748386
v -28.259901 -14.810987 -52.870560
v -26.395943 14.621974 -49.383335
v -26.574358 15.000000 -49.717125
v -26.419847 14.810987 -49.428059
v -26.485151 14.949355 -49.550232
v -22.961008 -14.621974 -55.432770
v -22.816153 -15.000000 -55.083107
v -22.941601 -14.810987 -55.385925
v -22.888580 -14.949355 -55.257942
v -21.573267 15.000000 -52.082466
v -21.428429 14.621974 -51.732796
v -21.500847 14.949355 -51.907631
v -21.447834 14.810987 -51.779644
v -17.417080 -14.621974 -57.416420
v -17.307209 -15.000000 -57.054237
v -17.402361 -14.810987 -57.367897
v -17.362144 -14.949355 -57.235329
v -16.254541 14.621974 -53.584042
v -16.364408 15.000000 -53.946228
v -16.269260 14.810987 -53.632568
v -16.309477 14.949355 -53.765137
v -11.631608 -15.000000 -58.475899
v -11.705420 -14.621974 -58.847115
v -11.668514 -14.949355 -58.661507
v -11.695531 -14.810987 -58.797382
v -10.997955 15.000000 -55.290451
v -10.924117 14.621974 -54.919243
v -10.961036 14.949355 -55.104847
v -10.934010 14.810987 -54.968975
v -5.881029 -14.621974 -59.711082
v -5.843923 -15.000000 -59.334423
v -5.876057 -14.810987 -59.660614
v -5.862475 -14.949355 -59.522751
v -5.488486 14.621974 -55.725544
v -5.525584 15.000000 -56.102203
v -5.493456 14.810987 -55.776001
v -5.507035 14.949355 -55.913872
v 5.881029 14.621974 -59.711082
v 5.843931 15.000000 -59.334423
v 5.876058 14.810987 -59.660614
v 5.862479 14.949355 -59.522751
v 11.631581 15.000000 -58.475906
v 11.705420 14.621974 -58.847115
v 11.668501 14.949355 -58.661510
v 11.695527 14.810987 -58.797386
v 17.307213 15.000000 -57.054234
v 17.417080 14.621974 -57.416420
v 17.362148 14.949355 -57.235329
v 17.402363 14.810987 -57.367897
v 22.816170 15.000000 -55.083099
v 22.961008 14.621974 -55.432770
v 22.888588 14.949355 -55.257935
v 22.941603 14.810987 -55.385921
v 28.283804 14.621974 -52.915276
v 28.105389 15.000000 -52.581486
v 28.259903 14.810987 -52.870560
v 28.194599 14.949355 -52.748383
v 33.123940 15.000000 -49.573479
v 33.334213 14.621974 -49.888176
v 33.229076 14.949355 -49.730827
v 33.306042 14.810987 -49.846016
v 37.823494 15.000000 -46.088055
v 38.063599 14.621974 -46.380627
v 37.943546 14.949355 -46.234341
v 38.031429 14.810987 -46.341431
v 42.158779 15.000000 -42.158779
v 42.426407 14.621974 -42.426407
v 42.292599 14.949355 -42.292599
v 42.390556 14.810987 -42.390556
v 46.088055 15.000000 -37.823494
v 46.380627 14.621974 -38.063599
v 46.234341 14.949355 -37.943546
v 46.341431 14.810987 -38.031429
v 49.573479 15.000000 -33.123940
v 49.888176 14.621974 -33.334213
v 49.730827 14.949355 -33.229076
v 49.846016 14.810987 -33.306042
v 52.581486 15.000000 -28.105389
v 52.915276 14.621974 -28.283804
v 52.748383 14.949355 -28.194599
v 52.870560 14.810987 -28.259903
v 55.083099 15.000000 -22.816170
v 55.432770 14.621974 -22.961008
v 55.257935 14.949355 -22.888588
v 55.385921 14.810987 -22.941603
v 57.416420 14.621974 -17.417080
v 57.054234 15.000000 -17.307213
v 57.367897 14.810987 -17.402363
v 57.235329 14.949355 -17.362148
v 58.475906 15.000000 -11.631581
v 58.847115 14.621974 -11.705420
v 58.661510 14.949355 -11.668501
v 58.797386 14.810987 -11.695527
v 59.334423 15.000000 -5.843931
v 59.711082 14.621974 -5.881029
v 59.522751 14.949355 -5.862479
v 59.660614 14.810987 -5.876058
v 59.711082 14.621974 5.881029
v 59.334423 15.000000 5.843931
v 59.660614 14.810987 5.876058
v 59.522751 14.949355 5.862479
v 58.475906 15.000000 11.631581
v 58.847115 14.621974 11.705420
v 58.661510 14.949355 11.668501
v 58.797386 14.810987 11.695527
v 57.054234 15.000000 17.307213
v 57.416420 14.621974 17.417080
v 57.235329 14.949355 17.362148
v 57.367897 14.810987 17.402363
v 55.083099 15.000000 22.816170
v 55.432770 14.621974 22.961008
v 55.257935 14.949355 22.888588
v 55.385921 14.810987 22.941603
v 52.581486 15.000000 28.105389
v 52.915276 14.621974 28.283804
v 52.748383 14.949355 28.194599
v 52.870560 14.810987 28.259903
v 49.888176 14.621974 33.334213
v 49.573479 15.000000 33.123940
v 49.846016 14.810987 33.306042
v 49.730827 14.949355 33.229076
v 46.088055 15.000000 37.823494
v 46.380627 14.621974 38.063599
v 46.234341 14.949355 37.943546
v 46.341431 14.810987 38.031429
v 42.158779 15.000000 42.158779
v 42.426407 14.621974 42.426407
v 42.292599 14.949355 42.292599
v 42.390556 14.810987 42.390556
v 37.823494 15.000000 46.088055
v 38.063599 14.621974 46.380627
v 37.943546 14.949355 46.234341
v 38.031429 14.810987 46.341431
v 33.123940 15.000000 49.573479
v 33.334213 14.621974 49.888176
v 33.229076 14.949355 49.730827
v 33.306042 14.810987 49.846016
v 28.105389 15.000000 52.581486
v 28.283804 14.621974 52.915276
v 28.194599 14.949355 52.748383
v 28.259903 14.810987 52.870560
v 22.816170 15.000000 55.083099
v 22.961008 14.621974 55.432770
v 22.888588 14.949355 55.257935
v 22.941603 14.810987 55.385921
v 17.307213 15.000000 57.054234
v 17.417080 14.621974 57.416420
v 17.362148 14.949355 57.235329
v 17.402363 14.810987 57.367897
v 11.705420 14.621974 58.847115
v 11.631581 15.000000 58.475906
v 11.695527 14.810987 58.797386
v 11.668501 14.949355 58.661510
v 5.881029 14.621974 59.711082
v 5.843931 15.000000 59.334423
v 5.876058 14.810987 59.660614
v 5.862479 14.949355 59.522751
v -5.881029 14.621974 59.711082
v -5.843931 15.000000 59.334423
v -5.876058 14.810987 59.660614
v -5.862479 14.949355 59.522751
v -11.631581 15.000000 58.475906
v -11.705420 14.621974 58.847115
v -11.668501 14.949355 58.661510
v -11.695527 14.810987 58.797386
v -17.307213 15.000000 57.054234
v -17.417080 14.621974 57.416420
v -17.362148 14.949355 57.235329
v -17.402363 14.810987 57.367897
v -22.816170 15.000000 55.083099
v -22.961008 14.621974 55.432770
v -22.888588 14.949355 55.257935
v -22.941603 14.810987 55.385921
v -28.105389 15.000000 52.581486
v -28.283804 14.621974 52.915276
v -28.194599 14.949355 52.748383
v -28.259903 14.810987 52.870560
v -33.123940 15.000000 49.573479
v -33.334213 14.621974 49.888176
v -33.229076 14.949355 49.730827
v -33.306042 14.810987 49.846016
v -38.063599 14.621974 46.380627
v -37.823494 15.000000 46.088055
v -38.031429 14.810987 46.341431
v -37.943546 14.949355 46.234341
v -42.158779 15.000000 42.158779
v -42.426407 14.621974 42.426407
v -42.292599 14.949355 42.292599
v -42.390556 14.810987 42.390556
v -46.088055 15.000000 37.823494
v -46.380627 14.621974 38.063599
v -46.234341 14.949355 37.943546
v -46.341431 14.810987 38.031429
v -49.573479 15.000000 33.123940
v -49.888176 14.621974 33.334213
v -49.730827 14.949355 33.229076
v -49.846016 14.810987 33.306042
v -52.581486 15.000000 28.105389
v -52.915276 14.621974 28.283804
v -52.748383 14.949355 28.194599
v -52.870560 14.810987 28.259903
v -55.083099 15.000000 22.816170
v -55.432770 14.621974 22.961008
v -55.257935 14.949355 22.888588
v -55.385921 14.810987 22.941603
v -57.054234 15.000000 17.307213
v -57.416420 14.621974 17.417080
v -57.235329 14.949355 17.362148
v -57.367897 14.810987 17.402363
v -58.475906 15.000000 11.631581
v -58.847115 14.621974 11.705420
v -58.661510 14.949355 11.668501
v -58.797386 14.810987 11.695527
v -59.711082 14.621974 5.881029
v -59.334423 15.000000 5.843931
v -59.660614 14.810987 5.876058
v -59.522751 14.949355 5.862479
v -59.334423 15.000000 -5.843931
v -59.711082 14.621974 -5.881029
v -59.522751 14.949355 -5.862479
v -59.660614 14.810987 -5.876058
v -58.475906 15.000000 -11.631581
v -58.847115 14.621974 -11.705420
v -58.661510 14.949355 -11.668501
v -58.797386 14.810987 -11.695527
v -57.054234 15.000000 -17.307213
v -57.416420 14.621974 -17.417080
v -57.235329 14.949355 -17.362148
v -57.367897 14.810987 -17.402363
v -55.083099 15.000000 -22.816170
v -55.432770 14.621974 -22.961008
v -55.257935 14.949355 -22.888588
v -55.385921 14.810987 -22.941603
v -52.581486 15.000000 -28.105389
v -52.915276 14.621974 -28.283804
v -52.748383 14.949355 -28.194599
v -52.870560 14.810987 -28.259903
v -49.573479 15.000000 -33.123940
v -49.888176 14.621974 -33.334213
v -49.730827 14.949355 -33.229076
v -49.846016 14.810987 -33.306042
v -46.088055 15.000000 -37.823494
v -46.380627 14.621974 -38.063599
v -46.234341 14.949355 -37.943546
v -46.341431 14.810987 -38.031429
v -42.426407 14.621974 -42.426407
v -42.158779 15.000000 -42.158779
v -42.390556 14.810987 -42.390556
v -42.292599 14.949355 -42.292599
v -37.823494 15.000000 -46.088055
v -38.063599 14.621974 -46.380627
v -37.943546 14.949355 -46.234341
v -38.031429 14.810987 -46.341431
v -33.123940 15.000000 -49.573479
v -33.334213 14.621974 -49.888176
v -33.229076 14.949355 -49.730827
v -33.306042 14.810987 -49.846016
v -28.105389 15.000000 -52.581486
v -28.283804 14.621974 -52.915276
v -28.194599 14.949355 -52.748383
v -28.259903 14.810987 -52.870560
v -22.816170 15.000000 -55.083099
v -22.961008 14.621974 -55.432770
v -22.888588 14.949355 -55.257935
v -22.941603 14.810987 -55.385921
v -17.307213 15.000000 -57.054234
v -17.417080 14.621974 -57.416420
v -17.362148 14.949355 -57.235329
v -17.402363 14.810987 -57.367897
v -11.631581 15.000000 -58.475906
v -11.705420 14.621974 -58.847115
v -11.668501 14.949355 -58.661510
v -11.695527 14.810987 -58.797386
v -5.881029 14.621974 -59.711082
v -5.843931 15.000000 -59.334423
v -5.876058 14.810987 -59.660614
v -5.862479 14.949355 -59.522751
v 5.451380 -7.000000 -55.348885
v 5.488486 -6.621974 -55.725544
v 5.469934 -6.949354 -55.537216
v 5.483515 -6.810987 -55.675087
v 0.000000 -7.000000 -55.616695
v 0.000000 -6.621974 -55.995178
v 0.000000 -6.949354 -55.805943
v 0.000000 -6.810987 -55.944477
v 10.850306 -7.000000 -54.548027
v 10.924117 -6.621974 -54.919243
v 10.887211 -6.949354 -54.733635
v 10.914228 -6.810987 -54.869507
v 16.144670 -7.000000 -53.221859
v 16.254541 -6.621974 -53.584042
v 16.199606 -6.949354 -53.402946
v 16.239822 -6.810987 -53.535519
v 21.283573 -7.000000 -51.383133
v 21.428429 -6.621974 -51.732796
v 21.356001 -6.949354 -51.557968
v 21.409021 -6.810987 -51.685951
v 26.217522 -7.000000 -49.049545
v 26.395943 -6.621974 -49.383335
v 26.306732 -6.949354 -49.216438
v 26.372036 -6.810987 -49.338612
v 30.898983 -7.000000 -46.243584
v 31.109253 -6.621974 -46.558285
v 31.004116 -6.949354 -46.400932
v 31.081081 -6.810987 -46.516121
v 35.282860 -7.000000 -42.992283
v 35.522964 -6.621974 -43.284855
v 35.402912 -6.949354 -43.138569
v 35.490795 -6.810987 -43.245659
v 39.326942 -7.000000 -39.326942
v 39.594570 -6.621974 -39.594570
v 39.460754 -6.949354 -39.460754
v 39.558712 -6.810987 -39.558712
v 43.284855 -6.621974 -35.522964
v 42.992283 -7.000000 -35.282860
v 43.245659 -6.810987 -35.490795
v 43.138569 -6.949354 -35.402912
v 46.243584 -7.000000 -30.898983
v 46.558285 -6.621974 -31.109253
v 46.400932 -6.949354 -31.004116
v 46.516121 -6.810987 -31.081081
v 49.049545 -7.000000 -26.217522
v 49.383335 -6.621974 -26.395943
v 49.216438 -6.949354 -26.306732
v 49.338612 -6.810987 -26.372036
v 51.383133 -7.000000 -21.283573
v 51.732796 -6.621974 -21.428429
v 51.557968 -6.949354 -21.356001
v 51.685951 -6.810987 -21.409021
v 53.221859 -7.000000 -16.144670
v 53.584042 -6.621974 -16.254541
v 53.402950 -6.949354 -16.199606
v 53.535519 -6.810987 -16.239822
v 54.548027 -7.000000 -10.850306
v 54.919243 -6.621974 -10.924117
v 54.733635 -6.949354 -10.887211
v 54.869507 -6.810987 -10.914228
v 55.348885 -7.000000 -5.451380
v 55.725544 -6.621974 -5.488486
v 55.537216 -6.949354 -5.469934
v 55.675087 -6.810987 -5.483515
v 55.616695 -7.000000 0.000000
v 55.995178 -6.621974 0.000000
v 55.805943 -6.949354 0.000000
v 55.944477 -6.810987 0.000000
v 55.348885 -7.000000 5.451380
v 55.725544 -6.621974 5.488486
v 55.537216 -6.949354 5.469934
v 55.675087 -6.810987 5.483515
v 54.548027 -7.000000 10.850306
v 54.919243 -6.621974 10.924117
v 54.733635 -6.949354 10.887211
v 54.869507 -6.810987 10.914228
v 53.221859 -7.000000 16.144670
v 53.584042 -6.621974 16.254541
v 53.402946 -6.949354 16.199606
v 53.535519 -6.810987 16.239822
v 51.383133 -7.000000 21.283573
v 51.732796 -6.621974 21.428429
v 51.557968 -6.949354 21.356001
v 51.685951 -6.810987 21.409021
v 49.049545 -7.000000 26.217522
v 49.383335 -6.621974 26.395943
v 49.216438 -6.949354 26.306732
v 49.338612 -6.810987 26.372036
v 46.243584 -7.000000 30.898983
v 46.558285 -6.621974 31.109253
v 46.400932 -6.949354 31.004116
v 46.516121 -6.810987 31.081081
v 42.992283 -7.000000 35.282860
v 43.284855 -6.621974 35.522964
v 43.138569 -6.949354 35.402912
v 43.245659 -6.810987 35.490795
v 39.326942 -7.000000 39.326942
v 39.594570 -6.621974 39.594570
v 39.460754 -6.949354 39.460754
v 39.558712 -6.810987 39.558712
v 35.282860 -7.000000 42.992283
v 35.522964 -6.621974 43.284855
v 35.402912 -6.949354 43.138569
v 35.490795 -6.810987 43.245659
v 30.898983 -7.000000 46.243584
v 31.109253 -6.621974 46.558285
v 31.004116 -6.949354 46.400932
v 31.081081 -6.810987 46.516121
v 26.217522 -7.000000 49.049545
v 26.395943 -6.621974 49.383335
v 26.306732 -6.949354 49.216438
v 26.372036 -6.810987 49.338612
v 21.283573 -7.000000 51.383133
v 21.428429 -6.621974 51.732796
v 21.356001 -6.949354 51.557968
v 21.409021 -6.810987 51.685951
v 16.144670 -7.000000 53.221859
v 16.254541 -6.621974 53.584042
v 16.199606 -6.949354 53.402950
v 16.239822 -6.810987 53.535519
v 10.850306 -7.000000 54.548027
v 10.924117 -6.621974 54.919243
v 10.887211 -6.949354 54.733635
v 10.914228 -6.810987 54.869507
v 5.451380 -7.000000 55.348885
v 5.488486 -6.621974 55.725544
v 5.469934 -6.949354 55.537216
v 5.483515 -6.810987 55.675087
v 0.000000 -7.000000 55.616695
v 0.000000 -6.621974 55.995178
v 0.000000 -6.949354 55.805943
v 0.000000 -6.810987 55.944477
v -5.451380 -7.000000 55.348885
v -5.488486 -6.621974 55.725544
v -5.469934 -6.949354 55.537216
v -5.483515 -6.810987 55.675087
v -10.850306 -7.000000 54.548027
v -10.924117 -6.621974 54.919243
v -10.887211 -6.949354 54.733635
v -10.914228 -6.810987 54.869507
v -16.144670 -7.000000 53.221859
v -16.254541 -6.621974 53.584042
v -16.199606 -6.949354 53.402946
v -16.239822 -6.810987 53.535519
v -21.283573 -7.000000 51.383133
v -21.428429 -6.621974 51.732796
v -21.356001 -6.949354 51.557968
v -21.409021 -6.810987 51.685951
v -26.217522 -7.000000 49.049545
v -26.395943 -6.621974 49.383335
v -26.306732 -6.949354 49.216438
v -26.372036 -6.810987 49.338612
v -30.898983 -7.000000 46.243584
v -31.109253 -6.621974 46.558285
v -31.004116 -6.949354 46.400932
v -31.081081 -6.810987 46.516121
v -35.282860 -7.000000 42.992283
v -35.522964 -6.621974 43.284855
v -35.402912 -6.949354 43.138569
v -35.490795 -6.810987 43.245659
v -39.326942 -7.000000 39.326942
v -39.594570 -6.621974 39.594570
v -39.460754 -6.949354 39.460754
v -39.558712 -6.810987 39.558712
v -42.992283 -7.000000 35.282860
v -43.284855 -6.621974 35.522964
v -43.138569 -6.949354 35.402912
v -43.245659 -6.810987 35.490795
v -46.243584 -7.000000 30.898983
v -46.558285 -6.621974 31.109253
v -46.400932 -6.949354 31.004116
v -46.516121 -6.810987 31.081081
v -49.049545 -7.000000 26.217522
v -49.383335 -6.621974 26.395943
v -49.216438 -6.949354 26.306732
v -49.338612 -6.810987 26.372036
v -51.383133 -7.000000 21.283573
v -51.732796 -6.621974 21.428429
v -51.557968 -6.949354 21.356001
v -51.685951 -6.810987 21.409021
v -53.221859 -7.000000 16.144670
v -53.584042 -6.621974 16.254541
v -53.402950 -6.949354 16.199606
v -53.535519 -6.810987 16.239822
v -54.548027 -7.000000 10.850306
v -54.919243 -6.621974 10.924117
v -54.733635 -6.949354 10.887211
v -54.869507 -6.810987 10.914228
v -55.348885 -7.000000 5.451380
v -55.725544 -6.621974 5.488486
v -55.537216 -6.949354 5.469934
v -55.675087 -6.810987 5.483515
v -55.616695 -7.000000 0.000000
v -55.995178 -6.621974 0.000000
v -55.805943 -6.949354 0.000000
v -55.944477 -6.810987 0.000000
v -55.348885 -7.000000 -5.451380
v -55.725544 -6.621974 -5.488486
v -55.537216 -6.949354 -5.469934
v -55.675087 -6.810987 -5.483515
v -54.548027 -7.000000 -10.850306
v -54.919243 -6.621974 -10.924117
v -54.733635 -6.949354 -10.887211
v -54.869507 -6.810987 -10.914228
v -53.221859 -7.000000 -16.144670
v -53.584042 -6.621974 -16.254541
v -53.402946 -6.949354 -16.199606
v -53.535519 -6.810987 -16.239822
v -51.383133 -7.000000 -21.283573
v -51.732796 -6.621974 -21.428429
v -51.557968 -6.949354 -21.356001
v -51.685951 -6.810987 -21.409021
v -49.049545 -7.000000 -26.217522
v -49.383335 -6.621974 -26.395943
v -49.216438 -6.949354 -26.306732
v -49.338612 -6.810987 -26.372036
v -46.243584 -7.000000 -30.898983
v -46.558285 -6.621974 -31.109253
v -46.400932 -6.949354 -31.004116
v -46.516121 -6.810987 -31.081081
v -42.992283 -7.000000 -35.282860
v -43.284855 -6.621974 -35.522964
v -43.138569 -6.949354 -35.402912
v -43.245659 -6.810987 -35.490795
v -39.326942 -7.000000 -39.326942
v -39.594570 -6.621974 -39.594570
v -39.460754 -6.949354 -39.460754
v -39.558712 -6.810987 -39.558712
v -35.282860 -7.000000 -42.992283
v -35.522964 -6.621974 -43.284855
v -35.402912 -6.949354 -43.138569
v -35.490795 -6.810987 -43.245659
v -30.898983 -7.000000 -46.243584
v -31.109253 -6.621974 -46.558285
v -31.004116 -6.949354 -46.400932
v -31.081081 -6.810987 -46.516121
v -26.217522 -7.000000 -49.049545
v -26.395943 -6.621974 -49.383335
v -26.306732 -6.949354 -49.216438
v -26.372036 -6.810987 -49.338612
v -21.283573 -7.000000 -51.383133
v -21.428429 -6.621974 -51.732796
v -21.356001 -6.949354 -51.557968
v -21.409021 -6.810987 -51.685951
v -16.144670 -7.000000 -53.221859
v -16.254541 -6.621974 -53.584042
v -16.199606 -6.949354 -53.402950
v -16.239822 -6.810987 -53.535519
v -10.850306 -7.000000 -54.548027
v -10.924117 -6.621974 -54.919243
v -10.887211 -6.949354 -54.733635
v -10.914228 -6.810987 -54.869507
v -5.451380 -7.000000 -55.348885
v -5.488486 -6.621974 -55.725544
v -5.469934 -6.949354 -55.537216
v -5.483515 -6.810987 -55.675087
v 0.180935 9.971638 -59.991116
v 0.180935 10.351488 -59.612747
v 0.180935 10.161563 -59.940426
v 0.180935 10.300598 -59.801933
v -0.000349 10.369343 -59.621651
v 0.000000 9.989458 -60.000000
v -0.000175 10.318436 -59.810825
v -0.000047 10.179388 -59.949310
v 3.169395 10.878188 -59.844303
v 2.958786 11.194139 -59.476349
v 3.064091 11.036163 -59.798786
v 2.987003 11.151810 -59.664108
v 2.239393 10.381091 -59.889977
v 2.094353 10.732090 -59.518784
v 2.166873 10.556591 -59.842857
v 2.113784 10.685066 -59.706993
v 1.230318 10.074992 -59.939568
v 1.156387 10.447561 -59.564842
v 1.193353 10.261275 -59.890690
v 1.166292 10.397645 -59.753529
v 5.488486 14.621974 -59.730366
v 5.109264 14.623795 -59.370815
v 5.524343 15.000000 -59.350124
v 5.299343 14.622551 -59.689190
v 5.506610 14.810407 -59.678860
v 5.324699 14.802991 -59.638775
v 5.178050 14.811984 -59.367344
v 5.160146 14.623219 -59.557217
v 5.226700 14.803461 -59.545860
v 5.519771 14.949164 -59.539288
v 5.330409 14.950074 -59.359749
v 5.333965 14.900681 -59.540512
v 5.150791 13.292558 -59.746967
v 4.800331 13.438070 -59.385967
v 4.975561 13.365314 -59.704903
v 4.847284 13.418575 -59.572765
v 5.456956 14.301846 -59.731903
v 5.084862 14.376037 -59.372005
v 5.270908 14.338942 -59.690384
v 5.134713 14.366096 -59.558655
v 4.338284 12.573637 -59.408638
v 4.653627 12.362427 -59.771378
v 4.380532 12.545340 -59.595680
v 4.495955 12.468032 -59.728451
v 3.984586 11.547198 -59.804249
v 3.716469 11.815954 -59.439156
v 3.850528 11.681576 -59.760162
v 3.752390 11.779947 -59.626526
v 59.573753 10.447557 -0.975452
v 59.948452 10.074988 -1.049382
v 59.762424 10.397641 -0.985357
v 59.899574 10.261271 -1.012417
v 59.898865 10.381087 -2.058457
v 59.527691 10.732086 -1.913417
v 59.851753 10.556587 -1.985937
v 59.715893 10.685062 -1.932849
v 59.853191 10.878184 -2.988459
v 59.485249 11.194136 -2.777851
v 59.807682 11.036160 -2.883156
v 59.673004 11.151806 -2.806068
v 59.813137 11.547194 -3.803651
v 59.448055 11.815949 -3.535534
v 59.769047 11.681572 -3.669592
v 59.635418 11.779943 -3.571455
v 59.740795 14.301842 -5.276021
v 59.380901 14.376032 -4.903926
v 59.699272 14.338937 -5.089973
v 59.567543 14.366093 -4.953777
v 59.359013 15.000000 -5.343408
v 59.379711 14.623795 -4.928329
v 59.739254 14.621974 -5.307551
v 59.365620 14.944332 -5.152609
v 59.545174 14.943920 -5.335125
v 59.547295 14.902721 -5.153394
v 59.562660 14.629879 -4.985309
v 59.373108 14.808218 -5.002431
v 59.552834 14.804537 -5.044129
v 59.682381 14.807505 -5.322186
v 59.692177 14.629223 -5.121922
v 59.648884 14.804412 -5.143642
v 59.417538 12.573632 -4.157348
v 59.780266 12.362422 -4.472692
v 59.604568 12.545336 -4.199595
v 59.737335 12.468027 -4.315020
v 59.755856 13.292554 -4.969858
v 59.394863 13.438066 -4.619398
v 59.713791 13.365311 -4.794627
v 59.581657 13.418571 -4.666350
v 59.621670 10.351483 0.000000
v 60.000000 9.971633 0.000000
v 59.810837 10.300593 0.000000
v 59.949318 10.161558 0.000000
v 59.740791 14.301842 5.276021
v 59.380901 14.376032 4.903926
v 59.699265 14.338937 5.089973
v 59.567535 14.366093 4.953777
v 59.739254 14.621974 5.307551
v 59.379711 14.623795 4.928329
v 59.359013 15.000000 5.343408
v 59.698082 14.622551 5.118408
v 59.687748 14.810407 5.325675
v 59.647663 14.802991 5.143765
v 59.376236 14.811984 4.997116
v 59.566109 14.623219 4.979211
v 59.554752 14.803461 5.045766
v 59.548176 14.949164 5.338837
v 59.368641 14.950074 5.149475
v 59.549400 14.900681 5.153031
v 59.780266 12.362422 4.472692
v 59.417538 12.573632 4.157348
v 59.737335 12.468027 4.315020
v 59.604568 12.545336 4.199595
v 59.755856 13.292554 4.969858
v 59.394863 13.438066 4.619398
v 59.713791 13.365311 4.794627
v 59.581657 13.418571 4.666350
v 59.948456 10.074988 1.049382
v 59.573753 10.447557 0.975452
v 59.899582 10.261271 1.012417
v 59.762428 10.397641 0.985357
v 59.485249 11.194136 2.777851
v 59.853191 10.878184 2.988460
v 59.673004 11.151806 2.806067
v 59.807682 11.036160 2.883156
v 59.898865 10.381087 2.058457
v 59.527691 10.732086 1.913417
v 59.851753 10.556587 1.985937
v 59.715893 10.685062 1.932849
v 59.813137 11.547194 3.803651
v 59.448055 11.815949 3.535534
v 59.769047 11.681572 3.669592
v 59.635418 11.779943 3.571455
v 1.156387 10.447561 59.564842
v 1.230318 10.074992 59.939564
v 1.166292 10.397645 59.753532
v 1.193353 10.261275 59.890690
v 2.239393 10.381091 59.889977
v 2.094353 10.732090 59.518784
v 2.166873 10.556591 59.842857
v 2.113784 10.685066 59.706993
v 3.169395 10.878188 59.844303
v 2.958786 11.194139 59.476349
v 3.064091 11.036163 59.798786
v 2.987003 11.151810 59.664108
v 3.984586 11.547198 59.804249
v 3.716469 11.815954 59.439156
v 3.850528 11.681576 59.760162
v 3.752390 11.779947 59.626526
v 4.800331 13.438070 59.385967
v 5.150791 13.292558 59.746967
v 4.847284 13.418575 59.572765
v 4.975561 13.365314 59.704903
v 5.456956 14.301846 59.731907
v 5.084862 14.376037 59.372005
v 5.270909 14.338941 59.690384
v 5.134713 14.366096 59.558647
v 5.488486 14.621974 59.730366
v 5.524343 15.000000 59.350124
v 5.109263 14.623795 59.370815
v 5.503121 14.807505 59.673500
v 5.302856 14.629223 59.683289
v 5.324576 14.804412 59.639999
v 5.333544 14.944330 59.356728
v 5.516060 14.943920 59.536285
v 5.334328 14.902721 59.538406
v 5.166245 14.629879 59.553764
v 5.183365 14.808218 59.364212
v 5.225064 14.804535 59.543945
v 4.653627 12.362427 59.771378
v 4.338284 12.573637 59.408638
v 4.495955 12.468032 59.728451
v 4.380532 12.545340 59.595680
v 0.180935 9.971638 59.991116
v 0.180935 10.351488 59.612747
v 0.180935 10.161563 59.940426
v 0.180935 10.300598 59.801933
v -0.000349 10.369343 59.621651
v 0.000000 9.989458 60.000000
v -0.000175 10.318436 59.810825
v -0.000047 10.179388 59.949310
v -5.095087 14.301846 59.749702
v -4.722992 14.376037 59.389793
v -4.909039 14.338942 59.708172
v -4.772843 14.366096 59.576435
v -5.162471 15.000000 59.367901
v -5.126616 14.621974 59.748142
v -4.747394 14.623795 59.388599
v -5.157900 14.949164 59.557060
v -4.968538 14.950074 59.377525
v -4.972094 14.900681 59.558285
v -4.937472 14.622551 59.706966
v -5.144739 14.810407 59.696632
v -4.962828 14.802991 59.656548
v -4.816179 14.811984 59.385120
v -4.798275 14.623219 59.574993
v -4.864830 14.803461 59.563637
v -4.291752 12.362427 59.789154
v -3.976410 12.573637 59.426426
v -4.134081 12.468032 59.746223
v -4.018658 12.545341 59.613457
v -4.788920 13.292557 59.764736
v -4.438461 13.438070 59.403751
v -4.613691 13.365314 59.722675
v -4.485414 13.418575 59.590546
v -0.868448 10.074992 59.957340
v -0.794518 10.447561 59.582642
v -0.831483 10.261276 59.908463
v -0.804423 10.397646 59.771313
v -2.596916 11.194139 59.494137
v -2.807525 10.878188 59.862080
v -2.625133 11.151810 59.681892
v -2.702221 11.036163 59.816570
v -1.877523 10.381091 59.907753
v -1.732483 10.732090 59.536579
v -1.805002 10.556591 59.860641
v -1.751914 10.685066 59.724781
v -3.622716 11.547198 59.822025
v -3.354599 11.815954 59.456944
v -3.488658 11.681576 59.777935
v -3.390520 11.779947 59.644306
v -59.359013 15.000000 5.343407
v -59.379711 14.623795 4.928328
v -59.739254 14.621974 5.307550
v -59.365620 14.944332 5.152608
v -59.545174 14.943920 5.335124
v -59.547295 14.902721 5.153392
v -59.562660 14.629879 4.985308
v -59.373108 14.808218 5.002430
v -59.552834 14.804537 5.044128
v -59.682381 14.807505 5.322185
v -59.692177 14.629223 5.121921
v -59.648884 14.804412 5.143641
v -59.417538 12.573641 4.157348
v -59.780266 12.362431 4.472692
v -59.604568 12.545344 4.199595
v -59.737335 12.468036 4.315020
v -59.755856 13.292562 4.969858
v -59.394863 13.438075 4.619398
v -59.713791 13.365318 4.794628
v -59.581657 13.418580 4.666351
v -59.740795 14.301850 5.276021
v -59.380901 14.376040 4.903926
v -59.699272 14.338945 5.089973
v -59.567543 14.366101 4.953777
v -59.948452 10.074997 1.049382
v -59.573753 10.447566 0.975452
v -59.899574 10.261282 1.012417
v -59.762424 10.397652 0.985356
v -59.898865 10.381096 2.058457
v -59.527691 10.732095 1.913417
v -59.851753 10.556595 1.985938
v -59.715893 10.685069 1.932849
v -59.853191 10.878193 2.988459
v -59.485249 11.194144 2.777851
v -59.807682 11.036169 2.883155
v -59.673004 11.151815 2.806067
v -59.813137 11.547200 3.803649
v -59.448055 11.815958 3.535534
v -59.769047 11.681580 3.669591
v -59.635418 11.779951 3.571454
v -59.621670 10.351492 0.000000
v -60.000000 9.971642 0.000000
v -59.810837 10.300602 0.000000
v -59.949318 10.161567 0.000000
v -59.573753 10.447566 -0.975452
v -59.948456 10.074997 -1.049382
v -59.762428 10.397652 -0.985356
v -59.899582 10.261282 -1.012417
v -59.485249 11.194144 -2.777851
v -59.853191 10.878193 -2.988460
v -59.673004 11.151815 -2.806067
v -59.807682 11.036169 -2.883155
v -59.898865 10.381096 -2.058457
v -59.527691 10.732095 -1.913417
v -59.851753 10.556595 -1.985938
v -59.715893 10.685069 -1.932849
v -59.739254 14.621974 -5.307551
v -59.379711 14.623795 -4.928328
v -59.359013 15.000000 -5.343407
v -59.698082 14.622551 -5.118407
v -59.687748 14.810407 -5.325675
v -59.647663 14.802991 -5.143764
v -59.376236 14.811984 -4.997114
v -59.566109 14.623219 -4.979209
v -59.554752 14.803461 -5.045764
v -59.548176 14.949164 -5.338836
v -59.368641 14.950074 -5.149473
v -59.549400 14.900681 -5.153030
v -59.740791 14.301850 -5.276021
v -59.380901 14.376040 -4.903926
v -59.699265 14.338945 -5.089973
v -59.567535 14.366101 -4.953777
v -59.780266 12.362431 -4.472692
v -59.417538 12.573641 -4.157348
v -59.737335 12.468036 -4.315020
v -59.604568 12.545344 -4.199595
v -59.755856 13.292562 -4.969858
v -59.394863 13.438075 -4.619398
v -59.713791 13.365318 -4.794628
v -59.581657 13.418580 -4.666351
v -59.813137 11.547200 -3.803649
v -59.448055 11.815958 -3.535534
v -59.769047 11.681580 -3.669591
v -59.635418 11.779951 -3.571454
v -5.162472 15.000000 -59.367901
v -4.747394 14.623795 -59.388599
v -5.126616 14.621974 -59.748146
v -4.971673 14.944332 -59.374504
v -5.154189 14.943919 -59.554062
v -4.972457 14.902721 -59.556183
v -4.804374 14.629879 -59.571552
v -4.821496 14.808218 -59.381996
v -4.863193 14.804536 -59.561726
v -5.141250 14.807506 -59.691269
v -4.940986 14.629223 -59.701073
v -4.962706 14.804413 -59.657776
v -3.976410 12.573637 -59.426426
v -4.291752 12.362427 -59.789154
v -4.018658 12.545341 -59.613457
v -4.134081 12.468032 -59.746223
v -4.788920 13.292557 -59.764736
v -4.438461 13.438070 -59.403751
v -4.613691 13.365314 -59.722675
v -4.485414 13.418575 -59.590546
v -5.095088 14.301847 -59.749706
v -4.722992 14.376037 -59.389793
v -4.909039 14.338942 -59.708168
v -4.772843 14.366097 -59.576431
v -1.732483 10.732090 -59.536579
v -1.877523 10.381091 -59.907753
v -1.751914 10.685066 -59.724781
v -1.805002 10.556591 -59.860641
v -2.807525 10.878188 -59.862080
v -2.596916 11.194139 -59.494137
v -2.702221 11.036163 -59.816570
v -2.625133 11.151810 -59.681892
v -3.622716 11.547198 -59.822025
v -3.354599 11.815954 -59.456944
v -3.488658 11.681576 -59.777935
v -3.390521 11.779947 -59.644306
v -0.868448 10.074992 -59.957340
v -0.794518 10.447561 -59.582642
v -0.831483 10.261276 -59.908463
v -0.804423 10.397646 -59.771313
v 5.488486 14.621974 -55.725540
v 5.524343 15.000000 -56.102264
v 5.109263 14.623795 -56.122356
v 5.496770 14.807518 -55.781296
v 5.303045 14.628598 -55.790688
v 5.322455 14.804218 -55.831615
v 5.333544 14.944330 -56.108673
v 5.509707 14.943912 -55.917221
v 5.332008 14.902672 -55.930672
v 5.166014 14.629255 -55.934071
v 5.183366 14.808218 -56.115944
v 5.224488 14.804331 -55.936005
v 56.131237 14.623795 -4.928329
v 56.111153 15.000000 -5.343408
v 55.734432 14.621974 -5.307551
v 56.127956 14.811984 -4.997116
v 55.939842 14.623219 -4.979211
v 55.944660 14.803461 -5.045766
v 55.922440 14.949164 -5.338837
v 56.120583 14.950074 -5.149475
v 55.939472 14.900681 -5.153031
v 55.794189 14.622551 -5.118408
v 55.784161 14.810407 -5.325675
v 55.842117 14.802991 -5.143765
v 56.111153 15.000000 5.343408
v 56.131237 14.623795 4.928329
v 55.734432 14.621974 5.307551
v 56.117561 14.944331 5.152609
v 55.926102 14.943911 5.328772
v 55.939556 14.902672 5.151073
v 55.942951 14.629255 4.985079
v 56.124825 14.808218 5.002431
v 55.944893 14.804331 5.043554
v 55.790184 14.807518 5.315835
v 55.799572 14.628597 5.122110
v 55.840500 14.804216 5.141521
v 5.524343 15.000000 56.102264
v 5.488486 14.621974 55.725544
v 5.109263 14.623795 56.122356
v 5.519772 14.949164 55.913551
v 5.330409 14.950074 56.111698
v 5.333966 14.900681 55.930584
v 5.299343 14.622551 55.785305
v 5.506610 14.810407 55.775272
v 5.324699 14.802991 55.833233
v 5.178050 14.811984 56.119072
v 5.160145 14.623219 55.930958
v 5.226700 14.803461 55.935776
v -5.162473 15.000000 56.120041
v -4.747394 14.623795 56.140125
v -5.126616 14.621974 55.743320
v -4.971674 14.944331 56.126450
v -5.147837 14.943911 55.934990
v -4.970139 14.902673 55.948448
v -4.804145 14.629255 55.951843
v -4.821496 14.808218 56.133713
v -4.862619 14.804331 55.953781
v -5.134900 14.807518 55.799068
v -4.941176 14.628597 55.808456
v -4.960586 14.804217 55.849388
v -55.734432 14.621974 5.307550
v -56.131237 14.623795 4.928328
v -56.111153 15.000000 5.343407
v -55.794189 14.622551 5.118406
v -55.784161 14.810407 5.325673
v -55.842117 14.802991 5.143763
v -56.127956 14.811984 4.997114
v -55.939842 14.623219 4.979209
v -55.944660 14.803461 5.045764
v -55.922440 14.949164 5.338835
v -56.120583 14.950074 5.149473
v -55.939472 14.900681 5.153029
v -56.111153 15.000000 -5.343407
v -56.131237 14.623795 -4.928328
v -55.734432 14.621974 -5.307550
v -56.117561 14.944331 -5.152608
v -55.926102 14.943911 -5.328771
v -55.939556 14.902672 -5.151073
v -55.942951 14.629255 -4.985078
v -56.124825 14.808218 -5.002430
v -55.944893 14.804331 -5.043553
v -55.790184 14.807518 -5.315834
v -55.799572 14.628597 -5.122110
v -55.840500 14.804216 -5.141520
v -5.162470 15.000000 -56.120041
v -5.126616 14.621974 -55.743320
v -4.747393 14.623795 -56.140125
v -5.157899 14.949164 -55.931324
v -4.968536 14.950074 -56.129467
v -4.972093 14.900681 -55.948357
v -4.937471 14.622551 -55.803074
v -5.144738 14.810407 -55.793045
v -4.962827 14.802991 -55.851002
v -4.816178 14.811984 -56.136841
v -4.798274 14.623219 -55.948727
v -4.864828 14.803461 -55.953545
v 55.894043 10.381087 -2.058457
v 56.279484 10.732086 -1.913417
v 55.948292 10.556587 -1.985937
v 56.089371 10.685062 -1.932849
v 55.848370 10.878184 -2.988460
v 56.236996 11.194136 -2.777851
v 55.904221 11.036160 -2.883156
v 56.046467 11.151806 -2.806067
v 56.199741 11.815949 -3.535534
v 55.808315 11.547194 -3.803651
v 56.008850 11.779943 -3.571455
v 55.865578 11.681572 -3.669592
v 56.132442 14.376032 -4.903926
v 55.735977 14.301841 -5.276021
v 55.940907 14.366092 -4.953777
v 55.795792 14.338937 -5.089973
v 56.169163 12.573632 -4.157348
v 55.775452 12.362422 -4.472692
v 55.977974 12.545336 -4.199596
v 55.833862 12.468027 -4.315020
v 55.751015 13.292554 -4.969857
v 56.146439 13.438066 -4.619398
v 55.810295 13.365311 -4.794627
v 55.955032 13.418571 -4.666349
v 55.943634 10.074988 -1.049382
v 56.325584 10.447557 -0.975452
v 55.996132 10.261272 -1.012417
v 56.135933 10.397642 -0.985357
v 56.373508 10.351483 0.000000
v 55.995178 9.971633 0.000000
v 56.184341 10.300593 0.000000
v 56.045864 10.161558 0.000000
v 55.735977 14.301841 5.276021
v 56.132442 14.376032 4.903926
v 55.795792 14.338937 5.089973
v 55.940907 14.366092 4.953777
v 55.751015 13.292554 4.969857
v 56.146439 13.438066 4.619398
v 55.810295 13.365311 4.794627
v 55.955032 13.418571 4.666349
v 55.943630 10.074988 1.049382
v 56.325584 10.447557 0.975452
v 55.996124 10.261272 1.012417
v 56.135933 10.397642 0.985357
v 55.848370 10.878184 2.988459
v 56.236996 11.194136 2.777851
v 55.904221 11.036160 2.883156
v 56.046467 11.151806 2.806068
v 55.894043 10.381087 2.058457
v 56.279484 10.732086 1.913417
v 55.948292 10.556588 1.985937
v 56.089371 10.685062 1.932849
v 55.775452 12.362422 4.472692
v 56.169163 12.573632 4.157348
v 55.833862 12.468027 4.315020
v 55.977974 12.545336 4.199596
v 55.808315 11.547194 3.803651
v 56.199741 11.815949 3.535534
v 55.865578 11.681572 3.669592
v 56.008850 11.779943 3.571455
v -55.775452 12.362431 4.472692
v -56.169163 12.573641 4.157348
v -55.833862 12.468036 4.315020
v -55.977974 12.545344 4.199596
v -55.751015 13.292562 4.969857
v -56.146439 13.438075 4.619398
v -55.810295 13.365318 4.794627
v -55.955032 13.418580 4.666350
v -55.735977 14.301850 5.276021
v -56.132442 14.376040 4.903926
v -55.795792 14.338945 5.089973
v -55.940907 14.366101 4.953777
v -56.279484 10.732095 1.913417
v -55.894043 10.381096 2.058457
v -56.089371 10.685069 1.932849
v -55.948292 10.556595 1.985937
v -55.848370 10.878193 2.988460
v -56.236996 11.194144 2.777851
v -55.904221 11.036169 2.883155
v -56.046467 11.151815 2.806067
v -55.808315 11.547200 3.803649
v -56.199741 11.815958 3.535534
v -55.865578 11.681580 3.669591
v -56.008850 11.779952 3.571454
v -55.943634 10.074997 1.049382
v -56.325584 10.447566 0.975452
v -55.996132 10.261283 1.012417
v -56.135933 10.397653 0.985356
v -55.995178 9.971642 0.000000
v -56.373508 10.351492 0.000000
v -56.045864 10.161567 0.000000
v -56.184341 10.300602 0.000000
v -56.325584 10.447566 -0.975452
v -55.943630 10.074997 -1.049382
v -56.135933 10.397653 -0.985356
v -55.996124 10.261283 -1.012417
v -55.848370 10.878193 -2.988459
v -56.236996 11.194144 -2.777851
v -55.904221 11.036169 -2.883155
v -56.046467 11.151815 -2.806067
v -55.894043 10.381096 -2.058457
v -56.279484 10.732095 -1.913417
v -55.948292 10.556595 -1.985937
v -56.089371 10.685069 -1.932849
v -55.735981 14.301850 -5.276021
v -56.132442 14.376040 -4.903926
v -55.795788 14.338945 -5.089974
v -55.940903 14.366101 -4.953778
v -55.751015 13.292562 -4.969857
v -56.146439 13.438075 -4.619398
v -55.810295 13.365318 -4.794627
v -55.955032 13.418580 -4.666350
v -55.775452 12.362431 -4.472692
v -56.169163 12.573641 -4.157348
v -55.833862 12.468036 -4.315020
v -55.977974 12.545344 -4.199596
v -55.808315 11.547200 -3.803649
v -56.199741 11.815958 -3.535534
v -55.865578 11.681580 -3.669591
v -56.008850 11.779952 -3.571454
v 0.180935 9.971638 -55.986294
v 0.180935 10.351488 -56.364655
v 0.180935 10.161563 -56.036987
v 0.180935 10.300598 -56.175476
v 0.000349 10.369274 -56.373528
v 0.000000 9.989458 -55.995178
v 0.000175 10.318401 -56.184353
v 0.000047 10.179379 -56.045868
v 3.169395 10.878188 -55.839481
v 2.958786 11.194139 -56.228119
v 3.064091 11.036163 -55.895332
v 2.987003 11.151810 -56.037582
v 2.239393 10.381091 -55.885155
v 2.094353 10.732090 -56.270615
v 2.166873 10.556591 -55.939407
v 2.113784 10.685066 -56.080498
v 1.230318 10.074992 -55.934742
v 1.156387 10.447561 -56.316719
v 1.193353 10.261276 -55.987247
v 1.166292 10.397646 -56.127060
v 5.150790 13.292558 -55.742126
v 4.800331 13.438070 -56.137558
v 4.975560 13.365314 -55.801411
v 4.847283 13.418575 -55.946148
v 5.456957 14.301846 -55.727093
v 5.084862 14.376037 -56.123562
v 5.270909 14.338942 -55.786900
v 5.134713 14.366096 -55.932018
v 4.653626 12.362425 -55.766563
v 4.338284 12.573637 -56.160286
v 4.495955 12.468031 -55.824982
v 4.380531 12.545340 -55.969093
v 3.984586 11.547198 -55.799427
v 3.716469 11.815954 -56.190865
v 3.850528 11.681576 -55.856697
v 3.752390 11.779947 -55.999973
v 1.230318 10.074992 55.934746
v 1.156387 10.447561 56.316719
v 1.193353 10.261276 55.987247
v 1.166292 10.397646 56.127060
v 2.239393 10.381091 55.885155
v 2.094353 10.732090 56.270615
v 2.166872 10.556592 55.939407
v 2.113784 10.685066 56.080498
v 3.169395 10.878188 55.839481
v 2.958786 11.194139 56.228119
v 3.064091 11.036163 55.895332
v 2.987003 11.151810 56.037582
v 3.984586 11.547198 55.799427
v 3.716469 11.815954 56.190865
v 3.850528 11.681576 55.856697
v 3.752390 11.779947 55.999973
v 5.456956 14.301846 55.727089
v 5.084862 14.376037 56.123562
v 5.270909 14.338941 55.786896
v 5.134713 14.366096 55.932014
v 4.653626 12.362425 55.766563
v 4.338284 12.573637 56.160286
v 4.495955 12.468031 55.824982
v 4.380531 12.545340 55.969093
v 5.150790 13.292558 55.742126
v 4.800331 13.438070 56.137558
v 4.975561 13.365314 55.801411
v 4.847283 13.418575 55.946148
v 0.180935 9.971638 55.986294
v 0.180935 10.351488 56.364655
v 0.180935 10.161563 56.036987
v 0.180935 10.300598 56.175476
v 0.000349 10.369274 56.373528
v 0.000000 9.989458 55.995178
v 0.000175 10.318401 56.184353
v 0.000047 10.179379 56.045868
v -5.095087 14.301846 55.744862
v -4.722992 14.376037 56.141331
v -4.909039 14.338941 55.804672
v -4.772843 14.366096 55.949791
v -4.291752 12.362427 55.784332
v -3.976410 12.573637 56.178051
v -4.134081 12.468033 55.842758
v -4.018657 12.545341 55.986870
v -4.788921 13.292559 55.759922
v -4.438461 13.438070 56.155331
v -4.613691 13.365314 55.819195
v -4.485415 13.418575 55.963924
v -0.868448 10.074992 55.952518
v -0.794518 10.447561 56.334473
v -0.831483 10.261276 56.005013
v -0.804422 10.397646 56.144821
v -2.807525 10.878188 55.857258
v -2.596916 11.194139 56.245884
v -2.702221 11.036163 55.913109
v -2.625133 11.151810 56.055355
v -1.877523 10.381091 55.902931
v -1.732483 10.732090 56.288372
v -1.805002 10.556591 55.957180
v -1.751914 10.685066 56.098259
v -3.622716 11.547198 55.817204
v -3.354599 11.815954 56.208630
v -3.488658 11.681576 55.874466
v -3.390520 11.779947 56.017738
v -4.291752 12.362427 -55.784332
v -3.976410 12.573637 -56.178051
v -4.134081 12.468033 -55.842758
v -4.018657 12.545341 -55.986870
v -4.788922 13.292559 -55.759922
v -4.438461 13.438070 -56.155331
v -4.613691 13.365314 -55.819195
v -4.485414 13.418575 -55.963924
v -5.095086 14.301847 -55.744858
v -4.722992 14.376037 -56.141331
v -4.909039 14.338942 -55.804668
v -4.772843 14.366097 -55.949787
v -1.877523 10.381091 -55.902931
v -1.732483 10.732090 -56.288372
v -1.805002 10.556591 -55.957180
v -1.751914 10.685066 -56.098259
v -2.807525 10.878188 -55.857258
v -2.596916 11.194139 -56.245884
v -2.702221 11.036163 -55.913109
v -2.625133 11.151810 -56.055355
v -3.622716 11.547198 -55.817204
v -3.354599 11.815954 -56.208630
v -3.488658 11.681576 -55.874466
v -3.390520 11.779947 -56.017738
v -0.868448 10.074992 -55.952518
v -0.794518 10.447561 -56.334473
v -0.831483 10.261276 -56.005013
v -0.804422 10.397646 -56.144821
vn -0.0491 -0.0000 -0.9988
vn -0.1467 -0.0000 0.9892
vn -0.2430 -0.0000 0.9700
vn -0.3369 -0.0000 0.9415
vn -0.4276 -0.0000 0.9040
vn -0.0000 1.0000 -0.0000
vn -0.6716 -0.0000 0.7410
vn -0.7410 -0.0000 0.6716
vn -0.8577 -0.0000 0.5141
vn -0.9415 -0.0000 0.3369
vn -0.9700 -0.0000 0.2430
vn -0.9988 -0.0000 0.0491
vn 0.9892 -0.0000 0.1467
vn -0.9988 -0.0000 -0.0491
vn -0.9415 -0.0000 -0.3369
vn -0.9040 -0.0000 -0.4276
vn -0.8577 -0.0000 -0.5141
vn -0.8032 -0.0000 -0.5957
vn -0.7410 -0.0000 -0.6716
vn -0.6716 -0.0000 -0.7410
vn -0.5957 -0.0000 -0.8032
vn -0.5141 -0.0000 -0.8577
vn -0.4276 -0.0000 -0.9040
vn -0.3369 -0.0000 -0.9415
vn -0.2430 -0.0000 -0.9700
vn -0.1467 -0.0000 -0.9892
vn 0.1467 -0.0000 -0.9892
vn 0.2430 -0.0000 -0.9700
vn 0.3369 -0.0000 -0.9415
vn 0.4276 -0.0000 -0.9040
vn 0.5141 -0.0000 -0.8577
vn 0.5957 -0.0000 -0.8032
vn 0.7410 -0.0000 -0.6716
vn 0.8032 -0.0000 -0.5957
vn 0.8577 -0.0000 -0.5141
vn 0.9040 -0.0000 -0.4276
vn 0.9415 -0.0000 -0.3369
vn 0.9700 -0.0000 -0.2430
vn 0.9892 -0.0000 -0.1467
vn -0.9892 -0.0000 -0.1467
vn 0.9988 -0.0000 0.0491
vn 0.9700 -0.0000 0.2430
vn 0.9415 -0.0000 0.3369
vn 0.9040 -0.0000 0.4276
vn 0.8577 -0.0000 0.5141
vn 0.8032 -0.0000 0.5957
vn 0.7410 -0.0000 0.6716
vn 0.6716 -0.0000 0.7410
vn 0.5957 -0.0000 0.8032
vn 0.5141 -0.0000 0.8577
vn 0.4276 -0.0000 0.9040
vn 0.3369 -0.0000 0.9415
vn 0.2430 -0.0000 0.9700
vn 0.1467 -0.0000 0.9892
vn 0.0491 -0.0000 -0.9988
vn -0.5141 -0.0000 0.8577
vn -0.5957 -0.0000 0.8032
vn -0.8032 -0.0000 0.5957
vn -0.9040 -0.0000 0.4276
vn -0.9892 -0.0000 0.1467
vn -0.9700 -0.0000 -0.2430
vn 0.0491 -0.0000 0.9988
vn -0.0491 -0.0000 0.9988
vn 0.6716 -0.0000 -0.7410
vn 0.9988 -0.0000 -0.0491
vn -0.0980 0.9952 -0.0000
vn -0.0000 0.4714 0.8819
vn -0.0000 0.0980 0.9952
vn -0.0000 0.9952 -0.0980
vn -0.0000 0.2903 0.9569
vn -0.0000 0.6344 0.7730
vn -0.0000 0.7730 0.6344
vn -0.0000 0.9952 0.0980
vn -0.0000 0.8819 0.4714
vn -0.0000 0.0980 -0.9952
vn -0.0000 0.8819 -0.4714
vn -0.0000 0.7730 -0.6344
vn -0.2903 0.9569 -0.0000
vn -0.0000 0.9569 -0.2903
vn -0.0000 0.6344 -0.7730
vn -0.0000 0.4714 -0.8819
vn -0.0000 0.2903 -0.9569
vn 0.8819 0.4714 -0.0000
vn 0.4714 0.8819 -0.0000
vn 0.7730 0.6344 -0.0000
vn 0.9569 0.2903 -0.0000
vn 0.2903 0.9569 -0.0000
vn 0.6344 0.7730 -0.0000
vn -0.6344 0.7730 -0.0000
vn 0.0980 0.9952 -0.0000
vn -0.9952 0.0980 -0.0000
vn -0.4714 0.8819 -0.0000
vn -0.0000 0.9569 0.2903
vn -0.7730 0.6344 -0.0000
vn -0.8819 0.4714 -0.0000
vn -0.9569 0.2903 -0.0000
vn 0.9952 0.0980 -0.0000
vn -0.2101 0.2833 -0.9357
vn -0.6584 0.2869 -0.6959
vn -0.9042 0.3424 -0.2552
vn -0.6505 0.7293 -0.2121
vn -0.2359 0.9381 -0.2535
vn -0.1797 0.7060 -0.6850
vn -0.5365 0.6232 -0.5690
vn 0.2447 0.9398 0.2386
vn 0.1693 0.7357 0.6559
vn 0.2441 0.3465 0.9057
vn 0.6987 0.2596 0.6666
vn 0.9377 0.2810 0.2042
vn 0.6862 0.7123 0.1474
vn 0.5587 0.6308 0.5385
vn 0.9357 0.2833 -0.2101
vn 0.6959 0.2870 -0.6584
vn 0.2552 0.3424 -0.9042
vn 0.2121 0.7293 -0.6505
vn 0.2535 0.9381 -0.2359
vn 0.6850 0.7061 -0.1797
vn 0.5690 0.6232 -0.5365
vn -0.2043 0.2809 0.9377
vn -0.1473 0.7124 0.6862
vn -0.2386 0.9398 0.2447
vn -0.6559 0.7357 0.1693
vn -0.9057 0.3464 0.2441
vn -0.6667 0.2596 0.6987
vn -0.5385 0.6307 0.5587
vn 0.2359 0.9381 0.2535
vn 0.1797 0.7061 0.6850
vn 0.2101 0.2833 0.9357
vn 0.6584 0.2869 0.6959
vn 0.9042 0.3424 0.2552
vn 0.6505 0.7293 0.2121
vn 0.5365 0.6232 0.5690
vn -0.2447 0.9398 -0.2386
vn -0.1693 0.7357 -0.6559
vn -0.2441 0.3465 -0.9057
vn -0.6987 0.2596 -0.6666
vn -0.9377 0.2810 -0.2042
vn -0.6862 0.7123 -0.1474
vn -0.5587 0.6308 -0.5385
vn -0.9357 0.2833 0.2101
vn -0.6959 0.2870 0.6584
vn -0.2552 0.3424 0.9042
vn -0.2121 0.7293 0.6505
vn -0.2535 0.9381 0.2359
vn -0.6850 0.7061 0.1797
vn -0.5690 0.6232 0.5365
vn 0.2386 0.9398 -0.2447
vn 0.6559 0.7357 -0.1693
vn 0.9057 0.3464 -0.2441
vn 0.6666 0.2596 -0.6987
vn 0.2042 0.2810 -0.9377
vn 0.1473 0.7124 -0.6862
vn 0.5385 0.6308 -0.5587
vn -0.2922 0.2682 0.9180
vn -0.2120 0.7013 0.6806
vn -0.2590 0.9355 0.2403
vn -0.6680 0.7253 0.1662
vn -0.9116 0.3332 0.2409
vn -0.7043 0.2381 0.6688
vn -0.5803 0.6049 0.5453
vn -0.2495 0.3348 0.9086
vn -0.2092 0.7195 0.6622
vn -0.2520 0.9324 0.2592
vn -0.6753 0.6961 0.2435
vn -0.9144 0.2769 0.2952
vn -0.6651 0.2743 0.6946
vn -0.5519 0.6045 0.5745
vn -0.2403 0.9355 -0.2590
vn -0.1662 0.7253 -0.6680
vn -0.2409 0.3332 -0.9116
vn -0.6687 0.2382 -0.7043
vn -0.9180 0.2681 -0.2922
vn -0.6806 0.7013 -0.2120
vn -0.5453 0.6049 -0.5803
vn -0.2592 0.9324 -0.2520
vn -0.2436 0.6961 -0.6754
vn -0.2952 0.2769 -0.9144
vn -0.6946 0.2743 -0.6651
vn -0.9086 0.3348 -0.2495
vn -0.6622 0.7195 -0.2092
vn -0.5745 0.6044 -0.5519
vn 0.2590 0.9355 -0.2403
vn 0.6680 0.7253 -0.1662
vn 0.9116 0.3332 -0.2409
vn 0.7043 0.2382 -0.6687
vn 0.2921 0.2681 -0.9180
vn 0.2120 0.7013 -0.6806
vn 0.5803 0.6049 -0.5453
vn 0.9144 0.2769 -0.2952
vn 0.6651 0.2743 -0.6946
vn 0.2495 0.3348 -0.9086
vn 0.2092 0.7195 -0.6622
vn 0.2520 0.9324 -0.2592
vn 0.6753 0.6961 -0.2435
vn 0.5519 0.6045 -0.5745
vn 0.2403 0.9355 0.2590
vn 0.1662 0.7253 0.6680
vn 0.2409 0.3332 0.9116
vn 0.6687 0.2382 0.7043
vn 0.9180 0.2681 0.2922
vn 0.6806 0.7013 0.2120
vn 0.5453 0.6049 0.5803
vn 0.2592 0.9324 0.2520
vn 0.2435 0.6961 0.6753
vn 0.2952 0.2768 0.9144
vn 0.6946 0.2743 0.6651
vn 0.9086 0.3348 0.2495
vn 0.6622 0.7195 0.2092
vn 0.5746 0.6044 0.5519
vn 0.0474 -0.2588 -0.9648
vn 0.0347 -0.7071 -0.7063
vn 0.0127 -0.9659 -0.2585
vn -0.4130 0.2588 0.8732
vn -0.3023 0.7071 0.6392
vn -0.1107 0.9659 0.2340
vn -0.2921 0.9210 -0.2577
vn -0.2383 0.6718 -0.7014
vn -0.1221 0.2467 -0.9614
vn -0.7157 0.2588 0.6487
vn -0.5239 0.7071 0.4749
vn -0.1918 0.9659 0.1738
vn 0.0042 0.9617 0.2740
vn 0.0172 0.7074 0.7066
vn 0.0391 0.2744 0.9608
vn -0.9095 0.2588 0.3254
vn -0.6658 0.7071 0.2382
vn -0.2437 0.9659 0.0872
vn 0.9555 -0.2588 0.1417
vn 0.6995 -0.7071 0.1038
vn 0.2560 -0.9659 0.0380
vn 0.2686 0.9276 0.2595
vn 0.1718 0.6814 0.7115
vn 0.0278 0.2485 0.9682
vn 0.8285 -0.2588 0.4966
vn 0.6065 -0.7071 0.3635
vn 0.2220 -0.9659 0.1331
vn -0.2589 0.9624 -0.0821
vn -0.7081 0.7053 -0.0347
vn -0.9659 0.2578 0.0221
vn -0.9647 0.2590 -0.0473
vn -0.7063 0.7071 -0.0340
vn -0.2592 0.9658 -0.0125
vn 0.5754 -0.2588 0.7758
vn 0.4212 -0.7071 0.5680
vn 0.1542 -0.9659 0.2079
vn 0.2347 -0.2588 0.9370
vn 0.1718 -0.7071 0.6859
vn 0.0629 -0.9659 0.2511
vn -0.0221 0.2578 -0.9660
vn 0.0347 0.7053 -0.7081
vn 0.0821 0.9624 -0.2589
vn -0.2722 0.9618 -0.0305
vn -0.7032 0.7075 -0.0699
vn -0.9595 0.2743 -0.0644
vn -0.2646 0.9643 0.0010
vn -0.6715 0.7410 0.0020
vn -0.9337 0.3581 0.0010
vn 0.1417 0.2588 -0.9555
vn 0.1038 0.7071 -0.6994
vn 0.0380 0.9659 -0.2560
vn 0.0010 0.3580 0.9337
vn 0.0020 0.7409 0.6716
vn 0.0010 0.9643 0.2647
vn 0.4966 0.2588 -0.8285
vn 0.3635 0.7071 -0.6065
vn 0.1331 0.9659 -0.2220
vn -0.9536 0.0743 0.2918
vn -0.6901 0.2006 0.6953
vn -0.2554 0.2772 0.9262
vn 0.2557 0.4505 -0.8554
vn 0.6914 0.3264 -0.6446
vn 0.9545 0.1207 -0.2728
vn 0.7758 0.2588 -0.5754
vn 0.5679 0.7071 -0.4212
vn 0.2079 0.9659 -0.1542
vn -0.9573 0.1985 -0.2100
vn -0.6955 0.5383 -0.4759
vn -0.2565 0.7409 -0.6207
vn -0.2565 0.7409 0.6207
vn -0.6955 0.5383 0.4759
vn -0.9573 0.1985 0.2100
vn 0.9370 0.2588 -0.2347
vn 0.6859 0.7071 -0.1718
vn 0.2510 0.9659 -0.0629
vn -0.9704 0.2295 0.0750
vn -0.7146 0.6309 0.3021
vn -0.2601 0.8568 0.4452
vn -0.7758 -0.2588 -0.5754
vn -0.5680 -0.7071 -0.4212
vn -0.2079 -0.9659 -0.1542
vn -0.8554 0.4505 0.2557
vn -0.6446 0.3264 0.6914
vn -0.2728 0.1207 0.9545
vn -0.3013 0.0250 -0.9532
vn -0.7211 0.0685 -0.6895
vn -0.9622 0.0938 -0.2557
vn -0.4966 -0.2588 -0.8285
vn -0.3635 -0.7071 -0.6065
vn -0.1331 -0.9659 -0.2220
vn -0.2918 0.0743 -0.9536
vn -0.6953 0.2006 -0.6901
vn -0.9262 0.2772 -0.2554
vn -0.1417 -0.2589 -0.9555
vn -0.1038 -0.7071 -0.6995
vn -0.0380 -0.9659 -0.2560
vn 0.1221 0.2467 -0.9614
vn 0.2382 0.6718 -0.7014
vn 0.2921 0.9210 -0.2577
vn 0.4130 0.2588 -0.8732
vn 0.3023 0.7071 -0.6392
vn 0.1107 0.9659 -0.2340
vn 0.6207 0.7409 0.2565
vn 0.4759 0.5382 0.6956
vn 0.2100 0.1985 0.9573
vn 0.2511 0.9659 -0.0629
vn 0.2079 0.9659 0.1542
vn 0.5680 0.7071 0.4212
vn 0.7758 0.2588 0.5754
vn 0.0380 0.9659 0.2560
vn 0.1038 0.7071 0.6994
vn 0.1417 0.2588 0.9555
vn -0.1738 0.9659 0.1918
vn -0.4749 0.7071 0.5239
vn -0.6487 0.2588 0.7157
vn -0.1738 0.9659 -0.1918
vn -0.4749 0.7071 -0.5239
vn -0.6487 0.2588 -0.7157
vn -0.0474 0.2588 0.9648
vn -0.0347 0.7071 0.7062
vn -0.0127 0.9659 0.2585
vn -0.0380 0.9659 0.2560
vn -0.1038 0.7071 0.6995
vn -0.1417 0.2588 0.9555
vn 0.9614 0.2467 0.1221
vn 0.7014 0.6718 0.2382
vn 0.2577 0.9210 0.2921
vn -0.2585 0.9659 -0.0127
vn -0.7062 0.7071 -0.0347
vn -0.9648 0.2588 -0.0474
vn 0.1829 0.1234 -0.9754
vn 0.6022 0.3408 -0.7220
vn 0.8484 0.4604 -0.2613
vn -0.9370 0.2588 0.2347
vn -0.6859 0.7071 0.1718
vn -0.2510 0.9659 0.0629
vn 0.0127 0.9659 -0.2585
vn 0.0347 0.7071 -0.7062
vn 0.0474 0.2588 -0.9648
vn 0.1918 0.9659 -0.1738
vn 0.5239 0.7071 -0.4749
vn 0.7157 0.2588 -0.6487
vn 0.2585 0.9659 0.0127
vn 0.7062 0.7071 0.0347
vn 0.9648 0.2588 0.0474
vn 0.1738 0.9659 0.1918
vn 0.4749 0.7071 0.5239
vn 0.6487 0.2588 0.7157
vn 0.9614 0.2467 -0.1221
vn 0.7014 0.6718 -0.2382
vn 0.2577 0.9210 -0.2921
vn -0.0821 0.9624 -0.2589
vn -0.0347 0.7053 -0.7081
vn 0.0221 0.2578 -0.9659
vn 0.2557 0.4505 0.8554
vn 0.6914 0.3264 0.6446
vn 0.9545 0.1207 0.2728
vn -0.1541 0.1658 -0.9740
vn -0.5219 0.4574 -0.7200
vn -0.7410 0.6187 -0.2610
vn 0.1417 -0.2589 -0.9555
vn 0.1038 -0.7071 -0.6995
vn 0.0380 -0.9659 -0.2560
vn 0.9754 0.1234 0.1829
vn 0.7220 0.3408 0.6022
vn 0.2613 0.4603 0.8484
vn 0.4966 -0.2588 -0.8285
vn 0.3635 -0.7071 -0.6065
vn 0.1331 -0.9659 -0.2220
vn 0.9704 0.2295 -0.0750
vn 0.7146 0.6309 -0.3021
vn 0.2601 0.8568 -0.4452
vn 0.2606 0.7525 -0.6048
vn 0.7175 0.5553 -0.4205
vn 0.9724 0.2016 -0.1177
vn 0.7758 -0.2588 -0.5754
vn 0.5680 -0.7071 -0.4212
vn 0.2079 -0.9659 -0.1542
vn -0.2275 0.0374 0.9731
vn -0.6836 0.0940 0.7238
vn -0.9548 0.1077 0.2771
vn 0.9370 -0.2588 -0.2347
vn 0.6859 -0.7071 -0.1718
vn 0.2511 -0.9659 -0.0629
vn -0.9555 0.2588 -0.1417
vn -0.6995 0.7071 -0.1038
vn -0.2560 0.9659 -0.0380
vn -0.2739 0.9617 0.0074
vn -0.7065 0.7073 0.0230
vn -0.9607 0.2743 0.0417
vn -0.8285 0.2588 -0.4966
vn -0.6065 0.7071 -0.3635
vn -0.2220 0.9659 -0.1331
vn -0.8732 0.2588 -0.4130
vn -0.6392 0.7071 -0.3023
vn -0.2340 0.9659 -0.1107
vn -0.5754 0.2588 -0.7758
vn -0.4212 0.7071 -0.5680
vn -0.1542 0.9659 -0.2079
vn 0.2028 0.0761 -0.9763
vn 0.6577 0.2103 -0.7233
vn 0.9226 0.2837 -0.2615
vn -0.2347 0.2588 -0.9370
vn -0.1718 0.7071 -0.6859
vn -0.0629 0.9659 -0.2511
vn 0.0220 0.9618 -0.2730
vn 0.0522 0.7074 -0.7049
vn 0.0557 0.2742 -0.9601
vn -0.2347 -0.2588 0.9370
vn -0.1718 -0.7071 0.6859
vn -0.0629 -0.9659 0.2511
vn -0.2561 0.6071 0.7523
vn -0.6932 0.4403 0.5706
vn -0.9557 0.1627 0.2452
vn -0.5754 -0.2588 0.7758
vn -0.4212 -0.7071 0.5680
vn -0.1542 -0.9659 0.2079
vn -0.2699 0.1048 -0.9572
vn -0.6894 0.0897 -0.7188
vn -0.9485 0.0363 -0.3147
vn -0.8285 0.2588 0.4966
vn -0.6065 0.7071 0.3635
vn -0.2220 0.9659 0.1331
vn -0.9614 0.2467 -0.1221
vn -0.7014 0.6718 -0.2383
vn -0.2577 0.9210 -0.2921
vn -0.8285 -0.2588 0.4966
vn -0.6065 -0.7071 0.3635
vn -0.2220 -0.9659 0.1331
vn 0.2571 0.8470 -0.4654
vn 0.6983 0.6165 -0.3638
vn 0.9592 0.2269 -0.1684
vn -0.9555 -0.2588 0.1417
vn -0.6995 -0.7071 0.1038
vn -0.2560 -0.9659 0.0380
vn 0.2555 0.2772 0.9262
vn 0.6901 0.2006 0.6953
vn 0.9536 0.0743 0.2918
vn 0.9370 0.2588 0.2347
vn 0.6859 0.7071 0.1718
vn 0.2510 0.9659 0.0629
vn 0.5679 0.7071 0.4212
vn 0.9636 0.2572 -0.0727
vn 0.7047 0.7019 -0.1037
vn 0.2583 0.9601 -0.1073
vn 0.4966 0.2588 0.8285
vn 0.3635 0.7071 0.6065
vn 0.1331 0.9659 0.2220
vn 0.9262 0.2772 0.2554
vn 0.6953 0.2006 0.6901
vn 0.2917 0.0743 0.9536
vn 0.4653 0.8470 0.2571
vn 0.3638 0.6165 0.6983
vn 0.1684 0.2269 0.9593
vn 0.1542 0.9659 -0.2079
vn 0.4212 0.7071 -0.5679
vn 0.5754 0.2588 -0.7758
vn 0.1221 0.2467 0.9614
vn 0.2382 0.6718 0.7014
vn 0.2921 0.9210 0.2577
vn 0.2560 0.9659 -0.0380
vn 0.6995 0.7071 -0.1038
vn 0.9555 0.2588 -0.1417
vn 0.1918 0.9659 0.1738
vn 0.5239 0.7071 0.4749
vn 0.7157 0.2588 0.6487
vn -0.4212 0.7071 -0.5679
vn -0.2079 0.9659 0.1542
vn -0.5680 0.7071 0.4212
vn -0.7758 0.2588 0.5754
vn 0.1038 0.7071 -0.6995
vn 0.5680 0.7071 -0.4212
vn 0.2560 0.9659 0.0380
vn 0.6995 0.7071 0.1038
vn 0.9555 0.2588 0.1417
vn 0.1542 0.9659 0.2079
vn 0.4212 0.7071 0.5680
vn 0.5754 0.2588 0.7758
vn 0.0474 0.2588 0.9648
vn 0.0347 0.7071 0.7062
vn 0.0127 0.9659 0.2585
vn 0.9704 0.2295 0.0750
vn 0.7146 0.6309 0.3021
vn 0.2601 0.8568 0.4452
vn -0.1417 0.2588 -0.9555
vn -0.1038 0.7071 -0.6994
vn -0.0380 0.9659 -0.2560
vn 0.2620 0.0961 -0.9603
vn 0.7240 0.0718 -0.6860
vn 0.9768 0.0255 -0.2127
vn 0.9763 0.0761 -0.2027
vn 0.7233 0.2103 -0.6577
vn 0.2615 0.2837 -0.9225
vn -0.0278 0.2485 0.9682
vn -0.1718 0.6814 0.7114
vn -0.2686 0.9276 0.2595
vn -0.0821 0.9624 0.2589
vn -0.0347 0.7053 0.7081
vn 0.0221 0.2578 0.9659
vn 0.1072 0.9601 0.2583
vn 0.1037 0.7019 0.7047
vn 0.0726 0.2572 0.9636
vn 0.9370 -0.2588 0.2347
vn 0.6859 -0.7071 0.1718
vn 0.2511 -0.9659 0.0629
vn -0.1038 0.7071 0.6994
vn 0.7758 -0.2588 0.5754
vn 0.5680 -0.7071 0.4212
vn 0.2079 -0.9659 0.1542
vn 0.4966 -0.2588 0.8285
vn 0.3635 -0.7071 0.6065
vn 0.1331 -0.9659 0.2220
vn -0.9740 0.1658 0.1542
vn -0.7200 0.4574 0.5219
vn -0.2610 0.6187 0.7410
vn 0.1417 -0.2589 0.9555
vn 0.1038 -0.7071 0.6995
vn 0.0380 -0.9659 0.2560
vn 0.2347 0.2588 -0.9370
vn 0.1718 0.7071 -0.6859
vn 0.0629 0.9659 -0.2511
vn 0.0475 0.2590 0.9647
vn 0.0357 0.7071 0.7062
vn 0.0131 0.9658 0.2591
vn 0.4212 0.7071 -0.5680
vn 0.8285 0.2588 -0.4966
vn 0.6065 0.7071 -0.3635
vn 0.2220 0.9659 -0.1331
vn 0.9532 0.0250 -0.3013
vn 0.6895 0.0684 -0.7211
vn 0.2557 0.0938 -0.9622
vn -0.9095 -0.2588 -0.3254
vn -0.6658 -0.7071 -0.2382
vn -0.2437 -0.9659 -0.0872
vn -0.0127 -0.9659 -0.2585
vn -0.0347 -0.7071 -0.7063
vn -0.0474 -0.2588 -0.9648
vn -0.7157 -0.2588 -0.6487
vn -0.5239 -0.7071 -0.4749
vn -0.1918 -0.9659 -0.1738
vn -0.4130 -0.2588 -0.8732
vn -0.3023 -0.7071 -0.6392
vn -0.1107 -0.9659 -0.2340
vn -0.9768 0.0255 0.2127
vn -0.7240 0.0718 0.6860
vn -0.2620 0.0961 0.9603
vn 0.1738 0.9659 -0.1918
vn 0.4749 0.7071 -0.5239
vn 0.6487 0.2588 -0.7157
vn -0.4966 0.2588 0.8285
vn -0.3635 0.7071 0.6065
vn -0.1331 0.9659 0.2220
vn -0.2511 0.9659 -0.0629
vn -0.6859 0.7071 -0.1718
vn -0.9370 0.2588 -0.2347
vn -0.9682 0.2485 -0.0278
vn -0.7115 0.6814 -0.1718
vn -0.2595 0.9276 -0.2686
vn -0.1331 0.9659 -0.2220
vn -0.3635 0.7071 -0.6065
vn -0.4966 0.2588 -0.8285
vn -0.0629 0.9659 0.2511
vn -0.1718 0.7071 0.6859
vn -0.2347 0.2588 0.9370
vn -0.7523 0.6070 -0.2561
vn -0.5706 0.4403 -0.6932
vn -0.2452 0.1627 -0.9557
vn 0.2511 0.9659 0.0629
vn -0.5679 0.7071 0.4212
vn -0.0750 0.2296 -0.9704
vn -0.3021 0.6309 -0.7146
vn -0.4452 0.8568 -0.2601
vn -0.6048 0.7525 -0.2606
vn -0.4205 0.5553 -0.7175
vn -0.1177 0.2017 -0.9724
vn 0.9682 0.2485 0.0278
vn 0.7115 0.6814 0.1718
vn 0.2595 0.9276 0.2686
vn 0.2347 -0.2588 -0.9370
vn 0.1718 -0.7071 -0.6859
vn 0.0629 -0.9659 -0.2511
vn 0.2739 0.9617 -0.0074
vn 0.7065 0.7073 -0.0230
vn 0.9607 0.2743 -0.0417
vn 0.2589 0.9624 0.0821
vn 0.7081 0.7053 0.0347
vn 0.9659 0.2578 -0.0221
vn 0.5754 -0.2588 -0.7758
vn 0.4212 -0.7071 -0.5680
vn 0.1542 -0.9659 -0.2079
vn 0.2589 0.9624 -0.0821
vn 0.7081 0.7053 -0.0347
vn 0.9659 0.2578 0.0221
vn 0.8285 -0.2588 -0.4966
vn 0.6065 -0.7071 -0.3635
vn 0.2220 -0.9659 -0.1331
vn 0.3254 0.2589 0.9094
vn 0.2382 0.7071 0.6658
vn 0.0872 0.9659 0.2437
vn 0.9555 -0.2588 -0.1417
vn 0.6995 -0.7071 -0.1038
vn 0.2560 -0.9659 -0.0380
vn -0.0474 0.2590 0.9647
vn -0.0342 0.7071 0.7063
vn -0.0125 0.9658 0.2592
vn 0.0750 0.2295 0.9704
vn 0.3021 0.6309 0.7146
vn 0.4452 0.8568 0.2601
vn 0.6048 0.7525 0.2606
vn 0.4205 0.5553 0.7175
vn 0.1177 0.2017 0.9724
vn -0.2510 0.9659 -0.0629
vn -0.9704 0.2295 -0.0750
vn -0.7146 0.6309 -0.3021
vn -0.2601 0.8568 -0.4452
vn -0.7758 0.2588 -0.5754
vn -0.5679 0.7071 -0.4212
vn -0.2079 0.9659 -0.1542
vn -0.9763 0.0761 0.2027
vn -0.7233 0.2103 0.6577
vn -0.2615 0.2837 0.9225
vn 0.0750 0.2295 -0.9704
vn 0.3021 0.6309 -0.7146
vn 0.4452 0.8568 -0.2601
vn -0.2921 0.9210 0.2577
vn -0.2382 0.6718 0.7014
vn -0.1221 0.2467 0.9614
vn 0.2686 0.9276 -0.2595
vn 0.1718 0.6814 -0.7115
vn 0.0278 0.2485 -0.9682
vn -0.9758 -0.1714 -0.1357
vn -0.8986 -0.2631 -0.3512
vn -0.8722 -0.1046 -0.4778
vn -0.3254 -0.2588 0.9095
vn -0.2382 -0.7071 0.6658
vn -0.0872 -0.9659 0.2437
vn -0.2557 0.4505 0.8554
vn -0.6914 0.3264 0.6446
vn -0.9545 0.1207 0.2728
vn -0.6487 -0.2588 0.7157
vn -0.4749 -0.7071 0.5239
vn -0.1738 -0.9659 0.1918
vn -0.8732 -0.2588 0.4130
vn -0.6392 -0.7071 0.3023
vn -0.2340 -0.9659 0.1107
vn -0.9648 -0.2588 0.0474
vn -0.7063 -0.7071 0.0347
vn -0.2585 -0.9659 0.0127
vn 0.2561 0.6071 0.7523
vn 0.6932 0.4403 0.5706
vn 0.9557 0.1627 0.2452
vn 0.9095 0.2588 0.3254
vn 0.6658 0.7071 0.2382
vn 0.2437 0.9659 0.0872
vn 0.2615 0.2837 0.9225
vn 0.7233 0.2103 0.6577
vn 0.9763 0.0761 0.2028
vn -0.8554 0.4505 -0.2557
vn -0.6446 0.3264 -0.6914
vn -0.2728 0.1207 -0.9545
vn 0.4130 0.2588 0.8732
vn 0.3023 0.7071 0.6392
vn 0.1107 0.9659 0.2340
vn 0.9572 0.1048 -0.2699
vn 0.7188 0.0898 -0.6894
vn 0.3147 0.0364 -0.9485
vn 0.4653 0.8470 -0.2571
vn 0.3638 0.6165 -0.6983
vn 0.1684 0.2269 -0.9593
vn 0.2100 0.1985 -0.9573
vn 0.4759 0.5383 -0.6955
vn 0.6207 0.7409 -0.2565
vn 0.4212 0.7071 0.5679
vn -0.2437 0.9659 -0.0872
vn -0.6658 0.7071 -0.2382
vn -0.9095 0.2588 -0.3254
vn -0.1107 0.9659 -0.2340
vn -0.3023 0.7071 -0.6392
vn -0.4130 0.2588 -0.8732
vn -0.0872 0.9659 0.2437
vn -0.2382 0.7071 0.6658
vn -0.3254 0.2588 0.9095
vn -0.2340 0.9659 0.1107
vn -0.6392 0.7071 0.3023
vn -0.8732 0.2588 0.4130
vn 0.0872 0.9659 -0.2437
vn 0.2382 0.7071 -0.6658
vn 0.3254 0.2588 -0.9095
vn 0.2340 0.9659 -0.1107
vn 0.6392 0.7071 -0.3023
vn 0.8732 0.2588 -0.4130
vn -0.0278 0.2485 -0.9682
vn -0.1718 0.6814 -0.7114
vn -0.2686 0.9276 -0.2595
vn 0.9740 0.1658 0.1542
vn 0.7200 0.4574 0.5219
vn 0.2610 0.6187 0.7410
vn 0.2728 0.1208 -0.9545
vn 0.6446 0.3264 -0.6914
vn 0.8554 0.4505 -0.2557
vn 0.2613 0.4603 -0.8484
vn 0.7220 0.3408 -0.6022
vn 0.9754 0.1234 -0.1829
vn 0.9740 0.1658 -0.1542
vn 0.7200 0.4574 -0.5219
vn 0.2610 0.6187 -0.7410
vn -0.1177 0.2017 0.9724
vn -0.4205 0.5553 0.7175
vn -0.6048 0.7525 0.2606
vn -0.2571 0.8470 -0.4653
vn -0.6983 0.6165 -0.3638
vn -0.9592 0.2269 -0.1684
vn 0.9603 0.0962 0.2620
vn 0.6860 0.0719 0.7240
vn 0.2127 0.0256 0.9768
vn 0.2028 0.0760 0.9763
vn 0.6577 0.2103 0.7233
vn 0.9226 0.2837 0.2615
vn 0.9095 -0.2588 0.3254
vn 0.6658 -0.7071 0.2382
vn 0.2437 -0.9659 0.0872
vn -0.2771 0.1077 -0.9548
vn -0.7238 0.0940 -0.6836
vn -0.9731 0.0374 -0.2275
vn 0.7157 -0.2588 0.6487
vn 0.5239 -0.7071 0.4749
vn 0.1918 -0.9659 0.1738
vn 0.4130 -0.2588 0.8732
vn 0.3023 -0.7071 0.6392
vn 0.1107 -0.9659 0.2340
vn 0.0474 -0.2588 0.9648
vn 0.0347 -0.7071 0.7063
vn 0.0127 -0.9659 0.2585
vn 0.0420 -0.2587 0.9650
vn 0.0078 -0.7062 0.7080
vn -0.0102 -0.9654 0.2604
vn -0.0010 0.9643 -0.2646
vn -0.0020 0.7410 -0.6715
vn -0.0010 0.3581 -0.9337
vn 0.3254 0.2589 -0.9095
vn 0.6487 0.2589 -0.7157
vn -0.9636 0.2571 -0.0727
vn -0.7047 0.7019 -0.1038
vn -0.2583 0.9601 -0.1073
vn 0.9557 0.1627 -0.2452
vn 0.6932 0.4403 -0.5706
vn 0.2561 0.6071 -0.7523
vn -0.8732 -0.2588 -0.4130
vn -0.6392 -0.7071 -0.3023
vn -0.2340 -0.9659 -0.1107
vn -0.6487 -0.2588 -0.7157
vn -0.4749 -0.7071 -0.5239
vn -0.1738 -0.9659 -0.1918
vn -0.0727 0.2572 -0.9636
vn -0.1038 0.7019 -0.7047
vn -0.1073 0.9601 -0.2583
vn -0.3254 -0.2588 -0.9095
vn -0.2382 -0.7071 -0.6658
vn -0.0872 -0.9659 -0.2437
vn 0.0727 0.2572 -0.9636
vn 0.1038 0.7019 -0.7047
vn 0.1073 0.9601 -0.2583
vn 0.8554 0.4505 0.2557
vn 0.6446 0.3264 0.6914
vn 0.2728 0.1207 0.9545
vn 0.3013 0.0250 0.9532
vn 0.7211 0.0684 0.6895
vn 0.9622 0.0938 0.2557
vn 0.2452 0.1627 0.9557
vn 0.5706 0.4403 0.6932
vn 0.7523 0.6070 0.2561
vn 0.1073 0.9601 0.2583
vn 0.1038 0.7019 0.7047
vn 0.0727 0.2572 0.9636
vn -0.2613 0.4603 0.8484
vn -0.7220 0.3408 0.6022
vn -0.9754 0.1234 0.1829
vn 0.0726 0.2572 -0.9636
vn 0.1037 0.7019 -0.7047
vn 0.1072 0.9601 -0.2583
vn -0.5754 0.2588 0.7758
vn -0.4212 0.7071 0.5680
vn -0.1542 0.9659 0.2079
vn -0.0872 0.9659 -0.2437
vn -0.2382 0.7071 -0.6658
vn -0.3254 0.2588 -0.9095
vn -0.6207 0.7409 -0.2565
vn -0.4759 0.5383 -0.6955
vn -0.2100 0.1985 -0.9573
vn 0.2437 0.9659 -0.0872
vn 0.6658 0.7071 -0.2382
vn 0.9095 0.2588 -0.3254
vn 0.2340 0.9659 0.1107
vn 0.6392 0.7071 0.3023
vn 0.8732 0.2588 0.4130
vn -0.9370 -0.2588 -0.2347
vn -0.6859 -0.7071 -0.1718
vn -0.2511 -0.9659 -0.0629
vn 0.3254 0.2588 0.9095
vn 0.0473 0.2590 -0.9647
vn 0.0337 0.7071 -0.7063
vn 0.0123 0.9658 -0.2592
vn 0.1177 0.2016 -0.9724
vn 0.4205 0.5553 -0.7175
vn 0.6048 0.7525 -0.2606
vn 0.9724 0.2016 0.1177
vn 0.7175 0.5553 0.4205
vn 0.2606 0.7525 0.6048
vn 0.3254 -0.2588 -0.9095
vn 0.2382 -0.7071 -0.6658
vn 0.0872 -0.9659 -0.2437
vn 0.6487 -0.2588 -0.7157
vn 0.4749 -0.7071 -0.5239
vn 0.1738 -0.9659 -0.1918
vn -0.0750 0.2296 0.9704
vn -0.3021 0.6309 0.7146
vn -0.4452 0.8568 0.2601
vn 0.8732 -0.2588 -0.4130
vn 0.6392 -0.7071 -0.3023
vn 0.2340 -0.9659 -0.1107
vn -0.9337 0.3580 0.0010
vn -0.6716 0.7409 0.0020
vn -0.2647 0.9643 0.0010
vn 0.9648 -0.2588 -0.0474
vn 0.7063 -0.7071 -0.0347
vn 0.2585 -0.9659 -0.0127
vn 0.0821 0.9624 0.2589
vn 0.0347 0.7053 0.7081
vn -0.0221 0.2578 0.9659
vn -0.7157 0.2588 -0.6487
vn -0.5239 0.7071 -0.4749
vn -0.1918 0.9659 -0.1738
vn -0.9724 0.2016 -0.1177
vn -0.7175 0.5553 -0.4205
vn -0.2606 0.7525 -0.6048
vn -0.0010 0.3580 -0.9337
vn -0.0020 0.7409 -0.6716
vn -0.0010 0.9643 -0.2647
vn 0.9647 0.2590 -0.0476
vn 0.7061 0.7072 -0.0368
vn 0.2591 0.9658 -0.0135
vn -0.4130 -0.2588 0.8732
vn -0.3023 -0.7071 0.6392
vn -0.1107 -0.9659 0.2340
vn -0.9636 0.2572 0.0727
vn -0.7047 0.7019 0.1037
vn -0.2583 0.9601 0.1073
vn -0.7157 -0.2588 0.6487
vn -0.5239 -0.7071 0.4749
vn -0.1918 -0.9659 0.1738
vn -0.2918 0.0743 0.9536
vn -0.6953 0.2006 0.6901
vn -0.9262 0.2772 0.2554
vn -0.9095 -0.2588 0.3254
vn -0.6658 -0.7071 0.2382
vn -0.2437 -0.9659 0.0872
vn 0.9636 0.2571 0.0727
vn 0.7047 0.7019 0.1038
vn 0.2583 0.9601 0.1073
vn -0.9648 -0.2588 -0.0474
vn -0.7063 -0.7071 -0.0347
vn -0.2585 -0.9659 -0.0127
vn 0.2699 0.1048 0.9572
vn 0.6894 0.0898 0.7188
vn 0.9485 0.0363 0.3147
vn -0.0220 0.2578 0.9659
vn -0.0727 0.2572 0.9636
vn -0.1038 0.7019 0.7047
vn -0.1073 0.9601 0.2583
vn 0.6487 0.2589 0.7157
vn -0.0220 0.2578 -0.9660
vn -0.9555 0.2588 0.1417
vn -0.6995 0.7071 0.1038
vn -0.2560 0.9659 0.0380
vn -0.2511 0.9659 0.0629
vn -0.3254 0.2589 -0.9094
vn 0.2220 0.9659 0.1331
vn 0.6065 0.7071 0.3635
vn 0.8285 0.2588 0.4966
vn 0.0629 0.9659 0.2511
vn 0.1718 0.7071 0.6859
vn 0.2347 0.2588 0.9370
vn -0.2127 0.0255 -0.9768
vn -0.6860 0.0719 -0.7240
vn -0.9603 0.0961 -0.2620
vn -0.3254 0.2589 0.9095
vn -0.6487 0.2589 0.7157
vn 0.2595 0.9276 -0.2686
vn 0.7115 0.6814 -0.1718
vn 0.9682 0.2485 -0.0278
vn -0.2027 0.0761 0.9763
vn -0.6577 0.2103 0.7233
vn -0.9226 0.2837 0.2615
vn -0.8484 0.4603 0.2613
vn -0.6022 0.3408 0.7220
vn -0.1829 0.1234 0.9754
vn 0.8484 0.4604 0.2613
vn 0.6022 0.3408 0.7220
vn 0.1829 0.1234 0.9754
vn 0.1542 0.1658 0.9740
vn 0.5219 0.4573 0.7200
vn 0.7410 0.6187 0.2610
vn 0.8732 -0.2588 0.4130
vn 0.6392 -0.7071 0.3023
vn 0.2340 -0.9659 0.1107
vn 0.6487 -0.2588 0.7157
vn 0.4749 -0.7071 0.5239
vn 0.1738 -0.9659 0.1918
vn -0.2606 0.7525 0.6048
vn -0.7175 0.5553 0.4205
vn -0.9724 0.2016 0.1177
vn -0.0090 0.9617 -0.2738
vn -0.0260 0.7073 -0.7065
vn -0.0430 0.2742 -0.9607
vn -0.2561 0.6071 -0.7523
vn -0.6932 0.4403 -0.5706
vn -0.9557 0.1627 -0.2452
vn 0.3254 -0.2588 0.9095
vn 0.2382 -0.7071 0.6658
vn 0.0872 -0.9659 0.2437
vn 0.7410 0.6187 -0.2610
vn 0.5219 0.4573 -0.7200
vn 0.1542 0.1658 -0.9740
vn -0.0474 -0.2588 0.9648
vn -0.0347 -0.7071 0.7063
vn -0.0127 -0.9659 0.2585
vn 0.2722 0.9618 0.0305
vn 0.7032 0.7075 0.0699
vn 0.9595 0.2743 0.0644
vn -0.2589 0.9624 0.0821
vn -0.7081 0.7053 0.0347
vn -0.9660 0.2578 -0.0221
vn -0.9532 0.0250 0.3012
vn -0.6895 0.0684 0.7211
vn -0.2557 0.0938 0.9622
vn -0.2557 0.4505 -0.8554
vn -0.6914 0.3264 -0.6446
vn -0.9545 0.1207 -0.2728
vn -0.9555 -0.2588 -0.1417
vn -0.6995 -0.7071 -0.1038
vn -0.2560 -0.9659 -0.0380
vn -0.8285 -0.2588 -0.4966
vn -0.6065 -0.7071 -0.3635
vn -0.2220 -0.9659 -0.1331
vn -0.5754 -0.2588 -0.7758
vn -0.4212 -0.7071 -0.5680
vn -0.1542 -0.9659 -0.2079
vn -0.2347 -0.2588 -0.9370
vn -0.1718 -0.7071 -0.6859
vn -0.0629 -0.9659 -0.2511
vn 0.7523 0.6070 -0.2561
vn 0.5706 0.4403 -0.6932
vn 0.2452 0.1627 -0.9557
vn 0.9647 0.2590 0.0473
vn 0.7063 0.7071 0.0340
vn 0.2592 0.9658 0.0125
vn -0.5680 0.7071 -0.4212
vn -0.1038 0.7071 -0.6995
vn 0.2565 0.7409 -0.6207
vn 0.6955 0.5383 -0.4759
vn 0.9573 0.1985 -0.2100
vn 0.1038 0.7071 0.6995
vn -0.9226 0.2838 -0.2615
vn -0.6577 0.2103 -0.7233
vn -0.2027 0.0761 -0.9763
vn -0.1829 0.1234 -0.9754
vn -0.6022 0.3408 -0.7220
vn -0.8484 0.4603 -0.2613
vn 0.9731 0.0374 0.2275
vn 0.7238 0.0940 0.6836
vn 0.2771 0.1077 0.9548
vn 0.4130 -0.2588 -0.8732
vn 0.3023 -0.7071 -0.6392
vn 0.1107 -0.9659 -0.2340
vn 0.7157 -0.2588 -0.6487
vn 0.5239 -0.7071 -0.4749
vn 0.1918 -0.9659 -0.1738
vn 0.9095 -0.2588 -0.3254
vn 0.6658 -0.7071 -0.2382
vn 0.2437 -0.9659 -0.0872
vn -0.1541 0.1658 0.9740
vn -0.5219 0.4574 0.7200
vn -0.7410 0.6187 0.2610
vn 0.9648 -0.2588 0.0474
vn 0.7063 -0.7071 0.0347
vn 0.2585 -0.9659 0.0127
vn -0.9754 0.1234 -0.1829
vn -0.7220 0.3408 -0.6022
vn -0.2613 0.4603 -0.8484
vn -0.2610 0.6187 -0.7410
vn -0.7200 0.4574 -0.5219
vn -0.9740 0.1658 -0.1542
vn -0.2595 0.9276 0.2686
vn -0.7115 0.6814 0.1718
vn -0.9682 0.2485 0.0278
vn -0.6487 0.2589 -0.7157
vn 0.9548 0.1077 -0.2771
vn 0.6836 0.0939 -0.7238
vn 0.2275 0.0374 -0.9731
vn -0.9647 0.2590 0.0476
vn -0.7061 0.7072 0.0368
vn -0.2591 0.9658 0.0135
vn -0.1417 -0.2589 0.9555
vn -0.1038 -0.7071 0.6995
vn -0.0380 -0.9659 0.2560
vn 0.9337 0.3580 -0.0010
vn 0.6716 0.7409 -0.0020
vn 0.2647 0.9643 -0.0010
vn 0.2646 0.9643 -0.0010
vn 0.6715 0.7410 -0.0020
vn 0.9337 0.3581 -0.0010
vn -0.2571 0.8470 0.4654
vn -0.6983 0.6165 0.3638
vn -0.9592 0.2269 0.1684
vn -0.4966 -0.2588 0.8285
vn -0.3635 -0.7071 0.6065
vn -0.1331 -0.9659 0.2220
vn -0.9614 0.2467 0.1221
vn -0.7014 0.6718 0.2382
vn -0.2577 0.9210 0.2921
vn -0.2554 0.2772 -0.9262
vn -0.6901 0.2006 -0.6953
vn -0.9536 0.0743 -0.2918
vn -0.7758 -0.2588 0.5754
vn -0.5680 -0.7071 0.4212
vn -0.2079 -0.9659 0.1542
vn 0.2554 0.2772 -0.9262
vn 0.6901 0.2006 -0.6953
vn 0.9536 0.0743 -0.2918
vn -0.9370 -0.2588 0.2347
vn -0.6859 -0.7071 0.1718
vn -0.2511 -0.9659 0.0629
vn 0.2571 0.8470 0.4654
vn 0.6983 0.6165 0.3638
vn 0.9592 0.2269 0.1684
vn 0.9573 0.1985 0.2100
vn 0.6955 0.5383 0.4759
vn 0.2565 0.7409 0.6207
vn -0.4653 0.8470 0.2571
vn -0.3638 0.6165 0.6983
vn -0.1684 0.2269 0.9592
vn -0.9572 0.1048 0.2699
vn -0.7188 0.0898 0.6894
vn -0.3148 0.0363 0.9485
vn -0.2100 0.1985 0.9573
vn -0.4759 0.5383 0.6955
vn -0.6207 0.7409 0.2565
vn 0.0010 0.9643 0.2646
vn 0.0020 0.7410 0.6715
vn 0.0010 0.3581 0.9337
vn -0.4653 0.8470 -0.2571
vn -0.3638 0.6165 -0.6983
vn -0.1684 0.2269 -0.9592
vn -0.7523 0.6070 0.2561
vn -0.5706 0.4403 0.6932
vn -0.2452 0.1627 0.9557
vn 0.9262 0.2772 -0.2554
vn 0.6953 0.2006 -0.6901
vn 0.2917 0.0743 -0.9536
vn -0.4212 0.7071 0.5679
vn -0.2585 0.9659 0.0127
vn -0.7062 0.7071 0.0347
vn -0.9648 0.2588 0.0474
vn -0.0127 0.9659 -0.2585
vn -0.0347 0.7071 -0.7062
vn -0.0474 0.2588 -0.9648
vn 0.2585 0.9659 -0.0127
vn 0.7062 0.7071 -0.0347
vn 0.9648 0.2588 -0.0474
vn -0.9763 0.0761 -0.2027
vn -0.7233 0.2103 -0.6577
vn -0.2615 0.2837 -0.9225
vn -0.0000 -1.0000 -0.0000
vt 0.000000 0.916491
vt 0.000000 0.506300
vt 0.015625 0.506300
vt 0.015625 0.993700
vt 0.013621 0.993700
vt 0.013537 0.988364
vt 0.012723 0.971543
vt 0.011403 0.956040
vt 0.009625 0.942453
vt 0.007459 0.931303
vt 0.004988 0.923018
vt 0.002307 0.917917
vt 0.293696 0.469677
vt 0.271954 0.472902
vt 0.315018 0.464336
vt 0.335714 0.456931
vt 0.355584 0.447533
vt 0.355584 0.447533
vt 0.356297 0.448869
vt 0.375278 0.437492
vt 0.382496 0.448294
vt 0.362422 0.460326
vt 0.393052 0.424310
vt 0.401294 0.434352
vt 0.408378 0.408378
vt 0.392092 0.423139
vt 0.423139 0.392092
vt 0.424310 0.393052
vt 0.437492 0.375278
vt 0.448294 0.382496
vt 0.434352 0.401294
vt 0.447533 0.355584
vt 0.436233 0.374437
vt 0.448868 0.356297
vt 0.458330 0.336293
vt 0.470332 0.341265
vt 0.460326 0.362422
vt 0.464336 0.315018
vt 0.456931 0.335714
vt 0.469677 0.293696
vt 0.471162 0.293992
vt 0.474409 0.272102
vt 0.487338 0.273376
vt 0.483904 0.296526
vt 0.472902 0.271954
vt 0.473981 0.250000
vt 0.473774 0.254197
vt 0.473576 0.258234
vt 0.473393 0.261954
vt 0.473233 0.265215
vt 0.473102 0.267891
vt 0.473004 0.269879
vt 0.472944 0.271104
vt 0.472938 0.271230
vt 0.734375 0.506300
vt 0.734375 0.993700
vt 0.718750 0.993700
vt 0.718750 0.506300
vt 0.472902 0.228046
vt 0.472938 0.228770
vt 0.472944 0.228896
vt 0.473004 0.230121
vt 0.473102 0.232109
vt 0.473233 0.234785
vt 0.473393 0.238046
vt 0.473576 0.241766
vt 0.473774 0.245802
vt 0.471162 0.206008
vt 0.465785 0.184542
vt 0.478217 0.180771
vt 0.483904 0.203474
vt 0.456931 0.164286
vt 0.464336 0.184982
vt 0.447533 0.144416
vt 0.436233 0.125563
vt 0.423139 0.107908
vt 0.423139 0.107908
vt 0.408378 0.091622
vt 0.392092 0.076861
vt 0.374437 0.063767
vt 0.355584 0.052467
vt 0.335714 0.043069
vt 0.315018 0.035664
vt 0.293696 0.030323
vt 0.271954 0.027098
vt 0.250000 0.026019
vt 0.250000 0.026019
vt 0.250724 0.026055
vt 0.254921 0.026261
vt 0.258957 0.026459
vt 0.262677 0.026642
vt 0.265938 0.026802
vt 0.268614 0.026934
vt 0.270603 0.027031
vt 0.271828 0.027092
vt 0.484375 0.506300
vt 0.484375 0.993700
vt 0.468750 0.993700
vt 0.468750 0.506300
vt 0.206303 0.030323
vt 0.228046 0.027098
vt 0.184982 0.035664
vt 0.164286 0.043069
vt 0.144416 0.052467
vt 0.125563 0.063767
vt 0.107908 0.076861
vt 0.107908 0.076861
vt 0.106948 0.075690
vt 0.090551 0.090551
vt 0.081365 0.081365
vt 0.098706 0.065648
vt 0.076861 0.107908
vt 0.091622 0.091622
vt 0.076861 0.107908
vt 0.063767 0.125563
vt 0.052467 0.144416
vt 0.043069 0.164286
vt 0.035664 0.184982
vt 0.030323 0.206303
vt 0.030323 0.206303
vt 0.027098 0.228046
vt 0.012662 0.226624
vt 0.025591 0.227897
vt 0.025555 0.228626
vt 0.012564 0.228626
vt 0.234375 0.506300
vt 0.234375 0.993700
vt 0.218750 0.993700
vt 0.218750 0.506300
vt 0.026019 0.250000
vt 0.026019 0.250000
vt 0.027098 0.271954
vt 0.027062 0.271230
vt 0.027056 0.271104
vt 0.026996 0.269879
vt 0.026898 0.267891
vt 0.026767 0.265214
vt 0.026607 0.261954
vt 0.026424 0.258234
vt 0.026225 0.254197
vt 0.035664 0.315018
vt 0.030323 0.293696
vt 0.030323 0.293696
vt 0.043069 0.335713
vt 0.052467 0.355584
vt 0.063767 0.374437
vt 0.076861 0.392092
vt 0.091622 0.408378
vt 0.107908 0.423139
vt 0.125563 0.436233
vt 0.144416 0.447533
vt 0.164286 0.456931
vt 0.184982 0.464336
vt 0.206303 0.469676
vt 0.375000 0.506300
vt 0.375000 0.993700
vt 0.359375 0.993700
vt 0.359375 0.506300
vt 0.228046 0.472902
vt 0.984375 0.506300
vt 0.984375 0.993700
vt 0.968750 0.993700
vt 0.968750 0.506300
vt 0.985418 0.993699
vt 0.984375 0.993700
vt 1.000000 0.506300
vt 1.000000 0.916491
vt 0.999519 0.916194
vt 0.996731 0.917916
vt 0.994050 0.923018
vt 0.991579 0.931303
vt 0.989414 0.942453
vt 0.987636 0.956041
vt 0.986315 0.971543
vt 0.985502 0.988364
vt 0.272102 0.474409
vt 0.293992 0.471162
vt 0.296526 0.483904
vt 0.273376 0.487338
vt 0.968750 0.993700
vt 0.953125 0.993700
vt 0.953125 0.506300
vt 0.953125 0.506300
vt 0.953125 0.993700
vt 0.937500 0.993700
vt 0.937500 0.506300
vt 0.937500 0.506300
vt 0.937500 0.993700
vt 0.921875 0.993700
vt 0.921875 0.506300
vt 0.921875 0.993700
vt 0.906250 0.993700
vt 0.906250 0.506300
vt 0.374437 0.436233
vt 0.875000 0.506300
vt 0.875000 0.993700
vt 0.859375 0.993700
vt 0.859375 0.506300
vt 0.859375 0.993700
vt 0.843750 0.993700
vt 0.843750 0.506300
vt 0.828125 0.506300
vt 0.828125 0.993700
vt 0.812500 0.993700
vt 0.812500 0.506300
vt 0.796875 0.506300
vt 0.796875 0.993700
vt 0.781250 0.993700
vt 0.781250 0.506300
vt 0.781250 0.993700
vt 0.765625 0.993700
vt 0.765625 0.506300
vt 0.735899 0.993699
vt 0.734375 0.993700
vt 0.750000 0.506300
vt 0.750000 0.916194
vt 0.747212 0.917916
vt 0.744531 0.923018
vt 0.742060 0.931303
vt 0.739894 0.942453
vt 0.738117 0.956040
vt 0.736796 0.971543
vt 0.735982 0.988364
vt 0.469677 0.206304
vt 0.474445 0.228626
vt 0.474409 0.227898
vt 0.487338 0.226624
vt 0.487436 0.228626
vt 0.687500 0.506300
vt 0.687500 0.993700
vt 0.671875 0.993700
vt 0.671875 0.506300
vt 0.671875 0.993700
vt 0.656250 0.993700
vt 0.656250 0.506300
vt 0.656250 0.993700
vt 0.640625 0.993700
vt 0.640625 0.506300
vt 0.640625 0.993700
vt 0.625000 0.993700
vt 0.625000 0.506300
vt 0.625000 0.506300
vt 0.625000 0.993700
vt 0.609375 0.993700
vt 0.609375 0.506300
vt 0.609375 0.993700
vt 0.593750 0.993700
vt 0.593750 0.506300
vt 0.593750 0.993700
vt 0.578125 0.993700
vt 0.578125 0.506300
vt 0.578125 0.993700
vt 0.562500 0.993700
vt 0.562500 0.506300
vt 0.562500 0.506300
vt 0.562500 0.993700
vt 0.546875 0.993700
vt 0.546875 0.506300
vt 0.546875 0.993700
vt 0.531250 0.993700
vt 0.531250 0.506300
vt 0.531250 0.993700
vt 0.515625 0.993700
vt 0.515625 0.506300
vt 0.500000 0.916491
vt 0.500000 0.506300
vt 0.515625 0.993700
vt 0.514582 0.993700
vt 0.514498 0.988364
vt 0.513685 0.971543
vt 0.512364 0.956040
vt 0.510587 0.942453
vt 0.508421 0.931303
vt 0.505950 0.923018
vt 0.503269 0.917917
vt 0.500481 0.916194
vt 0.486379 0.993699
vt 0.484375 0.993700
vt 0.500000 0.506300
vt 0.497693 0.917917
vt 0.495012 0.923018
vt 0.492541 0.931303
vt 0.490375 0.942453
vt 0.488597 0.956041
vt 0.487277 0.971542
vt 0.486463 0.988364
vt 0.229493 0.027027
vt 0.229620 0.027021
vt 0.230844 0.026960
vt 0.232833 0.026863
vt 0.235509 0.026731
vt 0.238770 0.026571
vt 0.242490 0.026388
vt 0.246526 0.026190
vt 0.229350 0.025520
vt 0.227898 0.025591
vt 0.226624 0.012662
vt 0.229350 0.012528
vt 0.453125 0.506300
vt 0.453125 0.993700
vt 0.437500 0.993700
vt 0.437500 0.506300
vt 0.437500 0.506300
vt 0.437500 0.993700
vt 0.421875 0.993700
vt 0.421875 0.506300
vt 0.421875 0.993700
vt 0.406250 0.993700
vt 0.406250 0.506300
vt 0.406250 0.506300
vt 0.406250 0.993700
vt 0.390625 0.993700
vt 0.390625 0.506300
vt 0.390625 0.993700
vt 0.375000 0.993700
vt 0.375000 0.506300
vt 0.359375 0.993700
vt 0.343750 0.993700
vt 0.343750 0.506300
vt 0.343750 0.506300
vt 0.343750 0.993700
vt 0.328125 0.993700
vt 0.328125 0.506300
vt 0.328125 0.993700
vt 0.312500 0.993700
vt 0.312500 0.506300
vt 0.312500 0.506300
vt 0.312500 0.993700
vt 0.296875 0.993700
vt 0.296875 0.506300
vt 0.296875 0.993700
vt 0.281250 0.993700
vt 0.281250 0.506300
vt 0.281250 0.506300
vt 0.281250 0.993700
vt 0.265625 0.993700
vt 0.265625 0.506300
vt 0.250000 0.506300
vt 0.265625 0.993700
vt 0.264101 0.993700
vt 0.264018 0.988364
vt 0.263204 0.971543
vt 0.261883 0.956041
vt 0.260106 0.942453
vt 0.257940 0.931303
vt 0.255469 0.923018
vt 0.252788 0.917917
vt 0.250000 0.916194
vt 0.027062 0.228770
vt 0.026019 0.250000
vt 0.026225 0.245802
vt 0.026424 0.241766
vt 0.026607 0.238046
vt 0.026767 0.234785
vt 0.026898 0.232109
vt 0.026996 0.230120
vt 0.027056 0.228896
vt 0.025555 0.271373
vt 0.025591 0.272102
vt 0.012662 0.273376
vt 0.012564 0.271374
vt 0.203125 0.506300
vt 0.203125 0.993700
vt 0.187500 0.993700
vt 0.187500 0.506300
vt 0.187500 0.506300
vt 0.187500 0.993700
vt 0.171875 0.993700
vt 0.171875 0.506300
vt 0.171875 0.506300
vt 0.171875 0.993700
vt 0.156250 0.993700
vt 0.156250 0.506300
vt 0.156250 0.506300
vt 0.156250 0.993700
vt 0.140625 0.993700
vt 0.140625 0.506300
vt 0.140625 0.506300
vt 0.140625 0.993700
vt 0.125000 0.993700
vt 0.125000 0.506300
vt 0.125000 0.993700
vt 0.109375 0.993700
vt 0.109375 0.506300
vt 0.109375 0.506300
vt 0.109375 0.993700
vt 0.093750 0.993700
vt 0.093750 0.506300
vt 0.093750 0.506300
vt 0.093750 0.993700
vt 0.078125 0.993700
vt 0.078125 0.506300
vt 0.078125 0.506300
vt 0.078125 0.993700
vt 0.062500 0.993700
vt 0.062500 0.506300
vt 0.062500 0.993700
vt 0.046875 0.993700
vt 0.046875 0.506300
vt 0.046875 0.506300
vt 0.046875 0.993700
vt 0.031250 0.993700
vt 0.031250 0.506300
vt 0.031250 0.993700
vt 0.015625 0.993700
vt 0.229493 0.472973
vt 0.250000 0.473980
vt 0.246526 0.473810
vt 0.242490 0.473611
vt 0.238770 0.473429
vt 0.235509 0.473268
vt 0.232833 0.473137
vt 0.230844 0.473039
vt 0.229619 0.472979
vt 0.455532 0.335134
vt 0.446198 0.354870
vt 0.434974 0.373596
vt 0.421969 0.391131
vt 0.407308 0.407308
vt 0.391131 0.421969
vt 0.373596 0.434974
vt 0.354870 0.446198
vt 0.335134 0.455532
vt 0.314579 0.462887
vt 0.293401 0.468192
vt 0.271805 0.471395
vt 0.250000 0.472466
vt 0.228194 0.471395
vt 0.206598 0.468191
vt 0.185421 0.462887
vt 0.164865 0.455532
vt 0.145130 0.446198
vt 0.126404 0.434974
vt 0.108868 0.421969
vt 0.092692 0.407307
vt 0.078031 0.391131
vt 0.065026 0.373596
vt 0.053802 0.354870
vt 0.044467 0.335134
vt 0.037113 0.314578
vt 0.031808 0.293401
vt 0.028604 0.271805
vt 0.027533 0.250000
vt 0.028604 0.228194
vt 0.031808 0.206599
vt 0.037113 0.185421
vt 0.044467 0.164866
vt 0.053802 0.145130
vt 0.065026 0.126404
vt 0.078031 0.108868
vt 0.092692 0.092692
vt 0.108868 0.078031
vt 0.126404 0.065026
vt 0.145130 0.053802
vt 0.164866 0.044467
vt 0.185421 0.037113
vt 0.206599 0.031808
vt 0.228194 0.028604
vt 0.250000 0.027533
vt 0.271805 0.028604
vt 0.293401 0.031808
vt 0.314579 0.037113
vt 0.335134 0.044467
vt 0.354870 0.053802
vt 0.373596 0.065026
vt 0.391131 0.078031
vt 0.407308 0.092692
vt 0.421969 0.108869
vt 0.434974 0.126404
vt 0.446198 0.145130
vt 0.455533 0.164866
vt 0.462887 0.185421
vt 0.468192 0.206599
vt 0.471395 0.228194
vt 0.472467 0.250000
vt 0.471395 0.271805
vt 0.468192 0.293401
vt 0.462887 0.314579
vt 0.750000 0.705119
vt 0.750000 0.786322
vt 0.750000 0.787519
vt 0.750000 0.706317
vt 0.465785 0.315458
vt 0.471162 0.293992
vt 0.483904 0.296526
vt 0.478217 0.319229
vt 0.090551 0.090551
vt 0.075690 0.106948
vt 0.065648 0.098706
vt 0.750000 0.916194
vt 0.750000 0.506300
vt 0.765625 0.506300
vt 0.765625 0.993700
vt 0.764101 0.993699
vt 0.764018 0.988364
vt 0.763204 0.971543
vt 0.761883 0.956041
vt 0.760106 0.942453
vt 0.757940 0.931303
vt 0.755469 0.923018
vt 0.752788 0.917916
vt 0.075690 0.106948
vt 0.062508 0.124722
vt 0.051706 0.117504
vt 0.487436 0.271374
vt 0.474445 0.271374
vt 0.062508 0.124722
vt 0.051131 0.143702
vt 0.039674 0.137578
vt 0.051706 0.117504
vt 0.471162 0.206008
vt 0.483904 0.203474
vt 0.487338 0.226624
vt 0.041670 0.163707
vt 0.029668 0.158735
vt 0.718750 0.993700
vt 0.703125 0.993700
vt 0.703125 0.506300
vt 0.034215 0.184542
vt 0.021783 0.180771
vt 0.029668 0.158735
vt 0.703125 0.993700
vt 0.687500 0.993700
vt 0.687500 0.506300
vt 0.028838 0.206008
vt 0.016096 0.203474
vt 0.021783 0.180771
vt 0.458330 0.163707
vt 0.470332 0.158735
vt 0.478217 0.180771
vt 0.028838 0.206008
vt 0.016096 0.203474
vt 0.448868 0.143703
vt 0.460326 0.137578
vt 0.235899 0.993700
vt 0.234375 0.993700
vt 0.250000 0.506300
vt 0.250000 0.916194
vt 0.247212 0.917917
vt 0.244531 0.923018
vt 0.242060 0.931303
vt 0.239894 0.942453
vt 0.238117 0.956041
vt 0.236796 0.971543
vt 0.235982 0.988364
vt 0.448868 0.143703
vt 0.437492 0.124722
vt 0.448294 0.117504
vt 0.460326 0.137578
vt 0.028838 0.293992
vt 0.016096 0.296526
vt 0.012662 0.273376
vt 0.437492 0.124722
vt 0.424310 0.106948
vt 0.434352 0.098706
vt 0.448294 0.117504
vt 0.218750 0.993700
vt 0.203125 0.993700
vt 0.203125 0.506300
vt 0.424310 0.106948
vt 0.409449 0.090551
vt 0.418635 0.081365
vt 0.034215 0.315457
vt 0.021783 0.319229
vt 0.409449 0.090551
vt 0.393052 0.075690
vt 0.401294 0.065648
vt 0.418635 0.081365
vt 0.034215 0.315457
vt 0.041670 0.336293
vt 0.029668 0.341265
vt 0.021783 0.319229
vt 0.393052 0.075690
vt 0.375278 0.062508
vt 0.382496 0.051706
vt 0.041670 0.336293
vt 0.051131 0.356297
vt 0.039674 0.362422
vt 0.029668 0.341265
vt 0.375278 0.062508
vt 0.356297 0.051131
vt 0.362422 0.039674
vt 0.382496 0.051706
vt 0.272102 0.474409
vt 0.272097 0.487401
vt 0.272097 0.474409
vt 0.062508 0.375278
vt 0.051706 0.382496
vt 0.039674 0.362422
vt 0.356297 0.051131
vt 0.336293 0.041670
vt 0.341265 0.029668
vt 0.250000 0.473980
vt 0.271828 0.472908
vt 0.270603 0.472968
vt 0.268614 0.473066
vt 0.265938 0.473197
vt 0.262677 0.473357
vt 0.258957 0.473540
vt 0.254921 0.473739
vt 0.250724 0.473945
vt 0.250000 0.473980
vt 0.075690 0.393052
vt 0.065648 0.401294
vt 0.315458 0.034215
vt 0.319229 0.021783
vt 0.293992 0.471162
vt 0.315458 0.465785
vt 0.319229 0.478217
vt 0.296526 0.483904
vt 0.075690 0.393052
vt 0.090551 0.409449
vt 0.081365 0.418635
vt 0.315458 0.034215
vt 0.293992 0.028838
vt 0.296526 0.016096
vt 0.336293 0.458330
vt 0.341265 0.470332
vt 0.319229 0.478217
vt 0.090551 0.409449
vt 0.106948 0.424309
vt 0.098706 0.434352
vt 0.081365 0.418635
vt 0.272102 0.025591
vt 0.273376 0.012662
vt 0.296526 0.016096
vt 0.356297 0.448868
vt 0.362422 0.460326
vt 0.106948 0.424310
vt 0.124722 0.437492
vt 0.117504 0.448294
vt 0.272097 0.012600
vt 0.273376 0.012662
vt 0.272097 0.025591
vt 0.906250 0.993700
vt 0.890625 0.993700
vt 0.890625 0.506300
vt 0.124722 0.437492
vt 0.143702 0.448868
vt 0.137578 0.460326
vt 0.117504 0.448294
vt 0.468750 0.993700
vt 0.453125 0.993700
vt 0.890625 0.506300
vt 0.890625 0.993700
vt 0.875000 0.993700
vt 0.143702 0.448868
vt 0.163707 0.458329
vt 0.158735 0.470332
vt 0.206008 0.028838
vt 0.203474 0.016096
vt 0.226624 0.012662
vt 0.409449 0.409449
vt 0.418635 0.418635
vt 0.184542 0.465784
vt 0.180771 0.478217
vt 0.206008 0.028838
vt 0.184542 0.034215
vt 0.180771 0.021783
vt 0.203474 0.016096
vt 0.409449 0.409449
vt 0.418635 0.418635
vt 0.206008 0.471161
vt 0.203474 0.483904
vt 0.163707 0.041670
vt 0.158735 0.029668
vt 0.180771 0.021783
vt 0.843750 0.993700
vt 0.828125 0.993700
vt 0.828125 0.506300
vt 0.206008 0.471161
vt 0.227897 0.474409
vt 0.226624 0.487338
vt 0.203474 0.483904
vt 0.163707 0.041670
vt 0.143703 0.051131
vt 0.137578 0.039674
vt 0.158735 0.029668
vt 0.448868 0.356297
vt 0.460326 0.362422
vt 0.448294 0.382496
vt 0.229350 0.487472
vt 0.227897 0.474408
vt 0.229350 0.474480
vt 0.124722 0.062508
vt 0.117504 0.051706
vt 0.137578 0.039674
vt 0.812500 0.506300
vt 0.812500 0.993700
vt 0.796875 0.993700
vt 0.124722 0.062508
vt 0.117504 0.051706
vt 0.465785 0.315458
vt 0.937500 0.693912
vt 0.937500 0.612702
vt 0.906250 0.613270
vt 0.906250 0.694479
vt 0.968750 0.693563
vt 0.976687 0.693534
vt 0.976688 0.612322
vt 0.968750 0.612352
vt 0.718750 0.698385
vt 0.750000 0.699583
vt 0.750000 0.618379
vt 0.718750 0.617180
vt 0.937500 0.612702
vt 0.875000 0.614034
vt 0.875000 0.695242
vt 0.875000 0.695242
vt 0.875000 0.614034
vt 0.843750 0.614966
vt 0.843750 0.696172
vt 0.781250 0.698385
vt 0.781250 0.617180
vt 0.750000 0.618378
vt 0.750000 0.699582
vt 0.843750 0.696172
vt 0.812500 0.616028
vt 0.812500 0.697233
vt 0.523313 0.693534
vt 0.531250 0.693563
vt 0.531250 0.612352
vt 0.523313 0.612322
vt 0.656250 0.696172
vt 0.687500 0.697233
vt 0.687500 0.616028
vt 0.656250 0.614966
vt 0.625000 0.695242
vt 0.656250 0.696172
vt 0.625000 0.614034
vt 0.718750 0.819326
vt 0.718750 0.738123
vt 0.718750 0.739274
vt 0.718750 0.820478
vt 0.687500 0.697233
vt 0.718750 0.617180
vt 0.687500 0.616028
vt 0.593750 0.613270
vt 0.593750 0.694479
vt 0.625000 0.695242
vt 0.562500 0.612702
vt 0.562500 0.693912
vt 0.562500 0.612702
vt 0.937500 0.782294
vt 0.937500 0.701084
vt 0.937500 0.701652
vt 0.937500 0.782861
vt 0.843750 0.704410
vt 0.843750 0.785615
vt 0.843750 0.784554
vt 0.843750 0.703348
vt 0.906250 0.782861
vt 0.906250 0.701652
vt 0.906250 0.702416
vt 0.906250 0.783624
vt 0.968750 0.781945
vt 0.968750 0.700734
vt 0.968750 0.701084
vt 0.968750 0.782294
vt 0.812500 0.705562
vt 0.812500 0.786766
vt 0.812500 0.785615
vt 0.812500 0.704410
vt 0.875000 0.703348
vt 0.875000 0.784554
vt 0.875000 0.783624
vt 0.875000 0.702416
vt 0.656250 0.701972
vt 0.656250 0.783179
vt 0.656250 0.784109
vt 0.656250 0.702903
vt 0.781250 0.706317
vt 0.781250 0.787519
vt 0.781250 0.787742
vt 0.781250 0.786767
vt 0.781250 0.705562
vt 0.781250 0.706539
vt 0.531250 0.781471
vt 0.531250 0.781501
vt 0.531250 0.700289
vt 0.531250 0.700259
vt 0.718750 0.703966
vt 0.718750 0.785170
vt 0.718750 0.786322
vt 0.718750 0.705118
vt 0.687500 0.702903
vt 0.687500 0.784109
vt 0.687500 0.785170
vt 0.687500 0.703966
vt 0.781250 0.617180
vt 0.812500 0.697233
vt 0.812500 0.616028
vt 0.625000 0.701208
vt 0.625000 0.782416
vt 0.625000 0.783179
vt 0.625000 0.701972
vt 0.593750 0.700639
vt 0.593750 0.781850
vt 0.593750 0.782416
vt 0.593750 0.701208
vt 0.562500 0.781850
vt 0.562500 0.700639
vt 0.562500 0.700289
vt 0.562500 0.781501
vt 0.968750 0.742499
vt 0.968750 0.742150
vt 0.968750 0.823361
vt 0.968750 0.823710
vt 0.937500 0.823360
vt 0.937500 0.742150
vt 0.937500 0.741583
vt 0.937500 0.822792
vt 0.906250 0.822793
vt 0.906250 0.741583
vt 0.906250 0.740820
vt 0.906250 0.822028
vt 0.812500 0.820034
vt 0.812500 0.738829
vt 0.812500 0.737678
vt 0.812500 0.818882
vt 0.523313 0.702887
vt 0.523313 0.784099
vt 0.531250 0.784069
vt 0.531250 0.702858
vt 0.875000 0.822028
vt 0.875000 0.740820
vt 0.875000 0.739890
vt 0.875000 0.821097
vt 0.843750 0.821097
vt 0.843750 0.739890
vt 0.843750 0.738829
vt 0.843750 0.820034
vt 1.000000 0.742529
vt 1.000000 0.742499
vt 1.000000 0.823710
vt 1.000000 0.823741
vt 0.687500 0.820478
vt 0.687500 0.739274
vt 0.687500 0.740335
vt 0.687500 0.821541
vt 0.750000 0.818127
vt 0.750000 0.736925
vt 0.750000 0.738123
vt 0.750000 0.819326
vt 0.656250 0.821541
vt 0.656250 0.740335
vt 0.656250 0.741265
vt 0.656250 0.822472
vt 0.625000 0.742028
vt 0.625000 0.823237
vt 0.625000 0.822472
vt 0.625000 0.741265
vt 0.562500 0.742944
vt 0.562500 0.824155
vt 0.562500 0.823805
vt 0.562500 0.742595
vt 0.531250 0.824185
vt 0.531250 0.824155
vt 0.531250 0.742944
vt 0.531250 0.742973
vt 0.593750 0.742595
vt 0.593750 0.823805
vt 0.593750 0.823237
vt 0.593750 0.742028
vt 0.781250 0.818882
vt 0.781250 0.737678
vt 0.781250 0.736702
vt 0.781250 0.736925
vt 0.781250 0.818127
vt 0.781250 0.817905
vt 0.968750 0.702858
vt 0.937500 0.702509
vt 0.937500 0.783719
vt 0.968750 0.784069
vt 0.906250 0.783151
vt 0.906250 0.701942
vt 0.875000 0.701179
vt 0.875000 0.782387
vt 1.000000 0.781915
vt 1.000000 0.700704
vt 1.000000 0.700734
vt 1.000000 0.781945
vt 0.937500 0.783719
vt 0.976687 0.702887
vt 0.976687 0.784099
vt 0.843750 0.700249
vt 0.843750 0.781455
vt 0.843750 0.781455
vt 0.812500 0.699188
vt 0.812500 0.780393
vt 0.812500 0.780393
vt 0.812500 0.699188
vt 0.781250 0.698036
vt 0.781250 0.779241
vt 0.687500 0.699188
vt 0.687500 0.780393
vt 0.718750 0.779241
vt 0.718750 0.698036
vt 0.687500 0.699188
vt 0.656250 0.700249
vt 0.656250 0.781455
vt 0.687500 0.780393
vt 0.656250 0.700249
vt 0.625000 0.701179
vt 0.625000 0.782387
vt 0.656250 0.781455
vt 0.781250 0.698036
vt 0.750000 0.696838
vt 0.750000 0.778042
vt 0.531250 0.784069
vt 0.562500 0.783719
vt 0.562500 0.702509
vt 0.593750 0.701942
vt 0.593750 0.783151
vt 0.750000 0.696838
vt 0.718750 0.698036
vt 0.750000 0.778043
vt 0.562500 0.783719
vt 0.985914 0.993709
vt 0.985840 1.000000
vt 0.985363 1.000000
vt 0.986424 0.993818
vt 0.986301 1.000000
vt 0.531250 0.781384
vt 0.531250 0.785847
vt 0.531250 0.790925
vt 0.270585 0.487469
vt 0.271322 0.487439
vt 0.271336 0.488162
vt 0.270585 0.488183
vt 0.272079 0.488157
vt 0.272036 0.488917
vt 0.271318 0.488953
vt 0.487462 0.270610
vt 0.488189 0.270614
vt 0.488181 0.271340
vt 0.487492 0.269862
vt 0.488211 0.269862
vt 0.977089 0.702986
vt 0.988740 0.697862
vt 0.988740 0.693369
vt 0.763097 0.993939
vt 0.763616 0.993820
vt 0.763679 1.000000
vt 0.763219 1.000000
vt 0.764148 1.000000
vt 0.488954 0.271300
vt 0.488988 0.270594
vt 0.736395 0.993709
vt 0.736321 1.000000
vt 0.735844 1.000000
vt 0.736905 0.993818
vt 0.736781 1.000000
vt 0.511260 0.693447
vt 0.511260 0.697910
vt 0.523142 0.702987
vt 0.487505 0.230138
vt 0.487475 0.229402
vt 0.488198 0.229388
vt 0.488219 0.230138
vt 0.488193 0.228645
vt 0.488953 0.228687
vt 0.488988 0.229405
vt 0.514628 1.000000
vt 0.514159 1.000000
vt 0.514096 0.993820
vt 0.272023 0.011082
vt 0.272064 0.011855
vt 0.271337 0.011846
vt 0.271318 0.011047
vt 0.271334 0.012573
vt 0.270585 0.012543
vt 0.270585 0.011824
vt 0.531250 0.733520
vt 0.531250 0.738645
vt 0.531250 0.743138
vt 0.513578 0.993939
vt 0.513699 1.000000
vt 0.229368 0.011772
vt 0.230112 0.011767
vt 0.230126 0.012490
vt 0.229411 0.011011
vt 0.230129 0.010976
vt 0.486875 0.993709
vt 0.486802 1.000000
vt 0.486325 1.000000
vt 0.487386 0.993818
vt 0.487262 1.000000
vt 1.000000 0.742616
vt 1.000000 0.738153
vt 1.000000 0.733075
vt 0.230862 0.012460
vt 0.230862 0.011745
vt 0.012538 0.229390
vt 0.011811 0.229386
vt 0.011819 0.228659
vt 0.012508 0.230138
vt 0.011789 0.230138
vt 0.522912 0.693435
vt 0.511261 0.698559
vt 0.511261 0.703052
vt 0.263097 0.993939
vt 0.263616 0.993821
vt 0.263679 1.000000
vt 0.263219 1.000000
vt 0.264148 1.000000
vt 0.011046 0.228700
vt 0.011012 0.229406
vt 0.236395 0.993709
vt 0.236321 1.000000
vt 0.235844 1.000000
vt 0.236905 0.993819
vt 0.236782 1.000000
vt 0.988739 0.702974
vt 0.988739 0.698511
vt 0.976857 0.693434
vt 0.012495 0.269861
vt 0.012525 0.270598
vt 0.011802 0.270612
vt 0.011781 0.269862
vt 0.011807 0.271355
vt 0.011047 0.271313
vt 0.011012 0.270595
vt 0.230113 0.487498
vt 0.230110 0.488225
vt 0.229383 0.488216
vt 0.230862 0.487528
vt 0.230862 0.488247
vt 1.000000 0.791368
vt 1.000000 0.786244
vt 1.000000 0.781750
vt 0.012616 0.993939
vt 0.013135 0.993820
vt 0.013198 1.000000
vt 0.012738 1.000000
vt 0.013667 1.000000
vt 0.229424 0.488989
vt 0.230130 0.489024
vt 0.271976 0.472901
vt 0.271270 0.472935
vt 0.271201 0.472939
vt 0.272039 0.473669
vt 0.271328 0.473722
vt 0.271334 0.474434
vt 0.270585 0.474464
vt 0.270585 0.473744
vt 0.531250 0.690804
vt 0.531250 0.695601
vt 0.531250 0.700099
vt 0.270441 0.472976
vt 0.270547 0.472971
vt 0.271290 0.473326
vt 0.988740 0.612240
vt 0.982726 0.602845
vt 0.976799 0.602867
vt 0.474512 0.269862
vt 0.474482 0.270598
vt 0.473758 0.270612
vt 0.473009 0.269788
vt 0.473690 0.271355
vt 0.472935 0.271293
vt 0.472971 0.270556
vt 0.472975 0.270464
vt 0.473012 0.269715
vt 0.473009 0.269788
vt 0.472970 0.270573
vt 0.474470 0.229390
vt 0.473758 0.229396
vt 0.473704 0.228685
vt 0.474499 0.230138
vt 0.473008 0.230212
vt 0.522991 0.602866
vt 0.517254 0.602844
vt 0.511260 0.612161
vt 0.473012 0.230283
vt 0.472975 0.229523
vt 0.472971 0.229453
vt 0.473009 0.230212
vt 0.472937 0.228748
vt 0.472970 0.229434
vt 0.272079 0.026346
vt 0.271336 0.026278
vt 0.271322 0.025553
vt 0.272016 0.027101
vt 0.271279 0.027065
vt 0.271187 0.027060
vt 0.270438 0.027023
vt 0.270511 0.027027
vt 0.531250 0.824267
vt 0.531250 0.833662
vt 0.531250 0.833640
vt 0.270585 0.025524
vt 0.270511 0.027027
vt 0.271297 0.027066
vt 0.230113 0.025494
vt 0.230119 0.026206
vt 0.229409 0.026260
vt 0.230862 0.025465
vt 0.230936 0.026956
vt 1.000000 0.833196
vt 1.000000 0.833218
vt 1.000000 0.823901
vt 0.231006 0.026952
vt 0.230246 0.026990
vt 0.230177 0.026993
vt 0.230936 0.026956
vt 0.229471 0.027028
vt 0.230158 0.026994
vt 0.027025 0.229536
vt 0.027029 0.229444
vt 0.027065 0.228707
vt 0.026988 0.230285
vt 0.026991 0.230212
vt 0.511261 0.784181
vt 0.517275 0.793576
vt 0.523201 0.793554
vt 0.025488 0.230138
vt 0.025518 0.229402
vt 0.026242 0.229388
vt 0.026991 0.230212
vt 0.026310 0.228644
vt 0.027030 0.229426
vt 0.025530 0.270610
vt 0.026242 0.270604
vt 0.026296 0.271315
vt 0.025501 0.269861
vt 0.026991 0.269788
vt 0.977009 0.793555
vt 0.982746 0.793577
vt 0.988739 0.784260
vt 0.026988 0.269717
vt 0.027025 0.270477
vt 0.027029 0.270547
vt 0.026991 0.269788
vt 0.027063 0.271252
vt 0.027030 0.270565
vt 0.229368 0.473725
vt 0.230111 0.473793
vt 0.230126 0.474518
vt 0.229431 0.472970
vt 0.230168 0.473006
vt 0.230260 0.473011
vt 0.231009 0.473047
vt 0.230936 0.473044
vt 1.000000 0.700621
vt 1.000000 0.691226
vt 1.000000 0.691249
vt 0.230862 0.474547
vt 0.230936 0.473044
vt 0.230150 0.473005
vt 0.984382 0.500000
vt 0.999993 0.500000
vt 0.750010 0.489999
vt 0.773514 0.488845
vt 0.773450 0.488091
vt 0.750000 0.489243
vt 0.773376 0.487338
vt 0.750000 0.488486
vt 0.355584 0.447534
vt 0.335714 0.456932
vt 0.355941 0.448201
vt 0.336003 0.457631
vt 0.718750 0.829932
vt 0.718750 0.828785
vt 0.254625 0.026247
vt 0.258362 0.026430
vt 0.258657 0.026445
vt 0.254763 0.026253
vt 0.423140 0.392092
vt 0.408379 0.408379
vt 0.423725 0.392572
vt 0.408914 0.408914
vt 0.273450 0.011909
vt 0.273514 0.011155
vt 0.515618 1.000000
vt 0.464337 0.315018
vt 0.456932 0.335714
vt 0.465060 0.315238
vt 0.457630 0.336003
vt 0.718757 0.500000
vt 0.734368 0.500000
vt 0.988843 0.226466
vt 0.985390 0.203188
vt 0.984646 0.203326
vt 0.988091 0.226550
vt 0.983904 0.203474
vt 0.987337 0.226624
vt 0.812500 0.729372
vt 0.812500 0.728224
vt 0.497879 0.924145
vt 0.495397 0.928868
vt 0.495198 0.925943
vt 0.497784 0.921021
vt 0.656257 0.500000
vt 0.671868 0.500000
vt 0.961656 0.136856
vt 0.949558 0.116672
vt 0.948923 0.117084
vt 0.960993 0.137222
vt 0.948294 0.117504
vt 0.960326 0.137578
vt 0.749865 0.687385
vt 0.718750 0.688578
vt 0.252592 0.924126
vt 0.250011 0.922532
vt 0.250007 0.919359
vt 0.252696 0.921021
vt 0.234382 1.000000
vt 0.011155 0.273514
vt 0.011909 0.273450
vt 0.593757 0.500000
vt 0.609368 0.500000
vt 0.902246 0.064472
vt 0.883345 0.050453
vt 0.882916 0.051077
vt 0.901774 0.065063
vt 0.882496 0.051706
vt 0.901294 0.065648
vt 0.531257 0.500000
vt 0.546868 0.500000
vt 0.819659 0.020332
vt 0.796831 0.014614
vt 0.796674 0.015354
vt 0.819449 0.021059
vt 0.796526 0.016096
vt 0.819229 0.021783
vt 0.002216 0.921021
vt 0.000007 0.919657
vt 0.002111 0.924126
vt 0.000012 0.922829
vt 0.781250 0.797195
vt 0.781250 0.796225
vt 0.473655 0.227972
vt 0.472903 0.228046
vt 0.206303 0.030323
vt 0.228046 0.027097
vt 0.206156 0.029581
vt 0.227972 0.026345
vt 0.125563 0.063766
vt 0.144416 0.052466
vt 0.125142 0.063137
vt 0.144059 0.051799
vt 0.473039 0.269169
vt 0.472981 0.270350
vt 0.473073 0.268478
vt 0.473017 0.269616
vt 0.968750 0.602897
vt 0.937500 0.603247
vt 0.562500 0.793174
vt 0.593750 0.792607
vt 0.026836 0.233370
vt 0.026927 0.231522
vt 0.026961 0.230831
vt 0.026867 0.232750
vt 0.063766 0.125563
vt 0.076860 0.107908
vt 0.063137 0.125142
vt 0.076275 0.107428
vt 0.473260 0.235332
vt 0.473415 0.238477
vt 0.473286 0.235865
vt 0.473435 0.238889
vt 0.656250 0.605509
vt 0.625070 0.604580
vt 0.874930 0.604580
vt 0.843750 0.605509
vt 0.473435 0.261111
vt 0.473286 0.264135
vt 0.473260 0.264668
vt 0.473415 0.261523
vt 0.030323 0.206303
vt 0.035663 0.184982
vt 0.029581 0.206156
vt 0.034939 0.184762
vt 0.244717 0.925943
vt 0.242333 0.933936
vt 0.244909 0.928893
vt 0.242620 0.936569
vt 0.843750 0.690792
vt 0.812602 0.689734
vt 0.140632 0.500000
vt 0.156243 0.500000
vt 0.550453 0.383345
vt 0.564472 0.402246
vt 0.565063 0.401774
vt 0.551077 0.382916
vt 0.565648 0.401294
vt 0.551706 0.382496
vt 0.593750 0.691752
vt 0.593750 0.691184
vt 0.269201 0.473037
vt 0.267353 0.473128
vt 0.267974 0.473097
vt 0.269892 0.473003
vt 0.271074 0.027055
vt 0.270339 0.027019
vt 0.531250 0.833609
vt 0.078132 0.500000
vt 0.093743 0.500000
vt 0.616672 0.449558
vt 0.636856 0.461656
vt 0.637222 0.460993
vt 0.617084 0.448923
vt 0.637578 0.460326
vt 0.617504 0.448294
vt 0.269892 0.026997
vt 0.269201 0.026963
vt 0.562500 0.833609
vt 0.562500 0.833260
vt 0.015632 0.500000
vt 0.031243 0.500000
vt 0.703188 0.485390
vt 0.726466 0.488843
vt 0.726550 0.488091
vt 0.703326 0.484646
vt 0.726624 0.487338
vt 0.703474 0.483904
vt 0.242790 0.026374
vt 0.246684 0.026182
vt 0.243085 0.026359
vt 0.246822 0.026175
vt 0.812500 0.828340
vt 0.812500 0.829488
vt 0.164286 0.043068
vt 0.163997 0.042369
vt 0.382916 0.448923
vt 0.362778 0.460993
vt 0.383328 0.449558
vt 0.363144 0.461656
vt 0.921868 1.000000
vt 0.906257 1.000000
vt 0.875000 0.692962
vt 0.875000 0.693890
vt 0.239612 0.473470
vt 0.236588 0.473321
vt 0.236055 0.473295
vt 0.239201 0.473450
vt 0.484646 0.296674
vt 0.478941 0.319449
vt 0.485386 0.296831
vt 0.479668 0.319659
vt 0.796868 1.000000
vt 0.781257 1.000000
vt 0.434937 0.098226
vt 0.448923 0.117084
vt 0.435528 0.097754
vt 0.449547 0.116655
vt 0.656243 1.000000
vt 0.640632 1.000000
vt 0.273450 0.011909
vt 0.296674 0.015354
vt 0.273534 0.011157
vt 0.296812 0.014610
vt 0.531243 1.000000
vt 0.515632 1.000000
vt 0.080830 0.080830
vt 0.098226 0.065063
vt 0.080302 0.080288
vt 0.097738 0.064484
vt 0.390618 1.000000
vt 0.375007 1.000000
vt 0.098226 0.434937
vt 0.080830 0.419170
vt 0.097738 0.435516
vt 0.080302 0.419712
vt 0.124993 1.000000
vt 0.109382 1.000000
vt 0.250000 0.473980
vt 0.271954 0.472901
vt 0.250000 0.473224
vt 0.271880 0.472149
vt 0.293549 0.468935
vt 0.293696 0.469677
vt 0.026409 0.257934
vt 0.026218 0.254040
vt 0.026395 0.257639
vt 0.026211 0.253902
vt 0.781250 0.788699
vt 0.812376 0.789846
vt 0.472149 0.228120
vt 0.473224 0.250000
vt 0.472902 0.228046
vt 0.473980 0.250000
vt 0.012264 0.972755
vt 0.010990 0.957801
vt 0.011792 0.973968
vt 0.010565 0.959561
vt 0.937500 0.792317
vt 0.937500 0.791749
vt 0.391612 0.077446
vt 0.407843 0.092157
vt 0.392091 0.076861
vt 0.408378 0.091622
vt 0.469677 0.293697
vt 0.470419 0.293844
vt 0.228120 0.027851
vt 0.250000 0.026776
vt 0.228046 0.027098
vt 0.250000 0.026020
vt 0.077446 0.108388
vt 0.092157 0.092157
vt 0.076861 0.107908
vt 0.091622 0.091622
vt 0.027851 0.271880
vt 0.026776 0.250000
vt 0.027098 0.271954
vt 0.026020 0.250000
vt 0.108388 0.422554
vt 0.092157 0.407843
vt 0.107908 0.423139
vt 0.091622 0.408378
vt 0.026218 0.245960
vt 0.026409 0.242066
vt 0.026211 0.246098
vt 0.026395 0.242361
vt 0.687624 0.789846
vt 0.718750 0.788699
vt 0.750000 0.795780
vt 0.750000 0.796973
vt 0.999508 0.922532
vt 0.996928 0.924126
vt 0.996823 0.921021
vt 0.999513 0.919360
vt 0.906250 0.792607
vt 0.937500 0.793174
vt 0.026927 0.268477
vt 0.026836 0.266629
vt 0.026867 0.267250
vt 0.026961 0.269168
vt 0.989763 0.944693
vt 0.988048 0.957801
vt 0.990124 0.946944
vt 0.988474 0.959561
vt 0.625000 0.791872
vt 0.625000 0.792635
vt 0.968757 0.500000
vt 0.984368 0.500000
vt 0.773534 0.488843
vt 0.796812 0.485390
vt 0.796674 0.484646
vt 0.796526 0.483904
vt 0.762745 0.972755
vt 0.761471 0.957800
vt 0.762273 0.973968
vt 0.761045 0.959561
vt 0.906250 0.703935
vt 0.937500 0.703367
vt 0.906257 0.500000
vt 0.921868 0.500000
vt 0.863144 0.461656
vt 0.883328 0.449558
vt 0.882916 0.448923
vt 0.862778 0.460994
vt 0.882496 0.448294
vt 0.862422 0.460326
vt 0.744717 0.925943
vt 0.742333 0.933936
vt 0.744909 0.928893
vt 0.742620 0.936569
vt 0.656250 0.705629
vt 0.687398 0.706687
vt 0.625000 0.704699
vt 0.656180 0.705627
vt 0.742615 0.936592
vt 0.740607 0.946932
vt 0.740244 0.944693
vt 0.843757 0.500000
vt 0.859368 0.500000
vt 0.935528 0.402246
vt 0.949547 0.383345
vt 0.948923 0.382916
vt 0.934937 0.401774
vt 0.948294 0.382496
vt 0.934352 0.401294
vt 0.514011 0.988982
vt 0.513510 0.989601
vt 0.531250 0.733489
vt 0.781257 0.500000
vt 0.796868 0.500000
vt 0.979668 0.319659
vt 0.985386 0.296831
vt 0.984646 0.296674
vt 0.978941 0.319449
vt 0.983904 0.296526
vt 0.978217 0.319229
vt 0.469677 0.206303
vt 0.470419 0.206156
vt 0.011909 0.226550
vt 0.011155 0.226486
vt 0.265618 1.000000
vt 0.436233 0.125563
vt 0.447534 0.144416
vt 0.436862 0.125142
vt 0.448201 0.144059
vt 0.456932 0.164286
vt 0.457630 0.163997
vt 0.374437 0.063766
vt 0.392092 0.076860
vt 0.374857 0.063137
vt 0.392572 0.076275
vt 0.013049 0.988982
vt 0.012548 0.989601
vt 0.968750 0.791749
vt 0.968750 0.791400
vt 0.293696 0.030323
vt 0.315018 0.035663
vt 0.293844 0.029581
vt 0.315238 0.034939
vt 0.453132 0.500000
vt 0.468743 0.500000
vt 0.703169 0.014614
vt 0.680341 0.020332
vt 0.680552 0.021059
vt 0.703326 0.015354
vt 0.680771 0.021783
vt 0.703474 0.016096
vt 0.906221 0.603815
vt 0.875000 0.604578
vt 0.473286 0.264142
vt 0.473164 0.266627
vt 0.473133 0.267250
vt 0.390632 0.500000
vt 0.406243 0.500000
vt 0.616655 0.050453
vt 0.597754 0.064472
vt 0.598226 0.065063
vt 0.617084 0.051077
vt 0.598706 0.065648
vt 0.617504 0.051706
vt 0.531250 0.602897
vt 0.473017 0.230384
vt 0.472981 0.229650
vt 0.447534 0.355584
vt 0.436233 0.374437
vt 0.448201 0.355941
vt 0.436862 0.374858
vt 0.473591 0.242066
vt 0.473782 0.245960
vt 0.473605 0.242361
vt 0.473789 0.246098
vt 0.718750 0.607722
vt 0.687624 0.606575
vt 0.328132 0.500000
vt 0.343743 0.500000
vt 0.550442 0.116672
vt 0.538344 0.136856
vt 0.539006 0.137222
vt 0.551077 0.117084
vt 0.539674 0.137579
vt 0.551706 0.117504
vt 0.656352 0.790909
vt 0.687500 0.789851
vt 0.026395 0.242346
vt 0.026565 0.238900
vt 0.026585 0.238477
vt 0.265632 0.500000
vt 0.281243 0.500000
vt 0.514610 0.203188
vt 0.511157 0.226466
vt 0.511909 0.226550
vt 0.515354 0.203326
vt 0.512662 0.226624
vt 0.516096 0.203474
vt 0.968750 0.793524
vt 0.026983 0.269616
vt 0.027019 0.270350
vt 0.035663 0.315018
vt 0.030323 0.293696
vt 0.034939 0.315238
vt 0.029581 0.293844
vt 0.076860 0.392092
vt 0.063766 0.374437
vt 0.076275 0.392572
vt 0.063137 0.374857
vt 0.026019 0.250010
vt 0.026210 0.246115
vt 0.718885 0.788694
vt 0.750000 0.787501
vt 0.144416 0.447533
vt 0.125563 0.436233
vt 0.144059 0.448200
vt 0.125142 0.436862
vt 0.968750 0.691279
vt 0.968750 0.691629
vt 0.232246 0.473108
vt 0.231108 0.473052
vt 0.230374 0.473016
vt 0.231555 0.473074
vt 0.228046 0.472902
vt 0.206303 0.469677
vt 0.227972 0.473655
vt 0.206156 0.470419
vt 0.843750 0.693894
vt 0.843750 0.694952
vt 0.243070 0.473640
vt 0.239623 0.473471
vt 0.242790 0.473626
vt 0.401774 0.434937
vt 0.382916 0.448923
vt 0.402246 0.435528
vt 0.383345 0.449547
vt 0.906243 1.000000
vt 0.890632 1.000000
vt 0.246684 0.473817
vt 0.246822 0.473824
vt 0.243085 0.473641
vt 0.812500 0.694957
vt 0.812500 0.696104
vt 0.488091 0.273450
vt 0.488843 0.273534
vt 0.485390 0.296812
vt 0.781243 1.000000
vt 0.765632 1.000000
vt 0.419170 0.080830
vt 0.434937 0.098226
vt 0.419712 0.080302
vt 0.435516 0.097738
vt 0.640618 1.000000
vt 0.625007 1.000000
vt 0.065063 0.098226
vt 0.080830 0.080830
vt 0.064484 0.097738
vt 0.080288 0.080302
vt 0.374993 1.000000
vt 0.359382 1.000000
vt 0.015354 0.296674
vt 0.011909 0.273450
vt 0.014610 0.296812
vt 0.011157 0.273534
vt 0.234368 1.000000
vt 0.218757 1.000000
vt 0.117084 0.448923
vt 0.098226 0.434937
vt 0.116655 0.449547
vt 0.097754 0.435528
vt 0.109368 1.000000
vt 0.093757 1.000000
vt 0.435604 0.374017
vt 0.422555 0.391612
vt 0.436233 0.374437
vt 0.423139 0.392092
vt 0.468935 0.206451
vt 0.469676 0.206304
vt 0.407843 0.407843
vt 0.408378 0.408378
vt 0.374016 0.064396
vt 0.374437 0.063767
vt 0.206451 0.031065
vt 0.206303 0.030324
vt 0.064396 0.125984
vt 0.063767 0.125563
vt 0.031065 0.293549
vt 0.030324 0.293696
vt 0.125984 0.435604
vt 0.125563 0.436232
vt 0.228046 0.472901
vt 0.228120 0.472149
vt 0.757667 0.933936
vt 0.755283 0.925943
vt 0.757380 0.936569
vt 0.755091 0.928893
vt 0.812602 0.706687
vt 0.843750 0.705629
vt 0.271954 0.027097
vt 0.272028 0.026345
vt 0.531250 0.703018
vt 0.736971 0.989600
vt 0.736470 0.988982
vt 0.737255 0.972755
vt 0.737727 0.973968
vt 0.562500 0.703367
vt 0.505764 0.925943
vt 0.503177 0.921021
vt 0.505564 0.928868
vt 0.503082 0.924145
vt 0.718750 0.728669
vt 0.718750 0.729816
vt 0.750000 0.727471
vt 0.750000 0.728664
vt 0.503072 0.924126
vt 0.500492 0.922532
vt 0.500487 0.919359
vt 0.781250 0.727261
vt 0.781250 0.727466
vt 0.500481 0.922525
vt 0.500037 0.922799
vt 0.500006 0.919656
vt 0.703132 0.500000
vt 0.718743 0.500000
vt 0.985386 0.203169
vt 0.979668 0.180341
vt 0.978941 0.180551
vt 0.978217 0.180771
vt 0.293697 0.469678
vt 0.271954 0.472902
vt 0.293844 0.470419
vt 0.272028 0.473655
vt 0.640632 0.500000
vt 0.656243 0.500000
vt 0.949547 0.116655
vt 0.935528 0.097754
vt 0.934937 0.098226
vt 0.934352 0.098706
vt 0.578132 0.500000
vt 0.593743 0.500000
vt 0.883328 0.050442
vt 0.863144 0.038344
vt 0.862778 0.039006
vt 0.862422 0.039674
vt 0.240244 0.944693
vt 0.238529 0.957801
vt 0.240605 0.946944
vt 0.238955 0.959561
vt 0.906250 0.692486
vt 0.875029 0.691723
vt 0.515632 0.500000
vt 0.531243 0.500000
vt 0.796812 0.014610
vt 0.773534 0.011157
vt 0.773450 0.011909
vt 0.773376 0.012662
vt 0.184982 0.035663
vt 0.184762 0.034939
vt 0.107908 0.076860
vt 0.107428 0.076275
vt 0.052466 0.144416
vt 0.051799 0.144059
vt 0.027019 0.229650
vt 0.026983 0.230384
vt 0.531250 0.793524
vt 0.027097 0.228046
vt 0.026345 0.227972
vt 0.187507 0.500000
vt 0.203118 0.500000
vt 0.520338 0.319678
vt 0.528266 0.341835
vt 0.528968 0.341554
vt 0.521059 0.319449
vt 0.529668 0.341265
vt 0.521783 0.319229
vt 0.726486 0.488845
vt 0.749990 0.490000
vt 0.000007 0.500000
vt 0.015618 0.500000
vt 0.125007 0.500000
vt 0.140618 0.500000
vt 0.564484 0.402262
vt 0.580288 0.419698
vt 0.580830 0.419170
vt 0.581365 0.418635
vt 0.062507 0.500000
vt 0.078118 0.500000
vt 0.636874 0.461665
vt 0.658147 0.471727
vt 0.658446 0.471032
vt 0.658735 0.470332
vt 0.236470 0.988983
vt 0.236971 0.989601
vt 0.968750 0.693403
vt 0.419170 0.419170
vt 0.401774 0.434937
vt 0.419698 0.419712
vt 0.402262 0.435516
vt 0.890618 1.000000
vt 0.875007 1.000000
vt 0.374437 0.436234
vt 0.374858 0.436863
vt 0.401774 0.065063
vt 0.419170 0.080830
vt 0.402262 0.064484
vt 0.419698 0.080288
vt 0.624993 1.000000
vt 0.609382 1.000000
vt 0.203326 0.015354
vt 0.226550 0.011909
vt 0.203188 0.014610
vt 0.226466 0.011157
vt 0.484368 1.000000
vt 0.468757 1.000000
vt 0.051077 0.117084
vt 0.065063 0.098226
vt 0.050453 0.116655
vt 0.064472 0.097754
vt 0.359368 1.000000
vt 0.343757 1.000000
vt 0.021059 0.319449
vt 0.015354 0.296674
vt 0.020332 0.319659
vt 0.014614 0.296831
vt 0.218743 1.000000
vt 0.203132 1.000000
vt 0.255283 0.925943
vt 0.255084 0.928868
vt 0.252602 0.924145
vt 0.718626 0.688583
vt 0.687500 0.689730
vt 0.137222 0.460993
vt 0.136856 0.461656
vt 0.116672 0.449558
vt 0.093743 1.000000
vt 0.078132 1.000000
vt 0.314799 0.463612
vt 0.315018 0.464336
vt 0.446866 0.355227
vt 0.447533 0.355583
vt 0.625000 0.832692
vt 0.625000 0.831929
vt 0.264866 0.026750
vt 0.267351 0.026872
vt 0.267974 0.026902
vt 0.265392 0.026775
vt 0.463612 0.185202
vt 0.464336 0.184982
vt 0.355227 0.053134
vt 0.355583 0.052467
vt 0.185201 0.036388
vt 0.184982 0.035664
vt 0.053134 0.144773
vt 0.052467 0.144416
vt 0.036388 0.314798
vt 0.035664 0.315018
vt 0.144773 0.446865
vt 0.144416 0.447532
vt 0.994236 0.925943
vt 0.991852 0.933936
vt 0.994428 0.928893
vt 0.992139 0.936569
vt 0.687500 0.793567
vt 0.687500 0.794625
vt 0.656250 0.792636
vt 0.656250 0.793564
vt 0.992134 0.936592
vt 0.990126 0.946933
vt 0.752696 0.921021
vt 0.755084 0.928868
vt 0.752602 0.924145
vt 0.781374 0.707838
vt 0.812500 0.706691
vt 0.953132 0.500000
vt 0.968743 0.500000
vt 0.796831 0.485386
vt 0.819659 0.479668
vt 0.819449 0.478941
vt 0.819229 0.478217
vt 0.488091 0.273450
vt 0.488845 0.273514
vt 0.765618 1.000000
vt 0.750135 0.709036
vt 0.781250 0.707843
vt 0.752592 0.924126
vt 0.750011 0.922532
vt 0.750007 0.919359
vt 0.890632 0.500000
vt 0.906243 0.500000
vt 0.883345 0.449547
vt 0.902246 0.435528
vt 0.901774 0.434937
vt 0.901294 0.434352
vt 0.718750 0.707843
vt 0.749865 0.709036
vt 0.749989 0.922532
vt 0.747408 0.924126
vt 0.747304 0.921021
vt 0.749993 0.919359
vt 0.828132 0.500000
vt 0.843743 0.500000
vt 0.949558 0.383328
vt 0.961656 0.363144
vt 0.960993 0.362778
vt 0.960326 0.362422
vt 0.184981 0.464336
vt 0.164286 0.456931
vt 0.184762 0.465060
vt 0.163996 0.457630
vt 0.765632 0.500000
vt 0.781243 0.500000
vt 0.985390 0.296812
vt 0.988843 0.273534
vt 0.988091 0.273450
vt 0.987337 0.273375
vt 0.484382 1.000000
vt 0.226486 0.011155
vt 0.226550 0.011909
vt 0.492814 0.933936
vt 0.495390 0.928893
vt 0.493100 0.936569
vt 0.843750 0.730433
vt 0.843750 0.729375
vt 0.875000 0.731364
vt 0.875000 0.730435
vt 0.493096 0.936592
vt 0.491087 0.946933
vt 0.490725 0.944693
vt 0.464336 0.184982
vt 0.465060 0.184762
vt 0.257667 0.933936
vt 0.257380 0.936569
vt 0.255091 0.928893
vt 0.687398 0.689734
vt 0.656250 0.690792
vt 0.423140 0.107908
vt 0.423724 0.107428
vt 0.237255 0.972755
vt 0.237727 0.973968
vt 0.937500 0.693054
vt 0.355584 0.052466
vt 0.355940 0.051799
vt 0.007186 0.933936
vt 0.004802 0.925943
vt 0.006900 0.936569
vt 0.004610 0.928893
vt 0.843750 0.795069
vt 0.843750 0.794011
vt 0.718750 0.695660
vt 0.718750 0.694512
vt 0.258362 0.473569
vt 0.254625 0.473753
vt 0.254763 0.473746
vt 0.258657 0.473555
vt 0.812500 0.796220
vt 0.812500 0.795073
vt 0.004603 0.928868
vt 0.002121 0.924145
vt 0.437507 0.500000
vt 0.453118 0.500000
vt 0.680322 0.020338
vt 0.658165 0.028266
vt 0.658446 0.028968
vt 0.658735 0.029668
vt 0.906250 0.603814
vt 0.473164 0.266629
vt 0.375007 0.500000
vt 0.390618 0.500000
vt 0.597738 0.064484
vt 0.580302 0.080288
vt 0.580830 0.080830
vt 0.581365 0.081365
vt 0.312507 0.500000
vt 0.328118 0.500000
vt 0.538335 0.136874
vt 0.528273 0.158147
vt 0.528968 0.158446
vt 0.529668 0.158735
vt 0.250007 0.500000
vt 0.265618 0.500000
vt 0.511155 0.226486
vt 0.510001 0.249990
vt 0.510757 0.250000
vt 0.511514 0.250000
vt 0.875000 0.791843
vt 0.906221 0.792606
vt 0.026836 0.266627
vt 0.026714 0.264142
vt 0.026740 0.264668
vt 0.043068 0.335714
vt 0.042369 0.336003
vt 0.968750 0.703018
vt 0.763029 0.989600
vt 0.763530 0.988982
vt 0.091621 0.408378
vt 0.091086 0.408913
vt 0.593750 0.833260
vt 0.593750 0.832693
vt 0.267353 0.026872
vt 1.000000 0.833165
vt 0.231108 0.026947
vt 0.230374 0.026983
vt 0.843750 0.829492
vt 0.843750 0.830550
vt 0.239624 0.026529
vt 0.243070 0.026360
vt 0.239201 0.026550
vt 0.236055 0.026704
vt 0.236588 0.026678
vt 0.239612 0.026530
vt 0.875000 0.830554
vt 0.875000 0.831482
vt 0.434937 0.401774
vt 0.419170 0.419170
vt 0.435516 0.402262
vt 0.419712 0.419698
vt 0.874993 1.000000
vt 0.859382 1.000000
vt 0.484646 0.203326
vt 0.488091 0.226550
vt 0.485390 0.203188
vt 0.488843 0.226466
vt 0.734368 1.000000
vt 0.718757 1.000000
vt 0.382916 0.051077
vt 0.383345 0.050453
vt 0.402246 0.064472
vt 0.609368 1.000000
vt 0.593757 1.000000
vt 0.180551 0.021059
vt 0.203326 0.015354
vt 0.180341 0.020332
vt 0.203169 0.014614
vt 0.468743 1.000000
vt 0.453132 1.000000
vt 0.039006 0.137222
vt 0.051077 0.117084
vt 0.038344 0.136856
vt 0.050442 0.116672
vt 0.343743 1.000000
vt 0.328132 1.000000
vt 0.028968 0.341554
vt 0.028266 0.341835
vt 0.020338 0.319678
vt 0.203118 1.000000
vt 0.187507 1.000000
vt 0.158446 0.471032
vt 0.158147 0.471727
vt 0.136874 0.461665
vt 0.078118 1.000000
vt 0.062507 1.000000
vt 0.335424 0.456232
vt 0.335714 0.456931
vt 0.456232 0.335424
vt 0.456931 0.335713
vt 0.456232 0.164576
vt 0.456931 0.164286
vt 0.335424 0.043768
vt 0.335713 0.043069
vt 0.164576 0.043768
vt 0.164286 0.043069
vt 0.043768 0.164576
vt 0.043069 0.164286
vt 0.043768 0.335424
vt 0.043069 0.335713
vt 0.164576 0.456232
vt 0.164286 0.456930
vt 0.996918 0.924145
vt 0.994436 0.928868
vt 0.718750 0.794628
vt 0.718750 0.795776
vt 0.315018 0.464337
vt 0.315238 0.465061
vt 0.759756 0.944693
vt 0.759395 0.946944
vt 0.875029 0.704698
vt 0.231555 0.026925
vt 0.233473 0.026831
vt 0.232246 0.026891
vt 0.234094 0.026801
vt 0.937500 0.832248
vt 0.937500 0.832815
vt 0.593750 0.703935
vt 0.738955 0.959561
vt 0.738529 0.957801
vt 0.740605 0.946944
vt 0.624971 0.704698
vt 0.510237 0.944693
vt 0.508147 0.933936
vt 0.509874 0.946933
vt 0.507866 0.936592
vt 0.656250 0.730880
vt 0.656250 0.731808
vt 0.687500 0.606570
vt 0.656352 0.605512
vt 0.473435 0.238900
vt 0.473605 0.242346
vt 1.000000 0.733044
vt 0.487452 0.989601
vt 0.486951 0.988982
vt 0.487736 0.972755
vt 0.488208 0.973968
vt 0.968750 0.733044
vt 0.968750 0.732695
vt 0.687507 0.500000
vt 0.703118 0.500000
vt 0.979662 0.180322
vt 0.971734 0.158165
vt 0.971032 0.158446
vt 0.970332 0.158735
vt 0.531250 0.693403
vt 0.263029 0.989601
vt 0.263530 0.988982
vt 0.625007 0.500000
vt 0.640618 0.500000
vt 0.935516 0.097738
vt 0.919712 0.080302
vt 0.919170 0.080830
vt 0.918635 0.081365
vt 0.562507 0.500000
vt 0.578118 0.500000
vt 0.863126 0.038335
vt 0.841853 0.028273
vt 0.841554 0.028968
vt 0.841265 0.029668
vt 0.500007 0.500000
vt 0.515618 0.500000
vt 0.773514 0.011155
vt 0.750010 0.010001
vt 0.750000 0.010757
vt 0.750000 0.011514
vt 0.091621 0.091621
vt 0.091086 0.091086
vt 0.473981 0.250010
vt 0.473790 0.246115
vt 0.750000 0.608920
vt 0.718885 0.607727
vt 0.043068 0.164286
vt 0.042369 0.163996
vt 0.026740 0.235331
vt 0.026714 0.235858
vt 0.026836 0.233373
vt 0.593779 0.792606
vt 0.625000 0.791843
vt 0.028968 0.158446
vt 0.039006 0.137222
vt 0.028273 0.158147
vt 0.038335 0.136874
vt 0.328118 1.000000
vt 0.312507 1.000000
vt 0.171882 0.500000
vt 0.187493 0.500000
vt 0.528273 0.341853
vt 0.538335 0.363126
vt 0.539006 0.362778
vt 0.539674 0.362421
vt 0.109382 0.500000
vt 0.124993 0.500000
vt 0.580302 0.419712
vt 0.597738 0.435516
vt 0.598226 0.434937
vt 0.598706 0.434352
vt 0.250714 0.026054
vt 0.250724 0.026055
vt 0.254609 0.026246
vt 0.750000 0.828779
vt 0.750000 0.827586
vt 0.046882 0.500000
vt 0.062493 0.500000
vt 0.658165 0.471734
vt 0.680322 0.479662
vt 0.680551 0.478941
vt 0.680771 0.478217
vt 0.250010 0.026019
vt 0.246839 0.026175
vt 0.781250 0.827364
vt 0.781250 0.828335
vt 0.296674 0.484646
vt 0.273450 0.488091
vt 0.296812 0.485390
vt 0.273534 0.488843
vt 0.984368 1.000000
vt 0.968757 1.000000
vt 0.937500 0.691629
vt 0.937500 0.692196
vt 0.234094 0.473199
vt 0.233473 0.473168
vt 1.000000 0.691279
vt 0.236581 0.473321
vt 0.234096 0.473199
vt 0.906250 0.692197
vt 0.906250 0.692960
vt 0.781250 0.696109
vt 0.781250 0.697080
vt 0.246839 0.473825
vt 0.250010 0.473981
vt 0.448923 0.382916
vt 0.434937 0.401774
vt 0.449547 0.383345
vt 0.435528 0.402246
vt 0.859368 1.000000
vt 0.843757 1.000000
vt 0.478941 0.180551
vt 0.479668 0.180341
vt 0.485386 0.203169
vt 0.718743 1.000000
vt 0.703132 1.000000
vt 0.362778 0.039006
vt 0.382916 0.051077
vt 0.363144 0.038344
vt 0.383328 0.050442
vt 0.593743 1.000000
vt 0.578132 1.000000
vt 0.158446 0.028968
vt 0.158165 0.028266
vt 0.180322 0.020338
vt 0.453118 1.000000
vt 0.437507 1.000000
vt 0.999993 0.919656
vt 0.999963 0.922799
vt 0.999519 0.922525
vt 0.781250 0.796978
vt 0.781250 0.797183
vt 0.392092 0.423140
vt 0.392572 0.423725
vt 0.039006 0.362778
vt 0.028968 0.341554
vt 0.038335 0.363126
vt 0.028273 0.341853
vt 0.187493 1.000000
vt 0.171882 1.000000
vt 0.180551 0.478941
vt 0.158446 0.471032
vt 0.180322 0.479662
vt 0.158165 0.471734
vt 0.062493 1.000000
vt 0.046882 1.000000
vt 0.355227 0.446866
vt 0.355584 0.447533
vt 0.463612 0.314799
vt 0.464336 0.315018
vt 0.446866 0.144773
vt 0.447533 0.144416
vt 0.656250 0.831927
vt 0.656250 0.830998
vt 0.261835 0.026601
vt 0.264859 0.026749
vt 0.262246 0.026621
vt 0.314798 0.036388
vt 0.315018 0.035664
vt 0.144773 0.053134
vt 0.144416 0.052467
vt 0.036388 0.185201
vt 0.035664 0.184982
vt 0.053134 0.355227
vt 0.052467 0.355583
vt 0.203132 0.500000
vt 0.218743 0.500000
vt 0.514614 0.296831
vt 0.520332 0.319659
vt 0.515354 0.296674
vt 0.516096 0.296527
vt 0.185201 0.463612
vt 0.184982 0.464335
vt 0.984382 1.000000
vt 0.273514 0.488845
vt 0.009275 0.944693
vt 0.008913 0.946933
vt 0.006904 0.936592
vt 0.875000 0.794009
vt 0.875000 0.793080
vt 0.759393 0.946933
vt 0.757385 0.936592
vt 0.843820 0.705627
vt 0.875000 0.704698
vt 0.937507 0.500000
vt 0.953118 0.500000
vt 0.819678 0.479662
vt 0.841835 0.471734
vt 0.841554 0.471032
vt 0.841265 0.470332
vt 0.875007 0.500000
vt 0.890618 0.500000
vt 0.902262 0.435516
vt 0.919698 0.419712
vt 0.919171 0.419170
vt 0.918635 0.418635
vt 0.507861 0.936569
vt 0.505572 0.928893
vt 0.687500 0.729819
vt 0.687500 0.730878
vt 0.812507 0.500000
vt 0.828118 0.500000
vt 0.961665 0.363126
vt 0.971727 0.341853
vt 0.971032 0.341554
vt 0.970332 0.341265
vt 0.750007 0.500000
vt 0.765618 0.500000
vt 0.988845 0.273514
vt 0.990000 0.250010
vt 0.989243 0.250000
vt 0.988486 0.250000
vt 0.781250 0.728220
vt 0.781250 0.727249
vt 0.499988 0.922829
vt 0.497889 0.924126
vt 0.499993 0.919657
vt 0.408379 0.091621
vt 0.408913 0.091086
vt 0.259756 0.944693
vt 0.259393 0.946933
vt 0.257385 0.936592
vt 0.656180 0.690794
vt 0.625000 0.691722
vt 0.335714 0.043068
vt 0.336003 0.042369
vt 0.421882 0.500000
vt 0.437493 0.500000
vt 0.658147 0.028273
vt 0.636874 0.038335
vt 0.637222 0.039006
vt 0.637579 0.039674
vt 0.473981 0.249990
vt 0.473782 0.254040
vt 0.473790 0.253885
vt 0.781115 0.607727
vt 0.359382 0.500000
vt 0.374993 0.500000
vt 0.580288 0.080302
vt 0.564484 0.097738
vt 0.565063 0.098226
vt 0.565648 0.098706
vt 0.271073 0.472945
vt 0.270339 0.472981
vt 0.562500 0.691184
vt 0.562500 0.690835
vt 0.296882 0.500000
vt 0.312493 0.500000
vt 0.528266 0.158165
vt 0.520338 0.180322
vt 0.521059 0.180551
vt 0.521783 0.180771
vt 0.026019 0.249990
vt 0.026210 0.253885
vt 0.781114 0.788694
vt 0.234382 0.500000
vt 0.249993 0.500000
vt 0.510000 0.250010
vt 0.511155 0.273514
vt 0.511909 0.273450
vt 0.512662 0.273376
vt 0.781250 0.696863
vt 0.250707 0.473946
vt 0.249990 0.473981
vt 0.250714 0.473945
vt 0.052466 0.355584
vt 0.051799 0.355940
vt 0.254608 0.473754
vt 0.250724 0.473945
vt 0.750000 0.696858
vt 0.750000 0.695665
vt 0.107908 0.423140
vt 0.107428 0.423724
vt 0.249990 0.026019
vt 0.250707 0.026054
vt 0.781250 0.827581
vt 0.472903 0.271954
vt 0.473655 0.272028
vt 0.319449 0.478941
vt 0.296674 0.484646
vt 0.319659 0.479668
vt 0.296831 0.485386
vt 0.968743 1.000000
vt 0.953132 1.000000
vt 0.460994 0.362778
vt 0.461656 0.363144
vt 0.449558 0.383328
vt 0.843743 1.000000
vt 0.828132 1.000000
vt 0.471032 0.158446
vt 0.478941 0.180551
vt 0.471734 0.158165
vt 0.479662 0.180322
vt 0.703118 1.000000
vt 0.687507 1.000000
vt 0.341554 0.028968
vt 0.341853 0.028273
vt 0.363126 0.038335
vt 0.578118 1.000000
vt 0.562507 1.000000
vt 0.137222 0.039006
vt 0.158446 0.028968
vt 0.136874 0.038335
vt 0.158147 0.028273
vt 0.437493 1.000000
vt 0.421882 1.000000
vt 0.021059 0.180551
vt 0.028968 0.158446
vt 0.020338 0.180322
vt 0.028266 0.158165
vt 0.312493 1.000000
vt 0.296882 1.000000
vt 0.051077 0.382916
vt 0.039006 0.362778
vt 0.050442 0.383328
vt 0.038344 0.363144
vt 0.171868 1.000000
vt 0.156257 1.000000
vt 0.203326 0.484646
vt 0.180551 0.478941
vt 0.203169 0.485386
vt 0.180341 0.479668
vt 0.046868 1.000000
vt 0.031257 1.000000
vt 0.374017 0.435604
vt 0.374437 0.436233
vt 0.468934 0.293549
vt 0.469676 0.293696
vt 0.435604 0.125984
vt 0.436233 0.125563
vt 0.293549 0.031065
vt 0.293696 0.030324
vt 0.125983 0.064396
vt 0.125563 0.063767
vt 0.031065 0.206451
vt 0.030324 0.206303
vt 0.064396 0.374016
vt 0.063767 0.374436
vt 0.206451 0.468934
vt 0.206303 0.469676
vt 0.985989 0.988982
vt 0.986490 0.989601
vt 0.531250 0.790955
vt 0.687500 0.706691
vt 0.718626 0.707838
vt 0.747398 0.924145
vt 0.744916 0.928868
vt 0.513226 0.972755
vt 0.512754 0.973968
vt 0.562500 0.733139
vt 0.562500 0.733489
vt 0.593750 0.732572
vt 0.593750 0.733139
vt 0.511526 0.959561
vt 0.511952 0.957800
vt 0.937500 0.732695
vt 0.937500 0.732127
vt 0.489435 0.959561
vt 0.489010 0.957801
vt 0.491086 0.946944
vt 0.906250 0.732128
vt 0.906250 0.731364
vt 0.671882 0.500000
vt 0.687493 0.500000
vt 0.971727 0.158147
vt 0.961665 0.136874
vt 0.609382 0.500000
vt 0.624993 0.500000
vt 0.919698 0.080288
vt 0.902262 0.064484
vt 0.875000 0.691723
vt 0.843820 0.690794
vt 0.242615 0.936592
vt 0.240607 0.946933
vt 0.226550 0.488091
vt 0.226486 0.488845
vt 0.015618 1.000000
vt 0.625000 0.604578
vt 0.593779 0.603815
vt 0.473164 0.233373
vt 0.473286 0.235858
vt 0.473133 0.232750
vt 0.546882 0.500000
vt 0.562493 0.500000
vt 0.841835 0.028266
vt 0.819678 0.020338
vt 0.906250 0.793080
vt 0.906250 0.792317
vt 0.008914 0.946944
vt 0.484382 0.500000
vt 0.499993 0.500000
vt 0.749990 0.010001
vt 0.726486 0.011155
vt 0.726550 0.011909
vt 0.726624 0.012662
vt 0.026345 0.272028
vt 0.027097 0.271954
vt 0.781250 0.688578
vt 0.750135 0.687385
vt 0.249989 0.922532
vt 0.247408 0.924126
vt 0.247304 0.921021
vt 0.249993 0.919359
vt 0.593750 0.603814
vt 0.562500 0.603247
vt 0.473073 0.231522
vt 0.473164 0.233371
vt 0.473039 0.230831
vt 0.218757 0.500000
vt 0.234368 0.500000
vt 0.511157 0.273534
vt 0.514610 0.296812
vt 0.156257 0.500000
vt 0.171868 0.500000
vt 0.538344 0.363144
vt 0.550442 0.383328
vt 0.093757 0.500000
vt 0.109368 0.500000
vt 0.597754 0.435528
vt 0.616655 0.449547
vt 0.031257 0.500000
vt 0.046868 0.500000
vt 0.680341 0.479668
vt 0.703169 0.485386
vt 0.906250 0.831484
vt 0.906250 0.832247
vt 0.234097 0.026801
vt 0.236581 0.026678
vt 0.341554 0.471032
vt 0.341835 0.471734
vt 0.319678 0.479662
vt 0.953118 1.000000
vt 0.937507 1.000000
vt 0.471032 0.341554
vt 0.460993 0.362778
vt 0.471727 0.341853
vt 0.461665 0.363126
vt 0.828118 1.000000
vt 0.812507 1.000000
vt 0.734382 1.000000
vt 0.488845 0.226486
vt 0.488091 0.226550
vt 0.460994 0.137222
vt 0.471032 0.158446
vt 0.461665 0.136874
vt 0.471727 0.158147
vt 0.687493 1.000000
vt 0.671882 1.000000
vt 0.319449 0.021059
vt 0.341554 0.028968
vt 0.319678 0.020338
vt 0.341835 0.028266
vt 0.562493 1.000000
vt 0.546882 1.000000
vt 0.117084 0.051077
vt 0.137222 0.039006
vt 0.116672 0.050442
vt 0.136856 0.038344
vt 0.421868 1.000000
vt 0.406257 1.000000
vt 0.015354 0.203326
vt 0.021059 0.180551
vt 0.014614 0.203169
vt 0.020332 0.180341
vt 0.296868 1.000000
vt 0.281257 1.000000
vt 0.065063 0.401774
vt 0.064472 0.402246
vt 0.050453 0.383345
vt 0.156243 1.000000
vt 0.140632 1.000000
vt 0.226466 0.488843
vt 0.203188 0.485390
vt 0.031243 1.000000
vt 0.015632 1.000000
vt 0.391612 0.422555
vt 0.392092 0.423139
vt 0.472149 0.271880
vt 0.472902 0.271954
vt 0.422554 0.108388
vt 0.423139 0.107908
vt 0.271880 0.027851
vt 0.271954 0.027098
vt 0.108388 0.077446
vt 0.107908 0.076861
vt 0.027851 0.228120
vt 0.027098 0.228046
vt 0.077446 0.391612
vt 0.076861 0.392091
vt 0.625070 0.791841
vt 0.656250 0.790912
vt 0.026565 0.238888
vt 0.026714 0.235864
vt 0.562500 0.790955
vt 0.562500 0.791305
vt 0.987246 0.973968
vt 0.986774 0.972755
vt 0.593750 0.791305
vt 0.593750 0.791872
vt 0.921882 0.500000
vt 0.937493 0.500000
vt 0.841853 0.471727
vt 0.863126 0.461665
vt 0.859382 0.500000
vt 0.874993 0.500000
vt 0.919712 0.419698
vt 0.935516 0.402262
vt 0.796882 0.500000
vt 0.812493 0.500000
vt 0.971734 0.341835
vt 0.979662 0.319678
vt 0.509876 0.946944
vt 0.625000 0.731809
vt 0.625000 0.732572
vt 0.734382 0.500000
vt 0.749993 0.500000
vt 0.989999 0.249990
vt 0.988845 0.226486
vt 0.262745 0.972755
vt 0.261471 0.957801
vt 0.262273 0.973968
vt 0.261045 0.959561
vt 0.593750 0.692486
vt 0.562500 0.693054
vt 0.624971 0.691723
vt 0.259395 0.946944
vt 0.812500 0.689730
vt 0.781374 0.688583
vt 0.247398 0.924145
vt 0.244916 0.928868
vt 1.000000 0.791400
vt 0.468757 0.500000
vt 0.484368 0.500000
vt 0.726466 0.011157
vt 0.703188 0.014610
vt 0.843648 0.605512
vt 0.812500 0.606570
vt 0.473605 0.257654
vt 0.473435 0.261100
vt 0.473591 0.257934
vt 0.406257 0.500000
vt 0.421868 0.500000
vt 0.636856 0.038344
vt 0.616672 0.050442
vt 0.473789 0.253902
vt 0.473605 0.257639
vt 0.812376 0.606575
vt 0.781250 0.607722
vt 0.343757 0.500000
vt 0.359368 0.500000
vt 0.564472 0.097754
vt 0.550453 0.116655
vt 0.281257 0.500000
vt 0.296868 0.500000
vt 0.520332 0.180341
vt 0.514614 0.203169
vt 0.812500 0.789851
vt 0.843648 0.790909
vt 0.026565 0.261100
vt 0.026395 0.257654
vt 0.026585 0.261523
vt 0.026714 0.264135
vt 0.026565 0.261111
vt 0.843750 0.790912
vt 0.874930 0.791841
vt 0.687500 0.694508
vt 0.687500 0.693449
vt 0.261824 0.473399
vt 0.258377 0.473569
vt 0.262246 0.473379
vt 0.531250 0.690835
vt 0.265392 0.473224
vt 0.264859 0.473250
vt 0.261835 0.473399
vt 0.656250 0.693446
vt 0.656250 0.692517
vt 0.687500 0.830995
vt 0.687500 0.829937
vt 0.258377 0.026431
vt 0.261824 0.026600
vt 0.625000 0.692515
vt 0.625000 0.691752
vt 0.267351 0.473128
vt 0.264866 0.473250
vt 0.968750 0.832816
vt 0.968750 0.833165
vt 0.362778 0.460994
vt 0.363126 0.461665
vt 0.341853 0.471727
vt 0.937493 1.000000
vt 0.921882 1.000000
vt 0.478941 0.319449
vt 0.479662 0.319678
vt 0.471734 0.341835
vt 0.812493 1.000000
vt 0.796882 1.000000
vt 0.460993 0.137222
vt 0.449558 0.116672
vt 0.461656 0.136856
vt 0.671868 1.000000
vt 0.656257 1.000000
vt 0.296674 0.015354
vt 0.319449 0.021059
vt 0.296831 0.014614
vt 0.319659 0.020332
vt 0.546868 1.000000
vt 0.531257 1.000000
vt 0.098226 0.065063
vt 0.117084 0.051077
vt 0.097754 0.064472
vt 0.116655 0.050453
vt 0.406243 1.000000
vt 0.390632 1.000000
vt 0.015354 0.203326
vt 0.011157 0.226466
vt 0.014610 0.203188
vt 0.281243 1.000000
vt 0.265632 1.000000
vt 0.080830 0.419170
vt 0.080288 0.419698
vt 0.064484 0.402262
vt 0.140618 1.000000
vt 0.125007 1.000000
s 0
usemtl Material.002
f 998/1/1 2/2/1 489/3/1 733/4/1 1299/5/1 1317/6/1 1313/7/1 1310/8/1 1329/9/1 1325/10/1 1322/11/1 1333/12/1
f 17/13/2 10/14/2 738/14/2 746/13/2
f 25/15/3 17/13/3 746/13/3 750/15/3
f 34/16/4 25/15/4 750/15/4 754/16/4
f 41/17/5 34/16/5 754/16/5 758/18/5
f 42/19/6 50/20/6 517/21/6 514/22/6
f 50/20/6 58/23/6 521/24/6 517/21/6
f 66/25/7 57/26/7 766/26/7 770/25/7
f 73/27/8 66/25/8 770/25/8 773/27/8
f 74/28/6 81/29/6 533/30/6 529/31/6
f 89/32/9 82/33/9 778/33/9 782/32/9
f 90/34/6 97/35/6 541/36/6 537/37/6
f 105/38/10 98/39/10 786/39/10 790/38/10
f 113/40/11 105/38/11 790/38/11 794/40/11
f 114/41/6 122/42/6 553/43/6 549/44/6
f 121/45/12 798/45/12 802/46/12 1462/46/12 1457/47/12 1433/48/12 1437/49/12 1442/50/12 1450/51/12 1453/52/12 1446/53/12 1351/54/12
f 130/55/13 557/56/13 562/57/13 137/58/13
f 802/46/14 806/59/14 133/59/14 1363/60/14 1465/61/14 1469/62/14 1485/63/14 1489/64/14 1477/65/14 1481/66/14 1473/67/14 1462/46/14
f 142/68/6 150/69/6 565/70/6 561/71/6
f 158/72/15 149/73/15 814/73/15 818/72/15
f 166/74/16 158/72/16 818/72/16 822/74/16
f 173/75/17 166/74/17 822/74/17 826/75/17
f 181/76/18 173/75/18 826/75/18 830/77/18
f 189/78/19 181/77/19 830/76/19 834/78/19
f 198/79/20 189/78/20 834/78/20 838/79/20
f 205/80/21 198/79/21 838/79/21 842/80/21
f 213/81/22 205/80/22 842/80/22 846/81/22
f 221/82/23 213/81/23 846/81/23 850/82/23
f 230/83/24 221/82/24 850/82/24 854/83/24
f 237/84/25 230/83/25 854/83/25 858/84/25
f 245/85/26 237/84/26 858/84/26 862/85/26
f 245/85/1 862/85/1 866/86/1 1622/87/1 1617/88/1 1589/89/1 1593/90/1 1597/91/1 1601/92/1 1609/93/1 1613/94/1 1605/95/1 1374/85/1
f 253/96/2 617/97/2 622/98/2 262/99/2
f 265/100/27 258/101/27 870/101/27 874/100/27
f 273/102/28 265/100/28 874/100/28 878/102/28
f 282/103/29 273/102/29 878/102/29 882/103/29
f 290/104/30 282/103/30 882/103/30 886/104/30
f 297/105/31 290/104/31 886/104/31 890/105/31
f 305/106/32 297/105/32 890/105/32 894/107/32
f 306/108/6 314/109/6 645/110/6 642/111/6
f 322/112/33 313/113/33 898/113/33 902/114/33
f 329/115/34 322/114/34 902/112/34 906/115/34
f 337/116/35 329/115/35 906/115/35 910/116/35
f 345/117/36 337/116/36 910/116/36 914/117/36
f 354/118/37 345/117/37 914/117/37 918/118/37
f 361/119/38 354/118/38 918/118/38 922/120/38
f 369/121/39 361/119/39 922/119/39 926/121/39
f 674/122/6 370/123/6 1399/124/6 1213/125/6
f 377/126/40 678/127/40 682/128/40 386/129/40
f 1521/130/41 930/131/41 934/132/41 381/132/41 1411/133/41 1537/134/41 1541/135/41 1545/136/41 1549/137/41 1529/138/41 1533/139/41 1526/140/41
f 397/141/42 390/142/42 938/143/42 942/141/42
f 405/144/43 397/141/43 942/141/43 946/144/43
f 413/145/44 405/144/44 946/144/44 950/145/44
f 422/146/45 413/145/45 950/145/45 954/146/45
f 429/147/46 422/146/46 954/146/46 958/147/46
f 437/148/47 429/147/47 958/147/47 962/148/47
f 445/149/48 437/148/48 962/148/48 966/149/48
f 454/150/49 445/149/49 966/149/49 970/150/49
f 461/151/50 454/150/50 970/150/50 974/151/50
f 470/152/51 461/151/51 974/151/51 978/152/51
f 477/153/52 470/152/52 978/152/52 982/153/52
f 486/154/53 477/153/53 982/153/53 986/154/53
f 309/155/8 646/156/8 650/157/8 317/158/8
f 493/159/54 486/154/54 986/154/54 990/159/54
f 5/160/27 497/161/27 502/162/27 13/163/27
f 1013/164/55 497/165/55 5/160/55 2/166/55 998/167/55 993/168/55 1009/169/55 1005/170/55 1001/171/55 1037/172/55 1034/173/55 1025/174/55 1029/175/55
f 9/176/6 18/177/6 501/178/6 498/179/6
f 13/163/28 502/180/28 506/181/28 22/182/28
f 22/183/29 506/184/29 510/185/29 29/186/29
f 29/187/30 510/188/30 513/189/30 38/190/30
f 38/190/31 513/191/31 518/192/31 45/193/31
f 49/194/56 41/18/56 758/17/56 762/194/56
f 57/26/57 49/194/57 762/194/57 766/26/57
f 61/195/33 526/196/33 530/197/33 70/198/33
f 70/198/34 530/199/34 534/200/34 77/201/34
f 82/33/58 73/27/58 773/27/58 778/33/58
f 86/202/36 538/203/36 542/204/36 93/205/36
f 98/39/59 89/32/59 782/32/59 786/39/59
f 102/206/38 545/207/38 550/208/38 109/209/38
f 109/209/39 550/210/39 554/211/39 117/212/39
f 121/45/60 113/40/60 794/40/60 798/45/60
f 1089/213/41 557/214/41 130/55/41 126/215/41 1082/216/41 1109/217/41 1117/218/41 1114/219/41 1121/220/41 1101/221/41 1105/222/41 1085/223/41
f 141/224/40 133/59/40 806/59/40 810/224/40
f 1361/225/6 134/226/6 558/227/6 1091/228/6
f 149/73/61 141/224/61 810/224/61 814/73/61
f 153/229/44 570/230/44 574/231/44 162/232/44
f 162/232/45 574/233/45 577/234/45 169/235/45
f 169/235/46 577/236/46 582/237/46 177/238/46
f 177/238/47 582/239/47 586/240/47 185/241/47
f 185/242/48 586/243/48 590/244/48 194/245/48
f 194/245/49 590/246/49 594/247/49 201/248/49
f 201/248/50 594/249/50 598/250/50 210/251/50
f 210/251/51 598/252/51 602/253/51 217/254/51
f 217/255/52 602/256/52 606/257/52 226/258/52
f 226/258/53 606/259/53 609/260/53 233/261/53
f 233/261/54 609/262/54 613/263/54 241/264/54
f 1170/265/62 249/266/62 241/264/62 613/267/62 1149/268/62 1145/269/62 1142/270/62 1161/271/62 1137/272/62 1133/273/62 1129/274/62 1126/275/62 1165/276/62
f 1178/277/63 617/278/63 253/96/63 249/279/63 1170/265/63 1197/280/63 1205/281/63 1202/282/63 1209/283/63 1189/284/63 1193/285/63 1173/286/63
f 866/87/55 870/101/55 258/101/55 1387/287/55 1625/288/55 1633/289/55 1629/290/55 1649/291/55 1641/292/55 1645/293/55 1637/294/55 1622/87/55
f 1385/295/6 257/296/6 618/297/6 1177/298/6
f 269/299/4 626/300/4 630/301/4 277/302/4
f 277/303/5 630/304/5 634/305/5 285/306/5
f 285/306/56 634/307/56 638/308/56 294/309/56
f 294/310/57 638/311/57 641/312/57 301/313/57
f 301/313/7 641/314/7 646/315/7 309/316/7
f 313/113/64 305/107/64 894/106/64 898/113/64
f 317/158/58 650/317/58 654/318/58 326/319/58
f 326/320/9 654/321/9 658/322/9 333/323/9
f 333/323/59 658/324/59 662/325/59 341/326/59
f 341/327/10 662/328/10 666/329/10 349/330/10
f 349/330/11 666/331/11 670/332/11 358/333/11
f 358/334/60 670/335/60 673/336/60 365/337/60
f 374/338/12 365/337/12 673/339/12 1215/340/12 1233/341/12 1229/342/12 1226/343/12 1249/344/12 1245/345/12 1241/346/12 1237/347/12 1254/348/12
f 1397/349/65 369/121/65 926/121/65 930/350/65 1521/131/65 1517/351/65 1506/352/65 1509/353/65 1513/354/65 1493/355/65 1497/356/65 1501/357/65
f 390/143/13 381/132/13 934/132/13 938/142/13
f 1409/358/6 382/359/6 677/360/6 1271/361/6
f 394/362/15 686/363/15 690/364/15 401/365/15
f 401/366/16 690/367/16 694/368/16 409/369/16
f 409/370/17 694/371/17 698/372/17 418/373/17
f 418/374/18 698/375/18 702/376/18 426/377/18
f 426/378/19 702/379/19 705/380/19 433/381/19
f 433/381/20 705/382/20 710/383/20 441/384/20
f 441/385/21 710/386/21 714/387/21 450/388/21
f 450/389/22 714/390/22 718/391/22 458/392/22
f 458/393/23 718/394/23 722/395/23 465/396/23
f 465/396/24 722/397/24 726/398/24 473/399/24
f 473/400/25 726/401/25 730/402/25 482/403/25
f 482/403/26 730/404/26 733/405/26 489/3/26
f 1422/406/62 493/159/62 990/159/62 742/407/62 1558/407/62 1677/408/62 1665/409/62 1669/410/62 1673/411/62 1653/412/62 1657/413/62 1661/414/62
f 785/415/6 781/416/6 777/417/6 774/418/6 769/419/6 765/420/6 761/421/6 757/422/6 753/423/6 749/424/6 745/425/6 737/426/6 741/427/6 989/428/6 985/429/6 981/430/6 977/431/6 973/432/6 969/433/6 965/434/6 961/435/6 957/436/6 953/437/6 949/438/6 945/439/6 941/440/6 937/441/6 933/442/6 929/443/6 925/444/6 921/445/6 917/446/6 913/447/6 909/448/6 905/449/6 901/450/6 897/451/6 893/452/6 889/453/6 885/454/6 881/455/6 877/456/6 873/457/6 869/458/6 865/459/6 861/460/6 857/461/6 853/462/6 849/463/6 845/464/6 841/465/6 837/466/6 833/467/6 829/468/6 825/469/6 821/470/6 817/471/6 813/472/6 809/473/6 805/474/6 801/475/6 797/476/6 793/477/6 789/478/6
f 106/483/6 114/484/6 549/485/6 546/486/6
f 314/487/6 321/488/6 649/489/6 645/110/6
f 1082/490/65 126/491/65 117/492/65 554/493/65 1063/494/65 1057/495/65 1077/496/65 1074/497/65 1053/498/65 1049/499/65 1045/500/65 1042/501/65
f 321/502/6 330/503/6 653/504/6 649/489/6
f 1061/505/6 553/43/6 122/42/6 1350/506/6
f 330/507/6 338/508/6 657/509/6 653/510/6
f 134/226/6 142/511/6 561/512/6 558/513/6
f 338/508/6 346/514/6 661/515/6 657/509/6
f 137/58/42 562/516/42 566/517/42 145/518/42
f 346/514/6 353/519/6 665/520/6 661/521/6
f 145/518/43 566/522/43 570/523/43 153/524/43
f 353/519/6 362/525/6 669/526/6 665/527/6
f 150/69/6 157/528/6 569/529/6 565/530/6
f 362/531/6 370/123/6 674/122/6 669/532/6
f 157/528/6 165/533/6 573/534/6 569/529/6
f 1269/535/14 678/536/14 377/126/14 374/537/14 1254/538/14 1258/539/14 1265/540/14 1262/541/14 1293/542/14 1285/543/14 1289/544/14 1281/545/14
f 165/546/6 174/547/6 578/548/6 573/549/6
f 382/359/6 389/550/6 681/551/6 677/552/6
f 174/553/6 182/554/6 581/555/6 578/556/6
f 386/129/61 682/557/61 686/558/61 394/559/61
f 182/560/6 190/561/6 585/562/6 581/555/6
f 389/550/6 398/563/6 685/564/6 681/551/6
f 190/565/6 197/566/6 589/567/6 585/568/6
f 398/569/6 406/570/6 689/571/6 685/572/6
f 197/573/6 206/574/6 593/575/6 589/567/6
f 406/576/6 414/577/6 693/578/6 689/579/6
f 206/580/6 214/581/6 597/582/6 593/583/6
f 9/584/6 498/179/6 1015/585/6 1338/586/6
f 414/577/6 421/587/6 697/588/6 693/589/6
f 214/590/6 222/591/6 601/592/6 597/582/6
f 742/593/63 738/14/63 10/14/63 1337/14/63 1577/594/63 1573/595/63 1581/596/63 1585/597/63 1561/598/63 1565/599/63 1569/600/63 1553/601/63 1558/602/63
f 421/587/6 430/603/6 701/604/6 697/588/6
f 222/591/6 229/605/6 605/606/6 601/592/6
f 18/607/6 26/608/6 505/609/6 501/610/6
f 430/611/6 438/612/6 706/613/6 701/604/6
f 229/614/6 238/615/6 610/616/6 605/606/6
f 26/608/6 33/617/6 509/618/6 505/619/6
f 438/620/6 446/621/6 709/622/6 706/623/6
f 238/615/6 246/624/6 614/625/6 610/626/6
f 33/617/6 42/627/6 514/628/6 509/618/6
f 446/629/6 453/630/6 713/631/6 709/622/6
f 1150/632/6 614/633/6 246/624/6 1373/634/6
f 45/193/32 518/635/32 522/636/32 53/637/32
f 453/638/6 462/639/6 717/640/6 713/641/6
f 262/99/3 622/642/3 626/643/3 269/299/3
f 53/644/64 522/645/64 526/646/64 61/195/64
f 462/647/6 469/648/6 721/649/6 717/640/6
f 257/296/6 266/650/6 621/651/6 618/652/6
f 58/23/6 65/653/6 525/654/6 521/24/6
f 469/648/6 478/655/6 725/656/6 721/649/6
f 266/657/6 274/658/6 625/659/6 621/660/6
f 65/661/6 74/28/6 529/31/6 525/662/6
f 478/655/6 485/663/6 729/664/6 725/656/6
f 274/658/6 281/665/6 629/666/6 625/667/6
f 77/201/35 534/668/35 538/669/35 86/670/35
f 485/671/6 494/672/6 734/673/6 729/674/6
f 281/675/6 289/676/6 633/677/6 629/678/6
f 81/29/6 90/679/6 537/680/6 533/681/6
f 1297/682/6 734/673/6 494/683/6 1421/684/6
f 289/676/6 298/685/6 637/686/6 633/687/6
f 93/688/37 542/689/37 545/690/37 102/206/37
f 298/691/6 306/108/6 642/111/6 637/692/6
f 97/35/6 106/693/6 546/486/6 541/36/6
f 1013/164/98 1016/919/98 1018/920/98 1017/921/98
f 1016/919/99 1020/922/99 1021/923/99 1018/920/99
f 1019/927/101 1023/928/101 1024/929/101 1021/930/101
f 1015/585/102 1022/931/102 1024/929/102 1023/928/102
f 1022/931/103 1017/932/103 1018/933/103 1024/929/103
f 1018/933/104 1021/930/104 1024/929/104
f 1061/505/105 1064/934/105 1066/935/105 1065/936/105
f 1064/934/106 1068/937/106 1069/938/106 1066/935/106
f 1067/942/108 1071/943/108 1072/944/108 1069/945/108
f 1063/494/109 1070/946/109 1072/944/109 1071/943/109
f 1070/947/110 1065/936/110 1066/935/110 1072/948/110
f 1066/935/111 1069/938/111 1072/948/111
f 1089/213/112 1092/949/112 1094/950/112 1093/951/112
f 1092/949/113 1096/952/113 1097/953/113 1094/950/113
f 1095/957/115 1099/958/115 1100/959/115 1097/960/115
f 1091/228/116 1098/961/116 1100/959/116 1099/958/116
f 1098/961/117 1093/962/117 1094/963/117 1100/959/117
f 1094/963/118 1097/960/118 1100/959/118
f 1149/268/119 1152/964/119 1154/965/119 1153/966/119
f 1152/967/120 1156/968/120 1157/969/120 1154/970/120
f 1150/632/121 1155/971/121 1157/969/121 1156/968/121
f 1155/971/122 1159/972/122 1160/973/122 1157/969/122
f 1158/977/124 1153/966/124 1154/965/124 1160/978/124
f 1154/970/125 1157/969/125 1160/973/125
f 1177/298/126 1180/979/126 1182/980/126 1181/981/126
f 1180/979/127 1184/982/127 1185/983/127 1182/980/127
f 1178/277/128 1183/984/128 1185/985/128 1184/986/128
f 1183/984/129 1187/987/129 1188/988/129 1185/985/129
f 1186/992/131 1181/981/131 1182/980/131 1188/993/131
f 1182/980/132 1185/983/132 1188/993/132
f 1213/125/133 1216/994/133 1218/995/133 1217/996/133
f 1216/994/134 1220/997/134 1221/998/134 1218/995/134
f 1219/1002/136 1223/1003/136 1224/1004/136 1221/1005/136
f 1215/340/137 1222/1006/137 1224/1004/137 1223/1003/137
f 1222/1007/138 1217/996/138 1218/995/138 1224/1008/138
f 1218/995/139 1221/998/139 1224/1008/139
f 1269/535/140 1272/1009/140 1274/1010/140 1273/1011/140
f 1272/1009/141 1276/1012/141 1277/1013/141 1274/1010/141
f 1275/1017/143 1279/1018/143 1280/1019/143 1277/1020/143
f 1271/361/144 1278/1021/144 1280/1019/144 1279/1018/144
f 1278/1021/145 1273/1022/145 1274/1023/145 1280/1019/145
f 1274/1023/146 1277/1020/146 1280/1019/146
f 1297/682/147 1300/1024/147 1302/1025/147 1301/1026/147
f 1300/1024/148 1304/1027/148 1305/1028/148 1302/1025/148
f 1303/1032/150 1307/1033/150 1308/1034/150 1305/1035/150
f 1299/5/151 1306/1036/151 1308/1034/151 1307/1033/151
f 1306/1037/152 1301/1026/152 1302/1025/152 1308/1038/152
f 1302/1025/153 1305/1028/153 1308/1038/153
f 1337/14/154 1340/1039/154 1342/1040/154 1341/1041/154
f 1340/1039/155 1344/1042/155 1345/1043/155 1342/1040/155
f 1338/586/156 1343/1044/156 1345/1043/156 1344/1042/156
f 1343/1044/157 1347/1045/157 1348/1046/157 1345/1043/157
f 1346/1050/159 1341/1041/159 1342/1040/159 1348/1051/159
f 1342/1052/160 1345/1043/160 1348/1046/160
f 1352/1056/162 1356/1057/162 1357/1058/162 1354/1059/162
f 1350/506/163 1355/1060/163 1357/1058/163 1356/1057/163
f 1355/1060/164 1359/1061/164 1360/1062/164 1357/1058/164
f 1351/54/165 1358/1063/165 1360/1062/165 1359/1061/165
f 1358/1063/166 1353/1064/166 1354/1065/166 1360/1062/166
f 1354/1065/167 1357/1066/167 1360/1062/167
f 1361/225/168 1364/1067/168 1366/1068/168 1365/1069/168
f 1364/1067/169 1368/1070/169 1369/1071/169 1366/1068/169
f 1367/1075/171 1371/1076/171 1372/1077/171 1369/1078/171
f 1363/60/172 1370/1079/172 1372/1077/172 1371/1076/172
f 1370/1079/173 1365/1069/173 1366/1068/173 1372/1077/173
f 1366/1080/174 1369/1078/174 1372/1077/174
f 1373/634/175 1376/1081/175 1378/1082/175 1377/1083/175
f 1376/1081/176 1380/1084/176 1381/1085/176 1378/1082/176
f 1374/85/177 1379/1086/177 1381/1085/177 1380/1084/177
f 1379/1086/178 1383/1087/178 1384/1088/178 1381/1085/178
f 1382/1092/180 1377/1083/180 1378/1082/180 1384/1093/180
f 1378/1094/181 1381/1085/181 1384/1088/181
f 1385/295/182 1388/1095/182 1390/1096/182 1389/1097/182
f 1388/1095/183 1392/1098/183 1393/1099/183 1390/1096/183
f 1391/1103/185 1395/1104/185 1396/1105/185 1393/1106/185
f 1387/287/186 1394/1107/186 1396/1105/186 1395/1104/186
f 1394/1107/187 1389/1097/187 1390/1096/187 1396/1105/187
f 1390/1108/188 1393/1106/188 1396/1105/188
f 1397/349/189 1400/1109/189 1402/1110/189 1401/1111/189
f 1400/1109/190 1404/1112/190 1405/1113/190 1402/1110/190
f 1403/1117/192 1407/1118/192 1408/1119/192 1405/1120/192
f 1399/124/193 1406/1121/193 1408/1119/193 1407/1118/193
f 1406/1121/194 1401/1111/194 1402/1110/194 1408/1119/194
f 1402/1110/195 1405/1113/195 1408/1122/195
f 1409/358/196 1412/1123/196 1414/1124/196 1413/1125/196
f 1412/1123/197 1416/1126/197 1417/1127/197 1414/1124/197
f 1415/1131/199 1419/1132/199 1420/1133/199 1417/1134/199
f 1411/133/200 1418/1135/200 1420/1133/200 1419/1132/200
f 1418/1135/201 1413/1125/201 1414/1124/201 1420/1133/201
f 1414/1136/202 1417/1134/202 1420/1133/202
f 1421/684/203 1424/1137/203 1426/1138/203 1425/1139/203
f 1424/1137/204 1428/1140/204 1429/1141/204 1426/1138/204
f 1422/406/205 1427/1142/205 1429/1141/205 1428/1140/205
f 1427/1142/206 1431/1143/206 1432/1144/206 1429/1141/206
f 1430/1148/208 1425/1139/208 1426/1138/208 1432/1149/208
f 1426/1150/209 1429/1141/209 1432/1144/209
f 2/166/210 5/160/210 7/1151/210 4/1152/210
f 4/1153/211 7/1154/211 8/1155/211 3/1156/211
f 3/1156/212 8/1155/212 6/1157/212 1/1158/212
f 34/16/213 41/17/213 43/1159/213 36/1160/213
f 36/1160/214 43/1159/214 44/1161/214 35/1162/214
f 35/1162/215 44/1161/215 42/627/215 33/617/215
f 1592/1165/217 1596/1166/217 1595/1167/217 1591/1168/217
f 1591/1168/218 1595/1167/218 1593/90/218 1589/89/218
f 66/25/219 73/27/219 75/1169/219 68/1170/219
f 68/1170/220 75/1169/220 76/1171/220 67/1172/220
f 67/1172/221 76/1171/221 74/28/221 65/661/221
f 614/633/222 1150/632/222 1156/968/222 616/1173/222
f 616/1173/223 1156/968/223 1152/967/223 615/1174/223
f 615/1175/224 1152/964/224 1149/268/224 613/267/224
f 98/39/225 105/38/225 107/1176/225 100/1177/225
f 100/1177/226 107/1176/226 108/1178/226 99/1179/226
f 99/1179/227 108/1178/227 106/693/227 97/35/227
f 130/55/228 137/58/228 139/1180/228 132/1181/228
f 132/1182/229 139/1183/229 140/1184/229 131/1185/229
f 131/1185/230 140/1184/230 138/1186/230 129/1187/230
f 1200/1190/232 1208/1191/232 1207/1192/232 1199/1193/232
f 1199/1193/233 1207/1192/233 1205/281/233 1197/280/233
f 162/232/234 169/235/234 171/1194/234 164/1195/234
f 164/1196/235 171/1197/235 172/1198/235 163/1199/235
f 163/1199/236 172/1198/236 170/1200/236 161/1201/236
f 1240/1204/238 1255/1205/238 1256/1206/238 1239/1207/238
f 1239/1207/239 1256/1206/239 1254/348/239 1237/347/239
f 678/536/240 1269/535/240 1273/1011/240 680/1208/240
f 680/1209/241 1273/1022/241 1278/1021/241 679/1210/241
f 679/1210/242 1278/1021/242 1271/361/242 677/360/242
f 194/245/243 201/248/243 203/1211/243 196/1212/243
f 196/1213/244 203/1214/244 204/1215/244 195/1216/244
f 195/1216/245 204/1215/245 202/1217/245 193/1218/245
f 226/258/246 233/261/246 235/1219/246 228/1220/246
f 228/1221/247 235/1222/247 236/1223/247 227/1224/247
f 227/1224/248 236/1223/248 234/1225/248 225/1226/248
f 998/1/249 1333/12/249 1335/1227/249 1000/1228/249
f 1000/1228/250 1335/1227/250 1336/1229/250 999/1230/250
f 134/226/252 1361/225/252 1365/1069/252 136/1233/252
f 136/1233/253 1365/1069/253 1370/1079/253 135/1234/253
f 135/1234/254 1370/1079/254 1363/60/254 133/59/254
f 1150/632/255 1373/634/255 1377/1083/255 1155/971/255
f 1155/971/256 1377/1083/256 1382/1092/256 1159/972/256
f 258/101/258 265/100/258 267/1235/258 260/1236/258
f 260/1236/259 267/1235/259 268/1237/259 259/1238/259
f 259/1238/260 268/1237/260 266/650/260 257/296/260
f 1275/1017/262 1416/1126/262 1412/1123/262 1279/1018/262
f 1279/1018/263 1412/1123/263 1409/358/263 1271/361/263
f 290/104/264 297/105/264 299/1239/264 292/1240/264
f 292/1240/265 299/1239/265 300/1241/265 291/1242/265
f 291/1242/266 300/1241/266 298/685/266 289/676/266
f 1446/53/267 1453/52/267 1455/1243/267 1448/1244/267
f 1448/1244/268 1455/1243/268 1456/1245/268 1447/1246/268
f 1496/1251/271 1500/1252/271 1499/1253/271 1495/1254/271
f 1495/1254/272 1499/1253/272 1497/356/272 1493/355/272
f 322/114/273 329/115/273 331/1255/273 324/1256/273
f 324/1256/274 331/1255/274 332/1257/274 323/1258/274
f 323/1258/275 332/1257/275 330/503/275 321/502/275
f 1477/65/276 1489/64/276 1491/1259/276 1479/1260/276
f 1479/1260/277 1491/1259/277 1492/1261/277 1480/1262/277
f 1440/1267/280 1443/1268/280 1444/1269/280 1439/1270/280
f 1439/1270/281 1444/1269/281 1442/50/281 1437/49/281
f 354/118/282 361/119/282 363/1271/282 356/1272/282
f 356/1272/283 363/1271/283 364/1273/283 355/1274/283
f 355/1274/284 364/1273/284 362/525/284 353/519/284
f 1262/541/285 1265/540/285 1267/1275/285 1264/1276/285
f 1264/1276/286 1267/1275/286 1268/1277/286 1263/1278/286
f 418/374/288 426/377/288 428/1281/288 420/1282/288
f 420/1283/289 428/1284/289 427/1285/289 419/1286/289
f 419/1286/290 427/1285/290 425/1287/290 417/1288/290
f 1576/1291/292 1584/1292/292 1583/1293/292 1575/1294/292
f 1575/1294/293 1583/1293/293 1581/596/293 1573/595/293
f 1374/85/294 1605/95/294 1607/1295/294 1379/1086/294
f 1379/1086/295 1607/1295/295 1608/1296/295 1383/1087/295
f 450/389/297 458/392/297 460/1298/297 452/1299/297
f 452/1300/298 460/1301/298 459/1302/298 451/1303/298
f 451/1303/299 459/1302/299 457/1304/299 449/1305/299
f 1605/95/300 1613/94/300 1615/1306/300 1607/1295/300
f 1607/1295/301 1615/1306/301 1616/1307/301 1608/1296/301
f 482/403/303 489/3/303 491/1310/303 484/1311/303
f 484/1312/304 491/1313/304 492/1314/304 483/1315/304
f 483/1315/305 492/1314/305 490/1316/305 481/1317/305
f 1637/294/306 1645/293/306 1647/1318/306 1639/1319/306
f 1639/1319/307 1647/1318/307 1648/1320/307 1640/1321/307
f 282/103/309 290/104/309 292/1240/309 284/1324/309
f 284/1324/310 292/1240/310 291/1242/310 283/1325/310
f 283/1325/311 291/1242/311 289/676/311 281/675/311
f 514/22/266 517/21/266 519/1326/266 516/1327/266
f 516/1327/265 519/1326/265 520/1328/265 515/1329/265
f 515/1330/264 520/1331/264 518/192/264 513/191/264
f 1672/1334/313 1676/1335/313 1675/1336/313 1671/1337/313
f 1671/1337/314 1675/1336/314 1673/411/314 1669/410/314
f 546/486/315 549/485/315 551/1338/315 548/1339/315
f 548/1339/283 551/1338/283 552/1340/283 547/1341/283
f 547/1342/282 552/1343/282 550/208/282 545/207/282
f 578/556/316 581/555/316 583/1344/316 580/1345/316
f 580/1345/317 583/1344/317 584/1346/317 579/1347/317
f 579/1348/318 584/1349/318 582/237/318 577/236/318
f 610/626/319 614/625/319 616/1350/319 612/1351/319
f 612/1351/320 616/1350/320 615/1352/320 611/1353/320
f 611/1354/321 615/1355/321 613/263/321 609/262/321
f 642/111/322 645/110/322 647/1356/322 644/1357/322
f 644/1357/323 647/1356/323 648/1358/323 643/1359/323
f 643/1360/324 648/1361/324 646/315/324 641/314/324
f 706/623/325 709/622/325 711/1362/325 708/1363/325
f 708/1363/326 711/1362/326 712/1364/326 707/1365/326
f 707/1366/327 712/1367/327 710/383/327 705/382/327
f 738/14/328 742/593/328 744/1368/328 740/1369/328
f 740/1369/329 744/1368/329 743/1370/329 739/1371/329
f 739/1371/330 743/1370/330 741/427/330 737/426/330
f 737/426/331 745/425/331 747/1372/331 739/1371/331
f 739/1371/332 747/1372/332 748/1373/332 740/1369/332
f 740/1369/333 748/1373/333 746/13/333 738/14/333
f 1526/140/334 1533/139/334 1535/1374/334 1528/1375/334
f 1528/1375/335 1535/1374/335 1536/1376/335 1527/1377/335
f 801/475/337 805/474/337 807/1380/337 803/1381/337
f 803/1381/338 807/1380/338 808/1382/338 804/1383/338
f 804/1383/339 808/1382/339 806/59/339 802/46/339
f 1310/8/340 1313/7/340 1315/1384/340 1312/1385/340
f 1312/1385/341 1315/1384/341 1316/1386/341 1311/1387/341
f 833/467/325 837/466/325 839/1390/325 835/1391/325
f 835/1391/326 839/1390/326 840/1392/326 836/1393/326
f 836/1393/327 840/1392/327 838/79/327 834/78/327
f 105/38/343 113/40/343 115/1394/343 107/1176/343
f 107/1176/344 115/1394/344 116/1395/344 108/1178/344
f 108/1178/345 116/1395/345 114/484/345 106/483/345
f 865/459/346 869/458/346 871/1396/346 867/1397/346
f 867/1397/347 871/1396/347 872/1398/347 868/1399/347
f 868/1399/348 872/1398/348 870/101/348 866/87/348
f 897/451/349 901/450/349 903/1400/349 899/1401/349
f 899/1401/350 903/1400/350 904/1402/350 900/1403/350
f 900/1403/351 904/1402/351 902/114/351 898/113/351
f 929/443/352 933/442/352 935/1404/352 931/1405/352
f 931/1405/353 935/1404/353 936/1406/353 932/1407/353
f 932/1407/354 936/1406/354 934/132/354 930/131/354
f 961/435/355 965/434/355 967/1408/355 963/1409/355
f 963/1409/356 967/1408/356 968/1410/356 964/1411/356
f 964/1411/357 968/1410/357 966/149/357 962/148/357
f 1506/352/358 1517/351/358 1519/1412/358 1508/1413/358
f 1508/1413/359 1519/1412/359 1520/1414/359 1507/1415/359
f 996/1420/362 1012/1421/362 1011/1422/362 995/1423/362
f 995/1423/363 1011/1422/363 1009/169/363 993/168/363
f 1544/1426/365 1548/1427/365 1547/1428/365 1543/1429/365
f 1543/1429/366 1547/1428/366 1545/136/366 1541/135/366
f 1034/173/367 1037/172/367 1039/1430/367 1036/1431/367
f 1036/1431/368 1039/1430/368 1040/1432/368 1035/1433/368
f 5/160/370 13/163/370 15/1436/370 7/1437/370
f 7/1438/371 15/1439/371 16/1440/371 8/1155/371
f 8/1155/372 16/1440/372 14/1441/372 6/1157/372
f 1074/497/373 1077/496/373 1079/1442/373 1076/1443/373
f 1076/1443/374 1079/1442/374 1080/1444/374 1075/1445/374
f 38/190/376 45/193/376 47/1448/376 40/1449/376
f 40/1450/377 47/1451/377 48/1452/377 39/1453/377
f 39/1453/378 48/1452/378 46/1454/378 37/1455/378
f 1114/219/379 1117/218/379 1119/1456/379 1116/1457/379
f 1116/1457/380 1119/1456/380 1120/1458/380 1115/1459/380
f 1115/1464/383 1124/1465/383 1123/1466/383 1116/1457/383
f 1116/1457/384 1123/1466/384 1121/220/384 1114/219/384
f 70/198/385 77/201/385 79/1467/385 72/1468/385
f 72/1469/386 79/1470/386 80/1471/386 71/1472/386
f 71/1472/387 80/1471/387 78/1473/387 69/1474/387
f 1145/269/388 1149/268/388 1153/966/388 1147/1475/388
f 1147/1475/389 1153/966/389 1158/977/389 1148/1476/389
f 102/206/391 109/209/391 111/1478/391 104/1479/391
f 104/1480/392 111/1481/392 112/1482/392 103/1483/392
f 103/1483/393 112/1482/393 110/1484/393 101/1485/393
f 133/59/394 141/224/394 143/1486/394 135/1234/394
f 135/1234/395 143/1486/395 144/1487/395 136/1233/395
f 136/1233/396 144/1487/396 142/511/396 134/226/396
f 674/122/397 1213/125/397 1217/996/397 676/1488/397
f 676/1488/398 1217/996/398 1222/1007/398 675/1489/398
f 675/1490/399 1222/1006/399 1215/340/399 673/339/399
f 166/74/400 173/75/400 175/1491/400 168/1492/400
f 168/1492/401 175/1491/401 176/1493/401 167/1494/401
f 167/1494/402 176/1493/402 174/547/402 165/546/402
f 158/72/403 166/74/403 168/1492/403 160/1495/403
f 160/1495/404 168/1492/404 167/1494/404 159/1496/404
f 159/1496/405 167/1494/405 165/533/405 157/528/405
f 198/79/406 205/80/406 207/1497/406 200/1498/406
f 200/1498/407 207/1497/407 208/1499/407 199/1500/407
f 199/1500/408 208/1499/408 206/574/408 197/573/408
f 1313/7/409 1317/6/409 1319/1501/409 1315/1384/409
f 1315/1384/410 1319/1501/410 1320/1502/410 1316/1386/410
f 230/83/412 237/84/412 239/1505/412 232/1506/412
f 232/1506/413 239/1505/413 240/1507/413 231/1508/413
f 231/1508/414 240/1507/414 238/615/414 229/614/414
f 257/296/415 1385/295/415 1389/1097/415 259/1238/415
f 259/1238/416 1389/1097/416 1394/1107/416 260/1236/416
f 260/1236/417 1394/1107/417 1387/287/417 258/101/417
f 262/99/418 269/299/418 271/1509/418 264/1510/418
f 264/1511/419 271/1512/419 272/1513/419 263/1514/419
f 263/1514/420 272/1513/420 270/1515/420 261/1516/420
f 1443/1519/422 1451/1520/422 1452/1521/422 1444/1269/422
f 1444/1269/423 1452/1521/423 1450/51/423 1442/50/423
f 294/310/424 301/313/424 303/1522/424 296/1523/424
f 296/1524/425 303/1525/425 304/1526/425 295/1527/425
f 295/1527/426 304/1526/426 302/1528/426 293/1529/426
f 1367/1075/428 1468/1531/428 1467/1532/428 1371/1076/428
f 1371/1076/429 1467/1532/429 1465/61/429 1363/60/429
f 82/33/430 89/32/430 91/1533/430 84/1534/430
f 84/1534/431 91/1533/431 92/1535/431 83/1536/431
f 83/1536/432 92/1535/432 90/679/432 81/29/432
f 1473/67/433 1481/66/433 1483/1537/433 1475/1538/433
f 1475/1538/434 1483/1537/434 1484/1539/434 1476/1540/434
f 326/320/436 333/323/436 335/1543/436 328/1544/436
f 328/1545/437 335/1546/437 336/1547/437 327/1548/437
f 327/1548/438 336/1547/438 334/1549/438 325/1550/438
f 1507/1553/440 1512/1554/440 1511/1555/440 1508/1413/440
f 1508/1413/441 1511/1555/441 1509/353/441 1506/352/441
f 358/334/442 365/337/442 367/1556/442 360/1557/442
f 360/1558/443 367/1559/443 368/1560/443 359/1561/443
f 359/1561/444 368/1560/444 366/1562/444 357/1563/444
f 1540/1565/446 1544/1426/446 1543/1429/446 1539/1566/446
f 1539/1566/447 1543/1429/447 1541/135/447 1537/134/447
f 390/142/448 397/141/448 399/1567/448 392/1568/448
f 392/1568/449 399/1567/449 400/1569/449 391/1570/449
f 391/1570/450 400/1569/450 398/563/450 389/550/450
f 422/146/318 429/147/318 431/1571/318 424/1572/318
f 424/1572/451 431/1571/451 432/1573/451 423/1574/451
f 423/1574/316 432/1573/316 430/603/316 421/587/316
f 1517/351/452 1521/131/452 1523/1575/452 1519/1412/452
f 1519/1412/453 1523/1575/453 1524/131/453 1520/1576/453
f 454/150/455 461/151/455 463/1579/455 456/1580/455
f 456/1580/456 463/1579/456 464/1581/456 455/1582/456
f 455/1582/457 464/1581/457 462/639/457 453/638/457
f 1660/1585/459 1664/1586/459 1663/1587/459 1659/1588/459
f 1659/1588/460 1663/1587/460 1661/414/460 1657/413/460
f 486/154/321 493/159/321 495/1589/321 488/1590/321
f 488/1590/320 495/1589/320 496/1591/320 487/1592/320
f 487/1592/319 496/1591/319 494/672/319 485/671/319
f 1668/1595/462 1672/1596/462 1671/1337/462 1667/1597/462
f 1667/1597/463 1671/1337/463 1669/410/463 1665/409/463
f 517/21/464 521/24/464 523/1598/464 519/1599/464
f 519/1599/465 523/1598/465 524/1600/465 520/1601/465
f 520/1602/466 524/1603/466 522/636/466 518/635/466
f 1665/409/467 1677/408/467 1679/1604/467 1667/1597/467
f 1667/1597/468 1679/1604/468 1680/1605/468 1668/1606/468
f 549/44/470 553/43/470 555/1609/470 551/1338/470
f 551/1338/471 555/1609/471 556/1610/471 552/1611/471
f 552/1612/472 556/1613/472 554/211/472 550/210/472
f 581/555/473 585/562/473 587/1614/473 583/1615/473
f 583/1615/474 587/1614/474 588/1616/474 584/1617/474
f 584/1618/475 588/1619/475 586/240/475 582/239/475
f 645/110/221 649/489/221 651/1620/221 647/1621/221
f 647/1621/220 651/1620/220 652/1622/220 648/1623/220
f 648/1624/219 652/1625/219 650/157/219 646/156/219
f 677/552/396 681/551/396 683/1626/396 679/1627/396
f 679/1627/395 683/1626/395 684/1628/395 680/1629/395
f 680/1630/394 684/1631/394 682/128/394 678/127/394
f 709/622/408 713/631/408 715/1632/408 711/1633/408
f 711/1633/476 715/1632/476 716/1634/476 712/1635/476
f 712/1636/406 716/1637/406 714/387/406 710/386/406
f 774/418/477 777/417/477 779/1638/477 776/1639/477
f 776/1639/478 779/1638/478 780/1640/478 775/1641/478
f 775/1641/479 780/1640/479 778/33/479 773/27/479
f 805/474/396 809/473/396 811/1642/396 807/1380/396
f 807/1380/395 811/1642/395 812/1643/395 808/1382/395
f 808/1382/394 812/1643/394 810/224/394 806/59/394
f 769/419/221 774/418/221 776/1639/221 771/1644/221
f 771/1644/220 776/1639/220 775/1641/220 772/1645/220
f 772/1645/219 775/1641/219 773/27/219 770/25/219
f 837/466/408 841/465/408 843/1646/408 839/1390/408
f 839/1390/407 843/1646/407 844/1647/407 840/1392/407
f 840/1392/406 844/1647/406 842/80/406 838/79/406
f 869/458/260 873/457/260 875/1648/260 871/1396/260
f 871/1396/480 875/1648/480 876/1649/480 872/1398/480
f 872/1398/258 876/1649/258 874/100/258 870/101/258
f 901/450/275 905/449/275 907/1650/275 903/1400/275
f 903/1400/481 907/1650/481 908/1651/481 904/1402/481
f 904/1402/273 908/1651/273 906/115/273 902/112/273
f 933/442/482 937/441/482 939/1652/482 935/1404/482
f 935/1404/483 939/1652/483 940/1653/483 936/1406/483
f 936/1406/484 940/1653/484 938/142/484 934/132/484
f 965/434/485 969/433/485 971/1654/485 967/1408/485
f 967/1408/486 971/1654/486 972/1655/486 968/1410/486
f 968/1410/487 972/1655/487 970/150/487 966/149/487
f 742/407/488 990/159/488 992/1656/488 744/1368/488
f 744/1368/489 992/1656/489 991/1657/489 743/1370/489
f 743/1370/490 991/1657/490 989/428/490 741/427/490
f 1045/500/491 1049/499/491 1051/1658/491 1047/1659/491
f 1047/1659/492 1051/1658/492 1052/1660/492 1048/1661/492
f 237/84/494 245/85/494 247/1664/494 239/1505/494
f 239/1505/495 247/1664/495 248/1665/495 240/1507/495
f 240/1507/496 248/1665/496 246/624/496 238/615/496
f 1088/1667/498 1096/952/498 1092/949/498 1087/1668/498
f 1087/1668/499 1092/949/499 1089/213/499 1085/223/499
f 1085/223/500 1105/222/500 1107/1669/500 1087/1668/500
f 1087/1668/501 1107/1669/501 1108/1670/501 1088/1667/501
f 1126/275/503 1129/274/503 1131/1672/503 1128/1673/503
f 1128/1673/504 1131/1672/504 1132/1674/504 1127/1675/504
f 1127/1680/507 1168/1681/507 1167/1682/507 1128/1673/507
f 1128/1673/508 1167/1682/508 1165/276/508 1126/275/508
f 1168/1685/510 1171/1686/510 1172/1687/510 1167/1682/510
f 1167/1682/511 1172/1687/511 1170/265/511 1165/276/511
f 137/58/512 145/518/512 147/1688/512 139/1689/512
f 139/1690/513 147/1691/513 148/1692/513 140/1184/513
f 140/1184/514 148/1692/514 146/1693/514 138/1186/514
f 10/14/333 17/13/333 19/1694/333 12/1695/333
f 12/1695/515 19/1694/515 20/1696/515 11/1697/515
f 11/1697/331 20/1696/331 18/177/331 9/176/331
f 169/235/516 177/238/516 179/1698/516 171/1699/516
f 171/1700/517 179/1701/517 180/1702/517 172/1198/517
f 172/1198/518 180/1702/518 178/1703/518 170/1200/518
f 201/248/519 210/251/519 212/1704/519 203/1705/519
f 203/1706/520 212/1707/520 211/1708/520 204/1215/520
f 204/1215/521 211/1708/521 209/1709/521 202/1217/521
f 1285/543/522 1293/542/522 1295/1710/522 1287/1711/522
f 1287/1711/523 1295/1710/523 1296/1712/523 1288/1713/523
f 233/261/525 241/264/525 243/1716/525 235/1717/525
f 235/1718/526 243/1719/526 244/1720/526 236/1223/526
f 236/1223/527 244/1720/527 242/1721/527 234/1225/527
f 265/100/528 273/102/528 275/1722/528 267/1235/528
f 267/1235/529 275/1722/529 276/1723/529 268/1237/529
f 268/1237/530 276/1723/530 274/658/530 266/657/530
f 493/159/531 1422/406/531 1428/1140/531 495/1589/531
f 495/1589/532 1428/1140/532 1424/1137/532 496/1591/532
f 496/1591/533 1424/1137/533 1421/684/533 494/683/533
f 297/105/466 305/106/466 307/1724/466 299/1239/466
f 299/1239/534 307/1724/534 308/1725/534 300/1241/534
f 300/1241/464 308/1725/464 306/108/464 298/691/464
f 329/115/535 337/116/535 339/1726/535 331/1255/535
f 331/1255/536 339/1726/536 340/1727/536 332/1257/536
f 332/1257/537 340/1727/537 338/508/537 330/507/537
f 1397/349/538 1501/357/538 1503/1728/538 1400/1109/538
f 1400/1109/539 1503/1728/539 1504/1729/539 1404/1112/539
f 361/119/472 369/121/472 371/1731/472 363/1271/472
f 363/1271/471 371/1731/471 372/1732/471 364/1273/471
f 364/1273/470 372/1732/470 370/123/470 362/531/470
f 394/362/541 401/365/541 403/1733/541 396/1734/541
f 396/1735/542 403/1736/542 404/1737/542 395/1738/542
f 395/1738/543 404/1737/543 402/1739/543 393/1740/543
f 1/1158/544 490/1316/544 492/1314/544 3/1156/544
f 3/1156/545 492/1314/545 491/1741/545 4/1742/545
f 4/1743/546 491/1744/546 489/3/546 2/2/546
f 426/378/547 433/381/547 435/1745/547 428/1746/547
f 428/1747/548 435/1748/548 436/1749/548 427/1285/548
f 427/1285/549 436/1749/549 434/1750/549 425/1287/549
f 458/393/550 465/396/550 467/1751/550 460/1752/550
f 460/1753/551 467/1754/551 468/1755/551 459/1302/551
f 459/1302/552 468/1755/552 466/1756/552 457/1304/552
f 1269/535/553 1281/545/553 1283/1757/553 1272/1009/553
f 1272/1009/554 1283/1757/554 1284/1758/554 1276/1012/554
f 521/24/556 525/654/556 527/1760/556 523/1761/556
f 523/1761/557 527/1760/557 528/1762/557 524/1763/557
f 524/1764/558 528/1765/558 526/646/558 522/645/558
f 41/18/559 49/194/559 51/1766/559 43/1159/559
f 43/1159/560 51/1766/560 52/1767/560 44/1161/560
f 44/1161/561 52/1767/561 50/20/561 42/19/561
f 585/568/355 589/567/355 591/1768/355 587/1769/355
f 587/1769/356 591/1768/356 592/1770/356 588/1771/356
f 588/1772/357 592/1773/357 590/244/357 586/243/357
f 618/652/331 621/651/331 623/1774/331 620/1775/331
f 620/1775/515 623/1774/515 624/1776/515 619/1777/515
f 619/1778/333 624/1779/333 622/98/333 617/97/333
f 649/489/477 653/504/477 655/1780/477 651/1781/477
f 651/1781/478 655/1780/478 656/1782/478 652/1783/478
f 652/1784/479 656/1785/479 654/318/479 650/317/479
f 681/551/562 685/564/562 687/1786/562 683/1787/562
f 683/1787/563 687/1786/563 688/1788/563 684/1789/563
f 684/1790/564 688/1791/564 686/558/564 682/557/564
f 1237/347/565 1241/346/565 1243/1792/565 1239/1207/565
f 1239/1207/566 1243/1792/566 1244/1793/566 1240/1794/566
f 713/641/568 717/640/568 719/1797/568 715/1632/568
f 715/1632/569 719/1797/569 720/1798/569 716/1799/569
f 716/1800/570 720/1801/570 718/391/570 714/390/570
f 745/425/571 749/424/571 751/1802/571 747/1372/571
f 747/1372/572 751/1802/572 752/1803/572 748/1373/572
f 748/1373/573 752/1803/573 750/15/573 746/13/573
f 777/417/432 781/416/432 783/1804/432 779/1638/432
f 779/1638/431 783/1804/431 784/1805/431 780/1640/431
f 780/1640/430 784/1805/430 782/32/430 778/33/430
f 1604/1808/575 1612/1809/575 1611/1810/575 1603/1811/575
f 1603/1811/576 1611/1810/576 1609/93/576 1601/92/576
f 809/473/562 813/472/562 815/1812/562 811/1642/562
f 811/1642/563 815/1812/563 816/1813/563 812/1643/563
f 812/1643/564 816/1813/564 814/73/564 810/224/564
f 841/465/568 845/464/568 847/1814/568 843/1646/568
f 843/1646/569 847/1814/569 848/1815/569 844/1647/569
f 844/1647/570 848/1815/570 846/81/570 842/80/570
f 873/457/530 877/456/530 879/1816/530 875/1648/530
f 875/1648/529 879/1816/529 880/1817/529 876/1649/529
f 876/1649/528 880/1817/528 878/102/528 874/100/528
f 905/449/537 909/448/537 911/1818/537 907/1650/537
f 907/1650/536 911/1818/536 912/1819/536 908/1651/536
f 908/1651/535 912/1819/535 910/116/535 906/115/535
f 937/441/577 941/440/577 943/1820/577 939/1652/577
f 939/1652/449 943/1820/449 944/1821/449 940/1653/449
f 940/1653/448 944/1821/448 942/141/448 938/143/448
f 969/433/457 973/432/457 975/1822/457 971/1654/457
f 971/1654/456 975/1822/456 976/1823/456 972/1655/456
f 972/1655/455 976/1823/455 974/151/455 970/150/455
f 73/27/479 82/33/479 84/1534/479 75/1169/479
f 75/1169/578 84/1534/578 83/1536/578 76/1171/578
f 76/1171/477 83/1536/477 81/29/477 74/28/477
f 1001/171/579 1005/170/579 1007/1824/579 1003/1825/579
f 1003/1825/580 1007/1824/580 1008/1826/580 1004/1827/580
f 1004/1832/583 1040/1833/583 1039/1430/583 1003/1825/583
f 1003/1825/584 1039/1430/584 1037/172/584 1001/171/584
f 1042/501/585 1045/500/585 1047/1659/585 1044/1834/585
f 1044/1834/586 1047/1659/586 1048/1835/586 1043/1836/586
f 13/163/588 22/182/588 24/1839/588 15/1840/588
f 15/1841/589 24/1842/589 23/1843/589 16/1440/589
f 16/1440/590 23/1843/590 21/1844/590 14/1441/590
f 553/43/591 1061/505/591 1065/936/591 555/1845/591
f 555/1845/592 1065/936/592 1070/947/592 556/1846/592
f 556/1847/593 1070/946/593 1063/494/593 554/493/593
f 1043/1850/595 1083/1851/595 1084/1852/595 1044/1834/595
f 1044/1834/596 1084/1852/596 1082/490/596 1042/501/596
f 45/193/597 53/637/597 55/1853/597 47/1854/597
f 47/1855/598 55/1856/598 56/1857/598 48/1452/598
f 48/1452/599 56/1857/599 54/1858/599 46/1454/599
f 1083/1861/601 1112/1862/601 1111/1863/601 1084/1864/601
f 1084/1864/602 1111/1863/602 1109/217/602 1082/216/602
f 77/201/603 86/670/603 88/1865/603 79/1866/603
f 79/1867/604 88/1868/604 87/1869/604 80/1471/604
f 80/1471/605 87/1869/605 85/1870/605 78/1473/605
f 470/152/606 477/153/606 479/1871/606 472/1872/606
f 472/1872/607 479/1871/607 480/1873/607 471/1874/607
f 471/1874/608 480/1873/608 478/655/608 469/648/608
f 109/209/609 117/212/609 119/1875/609 111/1876/609
f 111/1877/610 119/1878/610 120/1879/610 112/1482/610
f 112/1482/611 120/1879/611 118/1880/611 110/1484/611
f 617/278/612 1178/277/612 1184/986/612 619/1881/612
f 619/1882/613 1184/982/613 1180/979/613 620/1883/613
f 620/1883/614 1180/979/614 1177/298/614 618/297/614
f 1202/282/615 1205/281/615 1207/1192/615 1204/1884/615
f 1204/1884/616 1207/1192/616 1208/1885/616 1203/1886/616
f 1203/1891/619 1212/1892/619 1211/1893/619 1204/1884/619
f 1204/1884/620 1211/1893/620 1209/283/620 1202/282/620
f 141/224/564 149/73/564 151/1894/564 143/1486/564
f 143/1486/563 151/1894/563 152/1895/563 144/1487/563
f 144/1487/621 152/1895/621 150/69/621 142/68/621
f 1241/346/622 1245/345/622 1247/1896/622 1243/1792/622
f 1243/1792/623 1247/1896/623 1248/1897/623 1244/1898/623
f 173/75/625 181/76/625 183/1901/625 175/1491/625
f 175/1491/626 183/1901/626 184/1902/626 176/1493/626
f 176/1493/627 184/1902/627 182/554/627 174/553/627
f 1281/545/628 1289/544/628 1291/1903/628 1283/1757/628
f 1283/1757/629 1291/1903/629 1292/1904/629 1284/1758/629
f 205/80/570 213/81/570 215/1906/570 207/1497/570
f 207/1497/569 215/1906/569 216/1907/569 208/1499/569
f 208/1499/568 216/1907/568 214/581/568 206/580/568
f 1322/11/631 1325/10/631 1327/1908/631 1324/1909/631
f 1324/1909/632 1327/1908/632 1328/1910/632 1323/1911/632
f 1568/1916/635 1572/1917/635 1571/1918/635 1567/1919/635
f 1567/1919/636 1571/1918/636 1569/600/636 1565/599/636
f 1323/1922/638 1336/1923/638 1335/1227/638 1324/1909/638
f 1324/1909/639 1335/1227/639 1333/12/639 1322/11/639
f 9/584/640 1338/586/640 1344/1042/640 11/1697/640
f 11/1697/641 1344/1042/641 1340/1039/641 12/1695/641
f 12/1695/642 1340/1039/642 1337/14/642 10/14/642
f 269/299/643 277/302/643 279/1924/643 271/1925/643
f 271/1926/644 279/1927/644 280/1928/644 272/1513/644
f 272/1513/645 280/1928/645 278/1929/645 270/1515/645
f 1451/1931/647 1456/1245/647 1455/1243/647 1452/1521/647
f 1452/1521/648 1455/1243/648 1453/52/648 1450/51/648
f 301/313/649 309/316/649 311/1932/649 303/1933/649
f 303/1934/650 311/1935/650 312/1936/650 304/1526/650
f 304/1526/651 312/1936/651 310/1937/651 302/1528/651
f 333/323/652 341/326/652 343/1938/652 335/1939/652
f 335/1940/653 343/1941/653 344/1942/653 336/1547/653
f 336/1547/654 344/1942/654 342/1943/654 334/1549/654
f 365/337/655 374/338/655 376/1944/655 367/1945/655
f 367/1946/656 376/1947/656 375/1948/656 368/1560/656
f 368/1560/657 375/1948/657 373/1949/657 366/1562/657
f 1548/1952/659 1552/1953/659 1551/1954/659 1547/1428/659
f 1547/1428/660 1551/1954/660 1549/137/660 1545/136/660
f 397/141/661 405/144/661 407/1955/661 399/1567/661
f 399/1567/662 407/1955/662 408/1956/662 400/1569/662
f 400/1569/663 408/1956/663 406/570/663 398/569/663
f 1060/1958/665 1080/1444/665 1079/1442/665 1059/1959/665
f 1059/1959/666 1079/1442/666 1077/496/666 1057/495/666
f 429/147/475 437/148/475 439/1960/475 431/1571/475
f 431/1571/474 439/1960/474 440/1961/474 432/1573/474
f 432/1573/473 440/1961/473 438/612/473 430/611/473
f 1612/1964/668 1616/1307/668 1615/1306/668 1611/1810/668
f 1611/1810/669 1615/1306/669 1613/94/669 1609/93/669
f 461/151/670 470/152/670 472/1872/670 463/1579/670
f 463/1579/671 472/1872/671 471/1874/671 464/1581/671
f 464/1581/672 471/1874/672 469/648/672 462/647/672
f 1391/1103/674 1628/1966/674 1627/1967/674 1395/1104/674
f 1395/1104/675 1627/1967/675 1625/288/675 1387/287/675
f 1644/1970/677 1648/1971/677 1647/1318/677 1643/1972/677
f 1643/1972/678 1647/1318/678 1645/293/678 1641/292/678
f 1641/292/679 1649/291/679 1651/1973/679 1643/1972/679
f 1643/1972/680 1651/1973/680 1652/1974/680 1644/1975/680
f 525/662/349 529/31/349 531/1978/349 527/1979/349
f 527/1979/350 531/1978/350 532/1980/350 528/1981/350
f 528/1982/351 532/1983/351 530/197/351 526/196/351
f 558/513/482 561/512/482 563/1984/482 560/1985/482
f 560/1985/483 563/1984/483 564/1986/483 559/1987/483
f 559/1988/484 564/1989/484 562/57/484 557/56/484
f 589/567/485 593/575/485 595/1990/485 591/1768/485
f 591/1768/682 595/1990/682 596/1991/682 592/1992/682
f 592/1993/487 596/1994/487 594/247/487 590/246/487
f 621/660/571 625/659/571 627/1995/571 623/1996/571
f 623/1996/572 627/1995/572 628/1997/572 624/1998/572
f 624/1999/573 628/2000/573 626/643/573 622/642/573
f 653/510/432 657/509/432 659/2001/432 655/2002/432
f 655/2002/431 659/2001/431 660/2003/431 656/2004/431
f 656/2005/430 660/2006/430 658/322/430 654/321/430
f 685/572/683 689/571/683 691/2007/683 687/1786/683
f 687/1786/684 691/2007/684 692/2008/684 688/2009/684
f 688/2010/685 692/2011/685 690/364/685 686/363/685
f 717/640/686 721/649/686 723/2012/686 719/1797/686
f 719/1797/687 723/2012/687 724/2013/687 720/2014/687
f 720/2015/688 724/2016/688 722/395/688 718/394/688
f 749/424/689 753/423/689 755/2017/689 751/1802/689
f 751/1802/690 755/2017/690 756/2018/690 752/1803/690
f 752/1803/691 756/2018/691 754/16/691 750/15/691
f 781/416/692 785/415/692 787/2019/692 783/1804/692
f 783/1804/693 787/2019/693 788/2020/693 784/1805/693
f 784/1805/694 788/2020/694 786/39/694 782/32/694
f 813/472/683 817/471/683 819/2021/683 815/1812/683
f 815/1812/684 819/2021/684 820/2022/684 816/1813/684
f 816/1813/685 820/2022/685 818/72/685 814/73/685
f 845/464/686 849/463/686 851/2023/686 847/1814/686
f 847/1814/687 851/2023/687 852/2024/687 848/1815/687
f 848/1815/688 852/2024/688 850/82/688 846/81/688
f 877/456/695 881/455/695 883/2025/695 879/1816/695
f 879/1816/696 883/2025/696 884/2026/696 880/1817/696
f 880/1817/697 884/2026/697 882/103/697 878/102/697
f 909/448/698 913/447/698 915/2027/698 911/1818/698
f 911/1818/699 915/2027/699 916/2028/699 912/1819/699
f 912/1819/700 916/2028/700 914/117/700 910/116/700
f 941/440/663 945/439/663 947/2029/663 943/1820/663
f 943/1820/662 947/2029/662 948/2030/662 944/1821/662
f 944/1821/661 948/2030/661 946/144/661 942/141/661
f 973/432/672 977/431/672 979/2031/672 975/1822/672
f 975/1822/671 979/2031/671 980/2032/671 976/1823/671
f 976/1823/670 980/2032/670 978/152/670 974/151/670
f 1005/170/701 1009/169/701 1011/1422/701 1007/1824/701
f 1007/1824/702 1011/1422/702 1012/2033/702 1008/2034/702
f 17/13/573 25/15/573 27/2037/573 19/1694/573
f 19/1694/572 27/2037/572 28/2038/572 20/1696/572
f 20/1696/571 28/2038/571 26/608/571 18/607/571
f 1053/498/704 1074/497/704 1076/1443/704 1055/2039/704
f 1055/2039/705 1076/1443/705 1075/1445/705 1056/2040/705
f 1629/290/707 1633/289/707 1635/2042/707 1631/2043/707
f 1631/2043/708 1635/2042/708 1636/2044/708 1632/2045/708
f 1104/2049/711 1108/1670/711 1107/1669/711 1103/2050/711
f 1103/2050/712 1107/1669/712 1105/222/712 1101/221/712
f 1101/221/713 1121/220/713 1123/1466/713 1103/2050/713
f 1103/2050/714 1123/1466/714 1124/2051/714 1104/2049/714
f 1133/273/716 1137/272/716 1139/2053/716 1135/2054/716
f 1135/2054/717 1139/2053/717 1140/2055/717 1136/2056/717
f 1480/2061/720 1484/2062/720 1483/1537/720 1479/1260/720
f 1479/1260/721 1483/1537/721 1481/66/721 1477/65/721
f 1176/2064/723 1187/987/723 1183/984/723 1175/2065/723
f 1175/2065/724 1183/984/724 1178/277/724 1173/286/724
f 1173/286/725 1193/285/725 1195/2066/725 1175/2065/725
f 1175/2065/726 1195/2066/726 1196/2067/726 1176/2064/726
f 145/518/728 153/524/728 155/2070/728 147/2071/728
f 147/2072/729 155/2073/729 156/2074/729 148/1692/729
f 148/1692/730 156/2074/730 154/2075/730 146/1693/730
f 1219/1002/732 1236/2077/732 1235/2078/732 1223/1003/732
f 1223/1003/733 1235/2078/733 1233/341/733 1215/340/733
f 177/238/734 185/241/734 187/2079/734 179/2080/734
f 179/2081/735 187/2082/735 188/2083/735 180/1702/735
f 180/1702/736 188/2083/736 186/2084/736 178/1703/736
f 210/251/737 217/254/737 219/2085/737 212/2086/737
f 212/2087/738 219/2088/738 220/2089/738 211/1708/738
f 211/1708/739 220/2089/739 218/2090/739 209/1709/739
f 241/264/740 249/266/740 251/2091/740 243/2092/740
f 243/2093/741 251/2094/741 252/2095/741 244/1720/741
f 244/1720/742 252/2095/742 250/2096/742 242/1721/742
f 245/85/743 1374/85/743 1380/1084/743 247/1664/743
f 247/1664/744 1380/1084/744 1376/1081/744 248/1665/744
f 248/1665/745 1376/1081/745 1373/634/745 246/624/745
f 1213/125/746 1399/124/746 1407/1118/746 1216/994/746
f 1216/994/747 1407/1118/747 1403/1117/747 1220/997/747
f 273/102/749 282/103/749 284/1324/749 275/1722/749
f 275/1722/696 284/1324/696 283/1325/696 276/1723/696
f 276/1723/695 283/1325/695 281/665/695 274/658/695
f 305/107/750 313/113/750 315/2097/750 307/1724/750
f 307/1724/557 315/2097/557 316/2098/557 308/1725/557
f 308/1725/556 316/2098/556 314/109/556 306/108/556
f 1462/46/751 1473/67/751 1475/1538/751 1464/2099/751
f 1464/2099/752 1475/1538/752 1476/2100/752 1463/46/752
f 337/116/700 345/117/700 347/2103/700 339/1726/700
f 339/1726/699 347/2103/699 348/2104/699 340/1727/699
f 340/1727/698 348/2104/698 346/514/698 338/508/698
f 1493/355/754 1513/354/754 1515/2105/754 1495/1254/754
f 1495/1254/755 1515/2105/755 1516/2106/755 1496/2107/755
f 657/509/692 661/515/692 663/2110/692 659/2111/692
f 659/2111/693 663/2110/693 664/2112/693 660/2113/693
f 660/2114/694 664/2115/694 662/325/694 658/324/694
f 401/366/757 409/369/757 411/2116/757 403/2117/757
f 403/2118/758 411/2119/758 412/2120/758 404/1737/758
f 404/1737/759 412/2120/759 410/2121/759 402/1739/759
f 433/381/760 441/384/760 443/2122/760 435/2123/760
f 435/2124/761 443/2125/761 444/2126/761 436/1749/761
f 436/1749/762 444/2126/762 442/2127/762 434/1750/762
f 1589/89/763 1617/88/763 1619/2128/763 1591/1168/763
f 1591/1168/764 1619/2128/764 1620/2129/764 1592/2130/764
f 465/396/766 473/399/766 475/2133/766 467/2134/766
f 467/2135/767 475/2136/767 476/2137/767 468/1755/767
f 468/1755/768 476/2137/768 474/2138/768 466/1756/768
f 1622/87/769 1637/294/769 1639/1319/769 1624/2139/769
f 1624/2139/770 1639/1319/770 1640/2140/770 1623/87/770
f 498/179/260 501/178/260 503/2143/260 500/2144/260
f 500/2144/259 503/2143/259 504/2145/259 499/2146/259
f 499/2147/258 504/2148/258 502/162/258 497/161/258
f 1656/2151/773 1660/1585/773 1659/1588/773 1655/2152/773
f 1655/2152/774 1659/1588/774 1657/413/774 1653/412/774
f 1422/406/775 1661/414/775 1663/1587/775 1427/1142/775
f 1427/1142/776 1663/1587/776 1664/1586/776 1431/1143/776
f 1653/412/778 1673/411/778 1675/1336/778 1655/2152/778
f 1655/2152/779 1675/1336/779 1676/2154/779 1656/2155/779
f 1559/407/782 1680/2160/782 1679/1604/782 1560/2161/782
f 1560/2161/783 1679/1604/783 1677/408/783 1558/407/783
f 529/31/275 533/30/275 535/2162/275 531/2163/275
f 531/2163/481 535/2162/481 536/2164/481 532/2165/481
f 532/2166/273 536/2167/273 534/200/273 530/199/273
f 561/71/577 565/70/577 567/2168/577 563/1984/577
f 563/1984/449 567/2168/449 568/2169/449 564/2170/449
f 564/2171/448 568/2172/448 566/517/448 562/516/448
f 593/583/457 597/582/457 599/2173/457 595/2174/457
f 595/2174/456 599/2173/456 600/2175/456 596/2176/456
f 596/2177/455 600/2178/455 598/250/455 594/249/455
f 1288/1713/785 1292/1904/785 1291/1903/785 1287/1711/785
f 1287/1711/786 1291/1903/786 1289/544/786 1285/543/786
f 625/667/689 629/666/689 631/2179/689 627/1995/689
f 627/1995/690 631/2179/690 632/2180/690 628/2181/690
f 628/2182/691 632/2183/691 630/301/691 626/300/691
f 993/168/787 998/167/787 1000/2184/787 995/1423/787
f 995/1423/788 1000/2184/788 999/2185/788 996/2186/788
f 49/194/790 57/26/790 59/2189/790 51/1766/790
f 51/1766/791 59/2189/791 60/2190/791 52/1767/791
f 52/1767/792 60/2190/792 58/23/792 50/20/792
f 689/579/405 693/578/405 695/2191/405 691/2192/405
f 691/2192/404 695/2191/404 696/2193/404 692/2194/404
f 692/2195/403 696/2196/403 694/368/403 690/367/403
f 721/649/793 725/656/793 727/2197/793 723/2198/793
f 723/2198/794 727/2197/794 728/2199/794 724/2200/794
f 724/2201/795 728/2202/795 726/398/795 722/397/795
f 753/423/215 757/422/215 759/2203/215 755/2017/215
f 755/2017/214 759/2203/214 760/2204/214 756/2018/214
f 756/2018/213 760/2204/213 758/18/213 754/16/213
f 785/415/227 789/478/227 791/2205/227 787/2019/227
f 787/2019/226 791/2205/226 792/2206/226 788/2020/226
f 788/2020/225 792/2206/225 790/38/225 786/39/225
f 817/471/405 821/470/405 823/2207/405 819/2021/405
f 819/2021/404 823/2207/404 824/2208/404 820/2022/404
f 820/2022/403 824/2208/403 822/74/403 818/72/403
f 1600/2211/797 1604/2212/797 1603/1811/797 1599/2213/797
f 1599/2213/798 1603/1811/798 1601/92/798 1597/91/798
f 849/463/793 853/462/793 855/2214/793 851/2023/793
f 851/2023/794 855/2214/794 856/2215/794 852/2024/794
f 852/2024/795 856/2215/795 854/83/795 850/82/795
f 881/455/311 885/454/311 887/2216/311 883/2025/311
f 883/2025/310 887/2216/310 888/2217/310 884/2026/310
f 884/2026/309 888/2217/309 886/104/309 882/103/309
f 913/447/799 917/446/799 919/2218/799 915/2027/799
f 915/2027/800 919/2218/800 920/2219/800 916/2028/800
f 916/2028/801 920/2219/801 918/118/801 914/117/801
f 945/439/802 949/438/802 951/2220/802 947/2029/802
f 947/2029/803 951/2220/803 952/2221/803 948/2030/803
f 948/2030/804 952/2221/804 950/145/804 946/144/804
f 386/129/805 394/559/805 396/2222/805 388/2223/805
f 388/2224/806 396/2225/806 395/1738/806 387/2226/806
f 387/2226/807 395/1738/807 393/1740/807 385/2227/807
f 977/431/608 981/430/608 983/2228/608 979/2031/608
f 979/2031/607 983/2228/607 984/2229/607 980/2032/607
f 980/2032/808 984/2229/808 982/153/808 978/152/808
f 497/165/809 1013/164/809 1017/921/809 499/2230/809
f 499/2231/810 1017/932/810 1022/931/810 500/2144/810
f 500/2144/811 1022/931/811 1015/585/811 498/179/811
f 1325/10/812 1329/9/812 1331/2232/812 1327/1908/812
f 1327/1908/813 1331/2232/813 1332/2233/813 1328/2234/813
f 1049/499/815 1053/498/815 1055/2039/815 1051/1658/815
f 1051/1658/816 1055/2039/816 1056/2237/816 1052/2238/816
f 22/183/818 29/186/818 31/2241/818 24/2242/818
f 24/2243/819 31/2244/819 32/2245/819 23/1843/819
f 23/1843/820 32/2245/820 30/2246/820 21/1844/820
f 53/644/821 61/195/821 63/2247/821 55/2248/821
f 55/2249/822 63/2250/822 64/2251/822 56/1857/822
f 56/1857/823 64/2251/823 62/2252/823 54/1858/823
f 1129/274/824 1133/273/824 1135/2054/824 1131/1672/824
f 1131/1672/825 1135/2054/825 1136/2253/825 1132/2254/825
f 86/202/827 93/205/827 95/2257/827 88/2258/827
f 88/2259/828 95/2260/828 96/2261/828 87/1869/828
f 87/1869/829 96/2261/829 94/2262/829 85/1870/829
f 1019/927/831 1347/1045/831 1343/1044/831 1023/928/831
f 1023/928/832 1343/1044/832 1338/586/832 1015/585/832
f 117/492/833 126/491/833 128/2263/833 119/2264/833
f 119/2265/834 128/2266/834 127/2267/834 120/1879/834
f 120/1879/835 127/2267/835 125/2268/835 118/1880/835
f 1171/2271/837 1200/2272/837 1199/1193/837 1172/2273/837
f 1172/2273/838 1199/1193/838 1197/280/838 1170/265/838
f 149/73/685 158/72/685 160/1495/685 151/1894/685
f 151/1894/684 160/1495/684 159/1496/684 152/1895/684
f 152/1895/683 159/1496/683 157/528/683 150/69/683
f 181/77/839 189/78/839 191/2274/839 183/1901/839
f 183/1901/840 191/2274/840 192/2275/840 184/1902/840
f 184/1902/841 192/2275/841 190/561/841 182/560/841
f 1245/345/842 1249/344/842 1251/2276/842 1247/1896/842
f 1247/1896/843 1251/2276/843 1252/2277/843 1248/2278/843
f 213/81/688 221/82/688 223/2281/688 215/1906/688
f 215/1906/687 223/2281/687 224/2282/687 216/1907/687
f 216/1907/686 224/2282/686 222/591/686 214/590/686
f 1095/957/846 1368/1070/846 1364/1067/846 1099/958/846
f 1099/958/847 1364/1067/847 1361/225/847 1091/228/847
f 369/121/848 1397/349/848 1401/1111/848 371/1731/848
f 371/1731/849 1401/1111/849 1406/1121/849 372/1732/849
f 372/1732/850 1406/1121/850 1399/124/850 370/123/850
f 277/303/851 285/306/851 287/2283/851 279/2284/851
f 279/2285/852 287/2286/852 288/2287/852 280/1928/852
f 280/1928/853 288/2287/853 286/2288/853 278/1929/853
f 1457/47/854 1462/46/854 1464/2289/854 1459/2290/854
f 1459/2290/855 1464/2289/855 1463/46/855 1460/2291/855
f 309/155/857 317/158/857 319/2293/857 311/2294/857
f 311/2295/858 319/2296/858 320/2297/858 312/1936/858
f 312/1936/859 320/2297/859 318/2298/859 310/1937/859
f 1573/595/860 1577/594/860 1579/2299/860 1575/1294/860
f 1575/1294/861 1579/2299/861 1580/2300/861 1576/1291/861
f 341/327/863 349/330/863 351/2303/863 343/2304/863
f 343/2305/864 351/2306/864 352/2307/864 344/1942/864
f 344/1942/865 352/2307/865 350/2308/865 342/1943/865
f 1521/130/866 1526/140/866 1528/1375/866 1523/2309/866
f 1523/2309/867 1528/1375/867 1527/2310/867 1524/131/867
f 374/537/869 377/126/869 379/2312/869 376/2313/869
f 376/2314/870 379/2315/870 380/2316/870 375/1948/870
f 375/1948/871 380/2316/871 378/2317/871 373/1949/871
f 1415/1131/873 1540/1565/873 1539/1566/873 1419/1132/873
f 1419/1132/874 1539/1566/874 1537/134/874 1411/133/874
f 1556/2319/837 1559/407/837 1560/2320/837 1555/2321/837
f 1555/2321/875 1560/2320/875 1558/602/875 1553/601/875
f 405/144/804 413/145/804 415/2322/804 407/1955/804
f 407/1955/803 415/2322/803 416/2323/803 408/1956/803
f 408/1956/802 416/2323/802 414/577/802 406/576/802
f 1553/601/876 1569/600/876 1571/1918/876 1555/2321/876
f 1555/2321/877 1571/1918/877 1572/2324/877 1556/2325/877
f 437/148/879 445/149/879 447/2328/879 439/1960/879
f 439/1960/356 447/2328/356 448/2329/356 440/1961/356
f 440/1961/355 448/2329/355 446/621/355 438/620/355
f 1617/88/880 1622/87/880 1624/2330/880 1619/2128/880
f 1619/2128/250 1624/2330/250 1623/87/250 1620/2331/250
f 113/40/881 121/45/881 123/2333/881 115/1394/881
f 115/1394/882 123/2333/882 124/2334/882 116/1395/882
f 116/1395/883 124/2334/883 122/42/883 114/41/883
f 501/610/530 505/609/530 507/2335/530 503/2336/530
f 503/2336/529 507/2335/529 508/2337/529 504/2338/529
f 504/2339/528 508/2340/528 506/181/528 502/180/528
f 533/681/537 537/680/537 539/2341/537 535/2162/537
f 535/2162/536 539/2341/536 540/2342/536 536/2343/536
f 536/2344/535 540/2345/535 538/669/535 534/668/535
f 565/530/663 569/529/663 571/2346/663 567/2347/663
f 567/2347/662 571/2346/662 572/2348/662 568/2349/662
f 568/2350/661 572/2351/661 570/523/661 566/522/661
f 597/582/672 601/592/672 603/2352/672 599/2173/672
f 599/2173/671 603/2352/671 604/2353/671 600/2354/671
f 600/2355/670 604/2356/670 602/253/670 598/252/670
f 629/678/215 633/677/215 635/2357/215 631/2358/215
f 631/2358/214 635/2357/214 636/2359/214 632/2360/214
f 632/2361/213 636/2362/213 634/305/213 630/304/213
f 661/521/227 665/520/227 667/2363/227 663/2364/227
f 663/2364/226 667/2363/226 668/2365/226 664/2366/226
f 664/2367/225 668/2368/225 666/329/225 662/328/225
f 693/589/402 697/588/402 699/2369/402 695/2370/402
f 695/2370/401 699/2369/401 700/2371/401 696/2372/401
f 696/2373/400 700/2374/400 698/372/400 694/371/400
f 725/656/414 729/664/414 731/2375/414 727/2376/414
f 727/2376/413 731/2375/413 732/2377/413 728/2378/413
f 728/2379/412 732/2380/412 730/402/412 726/401/412
f 757/422/561 761/421/561 763/2381/561 759/2203/561
f 759/2203/560 763/2381/560 764/2382/560 760/2204/560
f 760/2204/559 764/2382/559 762/194/559 758/17/559
f 789/478/884 793/477/884 795/2383/884 791/2205/884
f 791/2205/344 795/2383/344 796/2384/344 792/2206/344
f 792/2206/343 796/2384/343 794/40/343 790/38/343
f 821/470/402 825/469/402 827/2385/402 823/2207/402
f 823/2207/401 827/2385/401 828/2386/401 824/2208/401
f 824/2208/400 828/2386/400 826/75/400 822/74/400
f 853/462/414 857/461/414 859/2387/414 855/2214/414
f 855/2214/413 859/2387/413 860/2388/413 856/2215/413
f 856/2215/412 860/2388/412 858/84/412 854/83/412
f 221/82/885 230/83/885 232/1506/885 223/2281/885
f 223/2281/794 232/1506/794 231/1508/794 224/2282/794
f 224/2282/793 231/1508/793 229/605/793 222/591/793
f 885/454/266 889/453/266 891/2389/266 887/2216/266
f 887/2216/265 891/2389/265 892/2390/265 888/2217/265
f 888/2217/264 892/2390/264 890/105/264 886/104/264
f 917/446/315 921/445/315 923/2391/315 919/2218/315
f 919/2218/283 923/2391/283 924/2392/283 920/2219/283
f 920/2219/282 924/2392/282 922/120/282 918/118/282
f 949/438/886 953/437/886 955/2393/886 951/2220/886
f 951/2220/887 955/2393/887 956/2394/887 952/2221/887
f 952/2221/888 956/2394/888 954/146/888 950/145/888
f 981/430/889 985/429/889 987/2395/889 983/2228/889
f 983/2228/890 987/2395/890 988/2396/890 984/2229/890
f 984/2229/891 988/2396/891 986/154/891 982/153/891
f 1013/164/892 1029/175/892 1031/2397/892 1016/919/892
f 1016/919/893 1031/2397/893 1032/2398/893 1020/922/893
f 25/15/895 34/16/895 36/1160/895 27/2037/895
f 27/2037/690 36/1160/690 35/1162/690 28/2038/690
f 28/2038/689 35/1162/689 33/617/689 26/608/689
f 57/26/896 66/25/896 68/1170/896 59/2189/896
f 59/2189/323 68/1170/323 67/1172/323 60/2190/323
f 60/2190/322 67/1172/322 65/653/322 58/23/322
f 1112/2402/898 1120/2403/898 1119/1456/898 1111/1863/898
f 1111/1863/899 1119/1456/899 1117/218/899 1109/217/899
f 1142/270/900 1145/269/900 1147/1475/900 1144/2404/900
f 1144/2404/901 1147/1475/901 1148/1476/901 1143/2405/901
f 1143/2405/904 1164/2410/904 1163/2411/904 1144/2404/904
f 1144/2404/905 1163/2411/905 1161/271/905 1142/270/905
f 1192/2414/907 1196/2067/907 1195/2066/907 1191/2415/907
f 1191/2415/908 1195/2066/908 1193/285/908 1189/284/908
f 1189/284/909 1209/283/909 1211/1893/909 1191/2415/909
f 1191/2415/910 1211/1893/910 1212/2416/910 1192/2414/910
f 153/229/912 162/232/912 164/2419/912 155/2420/912
f 155/2421/913 164/2422/913 163/1199/913 156/2074/913
f 156/2074/914 163/1199/914 161/1201/914 154/2075/914
f 185/242/915 194/245/915 196/2423/915 187/2424/915
f 187/2425/916 196/2426/916 195/1216/916 188/2083/916
f 188/2083/917 195/1216/917 193/1218/917 186/2084/917
f 1263/2429/919 1296/2430/919 1295/1710/919 1264/1276/919
f 1264/1276/920 1295/1710/920 1293/542/920 1262/541/920
f 734/673/921 1297/682/921 1301/1026/921 736/2431/921
f 736/2431/922 1301/1026/922 1306/1037/922 735/2432/922
f 735/2433/923 1306/1036/923 1299/5/923 733/4/923
f 1488/2436/925 1492/2437/925 1491/1259/925 1487/2438/925
f 1487/2438/926 1491/1259/926 1489/64/926 1485/63/926
f 217/255/927 226/258/927 228/2439/927 219/2440/927
f 219/2441/928 228/2442/928 227/1224/928 220/2089/928
f 220/2089/929 227/1224/929 225/1226/929 218/2090/929
f 1311/1387/931 1332/2445/931 1331/2232/931 1312/1385/931
f 1312/1385/932 1331/2232/932 1329/9/932 1310/8/932
f 249/279/933 253/96/933 255/2446/933 251/2447/933
f 251/2448/934 255/2449/934 256/2450/934 252/2095/934
f 252/2095/935 256/2450/935 254/2451/935 250/2096/935
f 382/359/936 1409/358/936 1413/1125/936 384/2452/936
f 384/2452/937 1413/1125/937 1418/1135/937 383/2453/937
f 383/2453/938 1418/1135/938 1411/133/938 381/132/938
f 1255/2456/940 1259/2457/940 1260/2458/940 1256/2459/940
f 1256/2459/941 1260/2458/941 1258/539/941 1254/538/941
f 1351/54/942 1446/53/942 1448/1244/942 1358/1063/942
f 1358/1063/943 1448/1244/943 1447/1246/943 1353/1064/943
f 313/113/351 322/112/351 324/1256/351 315/2097/351
f 315/2097/350 324/1256/350 323/1258/350 316/2098/350
f 316/2098/349 323/1258/349 321/488/349 314/487/349
f 1472/2462/946 1488/2463/946 1487/2438/946 1471/2464/946
f 1471/2464/947 1487/2438/947 1485/63/947 1469/62/947
f 345/117/801 354/118/801 356/1272/801 347/2103/801
f 347/2103/800 356/1272/800 355/1274/800 348/2104/800
f 348/2104/799 355/1274/799 353/519/799 346/514/799
f 377/126/948 386/129/948 388/2465/948 379/2466/948
f 379/2467/949 388/2468/949 387/2226/949 380/2316/949
f 380/2316/950 387/2226/950 385/2227/950 378/2317/950
f 409/370/951 418/373/951 420/2469/951 411/2470/951
f 411/2471/952 420/2472/952 419/1286/952 412/2120/952
f 412/2120/953 419/1286/953 417/1288/953 410/2121/953
f 441/385/954 450/388/954 452/2473/954 443/2474/954
f 443/2475/955 452/2476/955 451/1303/955 444/2126/955
f 444/2126/956 451/1303/956 449/1305/956 442/2127/956
f 473/400/957 482/403/957 484/2477/957 475/2478/957
f 475/2479/958 484/2480/958 483/1315/958 476/2137/958
f 476/2137/959 483/1315/959 481/1317/959 474/2138/959
f 1632/2483/961 1652/2484/961 1651/1973/961 1631/2043/961
f 1631/2043/962 1651/1973/962 1649/291/962 1629/290/962
f 505/619/695 509/618/695 511/2485/695 507/2335/695
f 507/2335/696 511/2485/696 512/2486/696 508/2487/696
f 508/2488/697 512/2489/697 510/185/697 506/184/697
f 537/37/698 541/36/698 543/2490/698 539/2491/698
f 539/2491/699 543/2490/699 544/2492/699 540/2493/699
f 540/2494/700 544/2495/700 542/204/700 538/203/700
f 557/214/963 1089/213/963 1093/951/963 559/2496/963
f 559/2497/964 1093/962/964 1098/961/964 560/2498/964
f 560/2498/965 1098/961/965 1091/228/965 558/227/965
f 569/529/802 573/534/802 575/2499/802 571/2500/802
f 571/2500/803 575/2499/803 576/2501/803 572/2502/803
f 572/2503/804 576/2504/804 574/231/804 570/230/804
f 601/592/608 605/606/608 607/2505/608 603/2506/608
f 603/2506/607 607/2505/607 608/2507/607 604/2508/607
f 604/2509/808 608/2510/808 606/257/808 602/256/808
f 633/687/561 637/686/561 639/2511/561 635/2512/561
f 635/2512/560 639/2511/560 640/2513/560 636/2514/560
f 636/2515/559 640/2516/559 638/308/559 634/307/559
f 665/527/884 669/526/884 671/2517/884 667/2518/884
f 667/2518/344 671/2517/344 672/2519/344 668/2520/344
f 668/2521/343 672/2522/343 670/332/343 666/331/343
f 697/588/627 701/604/627 703/2523/627 699/2369/627
f 699/2369/966 703/2523/966 704/2524/966 700/2525/966
f 700/2526/625 704/2527/625 702/376/625 698/375/625
f 729/674/496 734/673/496 736/2431/496 731/2375/496
f 731/2375/495 736/2431/495 735/2528/495 732/2529/495
f 732/2530/494 735/2531/494 733/405/494 730/404/494
f 761/421/792 765/420/792 767/2532/792 763/2381/792
f 763/2381/791 767/2532/791 768/2533/791 764/2382/791
f 764/2382/790 768/2533/790 766/26/790 762/194/790
f 793/477/883 797/476/883 799/2534/883 795/2383/883
f 795/2383/882 799/2534/882 800/2535/882 796/2384/882
f 796/2384/881 800/2535/881 798/45/881 794/40/881
f 825/469/627 829/468/627 831/2536/627 827/2385/627
f 827/2385/966 831/2536/966 832/2537/966 828/2386/966
f 828/2386/625 832/2537/625 830/77/625 826/75/625
f 857/461/496 861/460/496 863/2538/496 859/2387/496
f 859/2387/967 863/2538/967 864/2539/967 860/2388/967
f 860/2388/494 864/2539/494 862/85/494 858/84/494
f 889/453/464 893/452/464 895/2540/464 891/2389/464
f 891/2389/534 895/2540/534 896/2541/534 892/2390/534
f 892/2390/466 896/2541/466 894/107/466 890/105/466
f 921/445/470 925/444/470 927/2542/470 923/2391/470
f 923/2391/471 927/2542/471 928/2543/471 924/2392/471
f 924/2392/472 928/2543/472 926/121/472 922/119/472
f 953/437/316 957/436/316 959/2544/316 955/2393/316
f 955/2393/317 959/2544/317 960/2545/317 956/2394/317
f 956/2394/318 960/2545/318 958/147/318 954/146/318
f 1512/2548/969 1516/2549/969 1515/2105/969 1511/1555/969
f 1511/1555/970 1515/2105/970 1513/354/970 1509/353/970
f 985/429/319 989/428/319 991/1657/319 987/2395/319
f 987/2395/971 991/1657/971 992/1656/971 988/2396/971
f 988/2396/321 992/1656/321 990/159/321 986/154/321
f 1028/2552/973 1032/2398/973 1031/2397/973 1027/2553/973
f 1027/2553/974 1031/2397/974 1029/175/974 1025/174/974
f 1025/174/975 1034/173/975 1036/1431/975 1027/2553/975
f 1027/2553/976 1036/1431/976 1035/1433/976 1028/2552/976
f 1057/495/978 1063/494/978 1071/943/978 1059/1959/978
f 1059/1959/979 1071/943/979 1067/942/979 1060/1958/979
f 29/187/981 38/190/981 40/2556/981 31/2557/981
f 31/2558/982 40/2559/982 39/1453/982 32/2245/982
f 32/2245/983 39/1453/983 37/1455/983 30/2246/983
f 61/195/984 70/198/984 72/2560/984 63/2561/984
f 63/2562/985 72/2563/985 71/1472/985 64/2251/985
f 64/2251/986 71/1472/986 69/1474/986 62/2252/986
f 93/688/987 102/206/987 104/2564/987 95/2565/987
f 95/2566/988 104/2567/988 103/1483/988 96/2261/988
f 96/2261/989 103/1483/989 101/1485/989 94/2262/989
f 1137/272/990 1161/271/990 1163/2411/990 1139/2053/990
f 1139/2053/991 1163/2411/991 1164/2410/991 1140/2568/991
f 126/215/993 130/55/993 132/2571/993 128/2572/993
f 128/2573/994 132/2574/994 131/1185/994 127/2267/994
f 127/2267/995 131/1185/995 129/1187/995 125/2268/995
f 1226/343/996 1229/342/996 1231/2575/996 1228/2576/996
f 1228/2576/997 1231/2575/997 1232/2577/997 1227/2578/997
f 89/32/694 98/39/694 100/1177/694 91/1533/694
f 91/1533/693 100/1177/693 99/1179/693 92/1535/693
f 92/1535/692 99/1179/692 97/35/692 90/34/692
f 1227/2578/1000 1252/2582/1000 1251/2276/1000 1228/2576/1000
f 1228/2576/1001 1251/2276/1001 1249/344/1001 1226/343/1001
f 1259/2585/1003 1268/2586/1003 1267/1275/1003 1260/2458/1003
f 1260/2458/1004 1267/1275/1004 1265/540/1004 1258/539/1004
f 189/78/1005 198/79/1005 200/1498/1005 191/2274/1005
f 191/2274/326 200/1498/326 199/1500/326 192/2275/326
f 192/2275/325 199/1500/325 197/566/325 190/565/325
f 1303/1032/1007 1320/1502/1007 1319/1501/1007 1307/1033/1007
f 1307/1033/1008 1319/1501/1008 1317/6/1008 1299/5/1008
f 121/45/1009 1351/54/1009 1359/1061/1009 123/2333/1009
f 123/2333/1010 1359/1061/1010 1355/1060/1010 124/2334/1010
f 124/2334/1011 1355/1060/1011 1350/506/1011 122/42/1011
f 253/96/1012 262/99/1012 264/2588/1012 255/2589/1012
f 255/2590/1013 264/2591/1013 263/1514/1013 256/2450/1013
f 256/2450/1014 263/1514/1014 261/1516/1014 254/2451/1014
f 1186/992/1016 1392/1098/1016 1388/1095/1016 1181/981/1016
f 1181/981/1017 1388/1095/1017 1385/295/1017 1177/298/1017
f 1297/682/1018 1421/684/1018 1425/1139/1018 1300/1024/1018
f 1300/1024/1019 1425/1139/1019 1430/1148/1019 1304/1027/1019
f 1436/2594/1022 1440/2595/1022 1439/1270/1022 1435/2596/1022
f 1435/2596/1023 1439/1270/1023 1437/49/1023 1433/48/1023
f 285/306/1024 294/309/1024 296/2597/1024 287/2598/1024
f 287/2599/1025 296/2600/1025 295/1527/1025 288/2287/1025
f 288/2287/1026 295/1527/1026 293/1529/1026 286/2288/1026
f 1433/48/1027 1457/47/1027 1459/2290/1027 1435/2596/1027
f 1435/2596/1028 1459/2290/1028 1460/2601/1028 1436/2602/1028
f 1468/1531/1031 1472/2462/1031 1471/2464/1031 1467/1532/1031
f 1467/1532/1032 1471/2464/1032 1469/62/1032 1465/61/1032
f 317/158/1033 326/319/1033 328/2605/1033 319/2606/1033
f 319/2607/1034 328/2608/1034 327/1548/1034 320/2297/1034
f 320/2297/1035 327/1548/1035 325/1550/1035 318/2298/1035
f 1500/1252/1037 1504/1729/1037 1503/1728/1037 1499/1253/1037
f 1499/1253/1038 1503/1728/1038 1501/357/1038 1497/356/1038
f 349/330/1039 358/333/1039 360/2609/1039 351/2610/1039
f 351/2611/1040 360/2612/1040 359/1561/1040 352/2307/1040
f 352/2307/1041 359/1561/1041 357/1563/1041 350/2308/1041
f 1532/2615/1043 1536/2616/1043 1535/1374/1043 1531/2617/1043
f 1531/2617/1044 1535/1374/1044 1533/139/1044 1529/138/1044
f 381/132/484 390/143/484 392/1568/484 383/2453/484
f 383/2453/483 392/1568/483 391/1570/483 384/2452/483
f 384/2452/482 391/1570/482 389/550/482 382/359/482
f 1529/138/1045 1549/137/1045 1551/1954/1045 1531/2617/1045
f 1531/2617/1046 1551/1954/1046 1552/2618/1046 1532/2619/1046
f 1564/2624/1049 1568/2625/1049 1567/1919/1049 1563/2626/1049
f 1563/2626/1050 1567/1919/1050 1565/599/1050 1561/598/1050
f 413/145/888 422/146/888 424/1572/888 415/2322/888
f 415/2322/887 424/1572/887 423/1574/887 416/2323/887
f 416/2323/886 423/1574/886 421/587/886 414/577/886
f 1346/1050/1052 1580/2300/1052 1579/2299/1052 1341/1041/1052
f 1341/1041/1053 1579/2299/1053 1577/594/1053 1337/14/1053
f 1561/598/1054 1585/597/1054 1587/2628/1054 1563/2626/1054
f 1563/2626/1055 1587/2628/1055 1588/2629/1055 1564/2630/1055
f 1061/505/1057 1350/506/1057 1356/1057/1057 1064/934/1057
f 1064/934/1058 1356/1057/1058 1352/1056/1058 1068/937/1058
f 1596/2635/1061 1600/2636/1061 1599/2213/1061 1595/1167/1061
f 1595/1167/1062 1599/2213/1062 1597/91/1062 1593/90/1062
f 1584/2639/1064 1588/2640/1064 1587/2628/1064 1583/1293/1064
f 1583/1293/1065 1587/2628/1065 1585/597/1065 1581/596/1065
f 445/149/487 454/150/487 456/1580/487 447/2328/487
f 447/2328/486 456/1580/486 455/1582/486 448/2329/486
f 448/2329/485 455/1582/485 453/630/485 446/629/485
f 1628/1966/1067 1636/2044/1067 1635/2042/1067 1627/1967/1067
f 1627/1967/1068 1635/2042/1068 1633/289/1068 1625/288/1068
f 477/153/891 486/154/891 488/1590/891 479/1871/891
f 479/1871/890 488/1590/890 487/1592/890 480/1873/890
f 480/1873/889 487/1592/889 485/663/889 478/655/889
f 509/618/311 514/628/311 516/2643/311 511/2485/311
f 511/2485/310 516/2643/310 515/2644/310 512/2645/310
f 512/2646/309 515/2647/309 513/189/309 510/188/309
f 541/36/799 546/486/799 548/2648/799 543/2490/799
f 543/2490/800 548/2648/800 547/2649/800 544/2650/800
f 544/2651/801 547/2652/801 545/690/801 542/689/801
f 573/549/886 578/548/886 580/1345/886 575/2653/886
f 575/2653/887 580/1345/887 579/2654/887 576/2655/887
f 576/2656/888 579/2657/888 577/234/888 574/233/888
f 605/606/889 610/616/889 612/2658/889 607/2659/889
f 607/2659/890 612/2658/890 611/2660/890 608/2661/890
f 608/2662/891 611/2663/891 609/260/891 606/259/891
f 637/692/792 642/111/792 644/2664/792 639/2665/792
f 639/2665/1069 644/2664/1069 643/2666/1069 640/2667/1069
f 640/2668/790 643/2669/790 641/312/790 638/311/790
f 669/532/883 674/122/883 676/1488/883 671/2670/883
f 671/2670/882 676/1488/882 675/2671/882 672/2672/882
f 672/2673/881 675/2674/881 673/336/881 670/335/881
f 701/604/841 706/613/841 708/2675/841 703/2523/841
f 703/2523/840 708/2675/840 707/2676/840 704/2677/840
f 704/2678/839 707/2679/839 705/380/839 702/379/839
f 765/420/322 769/419/322 771/1644/322 767/2532/322
f 767/2532/323 771/1644/323 772/1645/323 768/2533/323
f 768/2533/324 772/1645/324 770/25/324 766/26/324
f 797/476/1070 801/475/1070 803/1381/1070 799/2534/1070
f 799/2534/1071 803/1381/1071 804/1383/1071 800/2535/1071
f 800/2535/1072 804/1383/1072 802/46/1072 798/45/1072
f 829/468/841 833/467/841 835/1391/841 831/2536/841
f 831/2536/840 835/1391/840 836/1393/840 832/2537/840
f 832/2537/839 836/1393/839 834/78/839 830/76/839
f 861/460/1073 865/459/1073 867/1397/1073 863/2538/1073
f 863/2538/1074 867/1397/1074 868/1399/1074 864/2539/1074
f 864/2539/1075 868/1399/1075 866/86/1075 862/85/1075
f 893/452/556 897/451/556 899/1401/556 895/2540/556
f 895/2540/557 899/1401/557 900/1403/557 896/2541/557
f 896/2541/558 900/1403/558 898/113/558 894/106/558
f 925/444/1076 929/443/1076 931/1405/1076 927/2542/1076
f 927/2542/1077 931/1405/1077 932/1407/1077 928/2543/1077
f 928/2543/1078 932/1407/1078 930/350/1078 926/121/1078
f 957/436/473 961/435/473 963/1409/473 959/2544/473
f 959/2544/474 963/1409/474 964/1411/474 960/2545/474
f 960/2545/475 964/1411/475 962/148/475 958/147/475
f 1229/342/1079 1233/341/1079 1235/2078/1079 1231/2575/1079
f 1231/2575/1080 1235/2078/1080 1236/2077/1080 1232/2577/1080
f 490/1316/1082 1/1158/1082 6/1157/1082 14/1441/1082 21/1844/1082 30/2246/1082 37/1455/1082 46/1454/1082 54/1858/1082 62/2252/1082 69/1474/1082 78/1473/1082 85/1870/1082 94/2262/1082 101/1485/1082 110/1484/1082 118/1880/1082 125/2268/1082 129/1187/1082 138/1186/1082 146/1693/1082 154/2075/1082 161/1201/1082 170/1200/1082 178/1703/1082 186/2084/1082 193/1218/1082 202/1217/1082 209/1709/1082 218/2090/1082 225/1226/1082 234/1225/1082 242/1721/1082 250/2096/1082 254/2451/1082 261/1516/1082 270/1515/1082 278/1929/1082 286/2288/1082 293/1529/1082 302/1528/1082 310/1937/1082 318/2298/1082 325/1550/1082 334/1549/1082 342/1943/1082 350/2308/1082 357/1563/1082 366/1562/1082 373/1949/1082 378/2317/1082 385/2227/1082 393/1740/1082 402/1739/1082 410/2121/1082 417/1288/1082 425/1287/1082 434/1750/1082 442/2127/1082 449/1305/1082 457/1304/1082 466/1756/1082 474/2138/1082 481/1317/1082
usemtl 
f 1570/479/66 1010/480/66 994/481/66 1554/482/66
f 1078/694/67 1454/695/67 1449/696/67 1073/697/67
f 1058/698/68 1062/699/68 1349/700/68 1445/701/68
f 1110/702/69 1081/703/69 1461/704/69 1474/705/69
f 1058/698/70 1445/701/70 1454/706/70 1078/694/70
f 1073/697/71 1449/696/71 1441/707/71 1054/708/71
f 1054/709/72 1441/710/72 1438/711/72 1050/712/72
f 1041/713/73 1458/714/73 1461/715/73 1081/716/73
f 1050/717/74 1438/711/74 1434/718/74 1046/719/74
f 1090/720/75 1086/721/75 1466/722/75 1362/723/75
f 1113/724/76 1118/725/76 1482/726/76 1478/727/76
f 1122/728/77 1113/729/77 1478/727/77 1490/730/77
f 1590/731/78 1125/732/78 1130/733/78 1594/734/78
f 1118/735/79 1110/702/79 1474/736/79 1482/737/79
f 1486/738/80 1102/739/80 1122/740/80 1490/730/80
f 1470/741/81 1106/742/81 1102/739/81 1486/738/81
f 1106/742/82 1470/743/82 1466/722/82 1086/721/82
f 1314/744/83 1658/745/83 1654/746/83 1309/747/83
f 1666/748/84 1321/749/84 1326/750/84 1670/751/84
f 1309/752/85 1654/753/85 1674/754/85 1330/755/85
f 1318/756/86 1662/757/86 1658/758/86 1314/759/86
f 1678/760/87 1334/761/87 1321/762/87 1666/763/87
f 1670/764/88 1326/765/88 1330/766/88 1674/767/88
f 1586/768/89 1038/769/89 1002/770/89 1562/771/89
f 1554/772/90 994/773/90 997/774/90 1334/775/90 1678/776/90 1557/777/90
f 1014/778/91 1030/779/91 1578/780/91 1339/781/91
f 1566/782/78 1006/783/78 1010/784/78 1570/785/78
f 1562/786/92 1002/787/92 1006/788/92 1566/789/92
f 1458/790/93 1041/713/93 1046/791/93 1434/792/93
f 1582/793/94 1033/794/94 1038/795/94 1586/796/94
f 1574/797/95 1026/798/95 1033/799/95 1582/800/95
f 1026/801/96 1574/802/96 1578/803/96 1030/804/96
f 1174/805/86 1194/806/86 1634/807/86 1626/808/86
f 1634/809/83 1194/810/83 1190/811/83 1630/812/83
f 1630/813/85 1190/814/85 1210/815/85 1650/816/85
f 1646/817/87 1206/818/87 1198/819/87 1638/820/87
f 1214/821/75 1398/822/75 1502/823/75 1234/824/75
f 1650/825/88 1210/826/88 1201/827/88 1642/828/88
f 1642/829/84 1201/830/84 1206/831/84 1646/832/84
f 1179/833/97 1174/834/97 1626/835/97 1386/836/97
f 1594/837/92 1130/838/92 1134/839/92 1598/840/92
f 1618/841/66 1166/842/66 1125/843/66 1590/844/66
f 1598/845/89 1134/846/89 1138/847/89 1602/848/89
f 1162/849/94 1610/850/94 1602/851/94 1138/852/94
f 1146/853/96 1606/854/96 1614/855/96 1141/856/96
f 1375/857/91 1606/858/91 1146/859/91 1151/860/91
f 1141/861/95 1614/862/95 1610/863/95 1162/864/95
f 1638/865/90 1198/866/90 1169/867/90 1166/868/90 1618/869/90 1621/870/90
f 1282/871/70 1290/872/70 1542/873/70 1538/874/70
f 1546/875/71 1286/876/71 1294/877/71 1550/878/71
f 1298/879/97 1423/880/97 1662/881/97 1318/882/97
f 1542/883/67 1290/872/67 1286/876/67 1546/875/67
f 1270/884/68 1282/871/68 1538/874/68 1410/885/68
f 1550/878/72 1294/877/72 1261/886/72 1530/887/72
f 1530/888/74 1261/886/74 1266/889/74 1534/890/74
f 1534/891/93 1266/892/93 1257/893/93 1525/894/93
f 1242/895/79 1505/896/79 1518/897/79 1238/898/79
f 1242/899/76 1246/900/76 1510/901/76 1505/902/76
f 1246/903/77 1250/904/77 1514/905/77 1510/906/77
f 1525/894/73 1257/907/73 1253/908/73 1522/909/73
f 1234/824/82 1502/910/82 1498/911/82 1230/912/82
f 1225/913/80 1494/914/80 1514/905/80 1250/904/80
f 1253/915/69 1238/916/69 1518/897/69 1522/917/69
f 1230/912/81 1498/918/81 1494/914/81 1225/913/81
f 1014/778/100 1019/924/100 1021/925/100 1020/926/100
f 1062/699/107 1067/939/107 1069/940/107 1068/941/107
f 1090/720/114 1095/954/114 1097/955/114 1096/956/114
f 1151/860/123 1158/974/123 1160/975/123 1159/976/123
f 1179/833/130 1186/989/130 1188/990/130 1187/991/130
f 1214/821/135 1219/999/135 1221/1000/135 1220/1001/135
f 1270/884/142 1275/1014/142 1277/1015/142 1276/1016/142
f 1298/879/149 1303/1029/149 1305/1030/149 1304/1031/149
f 1339/781/158 1346/1047/158 1348/1048/158 1347/1049/158
f 1349/700/161 1352/1053/161 1354/1054/161 1353/1055/161
f 1362/723/170 1367/1072/170 1369/1073/170 1368/1074/170
f 1375/857/179 1382/1089/179 1384/1090/179 1383/1091/179
f 1386/836/184 1391/1100/184 1393/1101/184 1392/1102/184
f 1398/822/191 1403/1114/191 1405/1115/191 1404/1116/191
f 1410/885/198 1415/1128/198 1417/1129/198 1416/1130/198
f 1423/880/207 1430/1145/207 1432/1146/207 1431/1147/207
f 1590/731/216 1594/734/216 1596/1163/216 1592/1164/216
f 1198/819/231 1206/818/231 1208/1188/231 1200/1189/231
f 1238/916/237 1253/915/237 1255/1202/237 1240/1203/237
f 999/1231/251 1336/1232/251 1334/775/251 997/774/251
f 1159/976/257 1382/1089/257 1375/857/257 1151/860/257
f 1270/884/261 1410/885/261 1416/1130/261 1275/1014/261
f 1447/1247/269 1456/1248/269 1454/706/269 1445/701/269
f 1494/914/270 1498/918/270 1500/1249/270 1496/1250/270
f 1480/1263/278 1492/1264/278 1490/730/278 1478/727/278
f 1438/711/279 1441/710/279 1443/1265/279 1440/1266/279
f 1263/1279/287 1268/1280/287 1266/889/287 1261/886/287
f 1574/797/291 1582/800/291 1584/1289/291 1576/1290/291
f 1383/1091/296 1608/1297/296 1606/858/296 1375/857/296
f 1608/1308/302 1616/1309/302 1614/855/302 1606/854/302
f 1640/1322/308 1648/1323/308 1646/817/308 1638/820/308
f 1670/764/312 1674/767/312 1676/1332/312 1672/1333/312
f 1527/1378/336 1536/1379/336 1534/891/336 1525/894/336
f 1311/1388/342 1316/1389/342 1314/744/342 1309/747/342
f 1507/1416/360 1520/1417/360 1518/897/360 1505/896/360
f 994/481/361 1010/480/361 1012/1418/361 996/1419/361
f 1542/883/364 1546/875/364 1548/1424/364 1544/1425/364
f 1035/1434/369 1040/1435/369 1038/795/369 1033/794/369
f 1075/1446/375 1080/1447/375 1078/694/375 1073/697/375
f 1115/1460/381 1120/1461/381 1118/725/381 1113/724/381
f 1113/729/382 1122/728/382 1124/1462/382 1115/1463/382
f 1148/1477/390 1158/974/390 1151/860/390 1146/859/390
f 1316/1503/411 1320/1504/411 1318/756/411 1314/759/411
f 1441/707/421 1449/696/421 1451/1517/421 1443/1518/421
f 1362/723/427 1466/722/427 1468/1530/427 1367/1072/427
f 1476/1541/435 1484/1542/435 1482/737/435 1474/736/435
f 1505/902/439 1510/901/439 1512/1551/439 1507/1552/439
f 1538/874/445 1542/873/445 1544/1425/445 1540/1564/445
f 1520/1577/454 1524/1578/454 1522/917/454 1518/897/454
f 1658/758/458 1662/757/458 1664/1583/458 1660/1584/458
f 1666/748/461 1670/751/461 1672/1593/461 1668/1594/461
f 1668/1607/469 1680/1608/469 1678/760/469 1666/763/469
f 1048/1662/493 1052/1663/493 1050/717/493 1046/719/493
f 1086/721/497 1090/720/497 1096/956/497 1088/1666/497
f 1088/1666/502 1108/1671/502 1106/742/502 1086/721/502
f 1127/1676/505 1132/1677/505 1130/733/505 1125/732/505
f 1125/843/506 1166/842/506 1168/1678/506 1127/1679/506
f 1166/868/509 1169/867/509 1171/1683/509 1168/1684/509
f 1288/1714/524 1296/1715/524 1294/877/524 1286/876/524
f 1404/1116/540 1504/1730/540 1502/823/540 1398/822/540
f 1276/1016/555 1284/1759/555 1282/871/555 1270/884/555
f 1240/1795/567 1244/1796/567 1242/895/567 1238/898/567
f 1602/851/574 1610/850/574 1612/1806/574 1604/1807/574
f 1004/1828/581 1008/1829/581 1006/788/581 1002/787/581
f 1002/770/582 1038/769/582 1040/1830/582 1004/1831/582
f 1043/1837/587 1048/1838/587 1046/791/587 1041/713/587
f 1041/713/594 1081/716/594 1083/1848/594 1043/1849/594
f 1081/703/600 1110/702/600 1112/1859/600 1083/1860/600
f 1203/1887/617 1208/1888/617 1206/831/617 1201/830/617
f 1201/827/618 1210/826/618 1212/1889/618 1203/1890/618
f 1244/1899/624 1248/1900/624 1246/900/624 1242/899/624
f 1284/1759/630 1292/1905/630 1290/872/630 1282/871/630
f 1323/1912/633 1328/1913/633 1326/750/633 1321/749/633
f 1566/782/634 1570/785/634 1572/1914/634 1568/1915/634
f 1321/762/637 1334/761/637 1336/1920/637 1323/1921/637
f 1449/696/646 1454/695/646 1456/1248/646 1451/1930/646
f 1546/875/658 1550/878/658 1552/1950/658 1548/1951/658
f 1058/698/664 1078/694/664 1080/1447/664 1060/1957/664
f 1610/863/667 1614/862/667 1616/1962/667 1612/1963/667
f 1386/836/673 1626/835/673 1628/1965/673 1391/1100/673
f 1642/829/676 1646/832/676 1648/1968/676 1644/1969/676
f 1644/1976/681 1652/1977/681 1650/825/681 1642/828/681
f 1008/2035/703 1012/2036/703 1010/784/703 1006/783/703
f 1056/2041/706 1075/1446/706 1073/697/706 1054/708/706
f 1632/2046/709 1636/2047/709 1634/809/709 1630/812/709
f 1102/739/710 1106/742/710 1108/1671/710 1104/2048/710
f 1104/2048/715 1124/2052/715 1122/740/715 1102/739/715
f 1136/2057/718 1140/2058/718 1138/847/718 1134/846/718
f 1478/727/719 1482/726/719 1484/2059/719 1480/2060/719
f 1174/834/722 1179/833/722 1187/991/722 1176/2063/722
f 1176/2068/727 1196/2069/727 1194/806/727 1174/805/727
f 1214/821/731 1234/824/731 1236/2076/731 1219/999/731
f 1220/1001/748 1403/1114/748 1398/822/748 1214/821/748
f 1463/2101/753 1476/2102/753 1474/705/753 1461/704/753
f 1496/2108/756 1516/2109/756 1514/905/756 1494/914/756
f 1592/2131/765 1620/2132/765 1618/841/765 1590/844/765
f 1623/2141/771 1640/2142/771 1638/865/771 1621/870/771
f 1654/746/772 1658/745/772 1660/2149/772 1656/2150/772
f 1431/1147/777 1664/2153/777 1662/881/777 1423/880/777
f 1656/2156/780 1676/2157/780 1674/754/780 1654/753/780
f 1557/777/781 1678/776/781 1680/2158/781 1559/2159/781
f 1286/876/784 1290/872/784 1292/1905/784 1288/1714/784
f 996/2187/789 999/2188/789 997/774/789 994/773/789
f 1598/845/796 1602/848/796 1604/2209/796 1600/2210/796
f 1328/2235/814 1332/2236/814 1330/766/814 1326/765/814
f 1052/2239/817 1056/2240/817 1054/709/817 1050/712/817
f 1132/2255/826 1136/2256/826 1134/839/826 1130/838/826
f 1014/778/830 1339/781/830 1347/1049/830 1019/924/830
f 1169/867/836 1198/866/836 1200/2269/836 1171/2270/836
f 1248/2279/844 1252/2280/844 1250/904/844 1246/903/844
f 1090/720/845 1362/723/845 1368/1074/845 1095/954/845
f 1460/2292/856 1463/2101/856 1461/715/856 1458/714/856
f 1576/2301/862 1580/2302/862 1578/803/862 1574/802/862
f 1524/1578/868 1527/2311/868 1525/894/868 1522/909/868
f 1410/885/872 1538/874/872 1540/1564/872 1415/1128/872
f 1554/772/836 1557/777/836 1559/2159/836 1556/2318/836
f 1556/2326/878 1572/2327/878 1570/479/878 1554/482/878
f 1620/2332/251 1623/2141/251 1621/870/251 1618/869/251
f 1020/926/894 1032/2399/894 1030/779/894 1014/778/894
f 1110/702/897 1118/735/897 1120/2400/897 1112/2401/897
f 1143/2406/902 1148/2407/902 1146/853/902 1141/856/902
f 1141/861/903 1162/864/903 1164/2408/903 1143/2409/903
f 1190/811/906 1194/810/906 1196/2412/906 1192/2413/906
f 1192/2417/911 1212/2418/911 1210/815/911 1190/814/911
f 1261/886/918 1294/877/918 1296/2427/918 1263/2428/918
f 1486/738/924 1490/730/924 1492/2434/924 1488/2435/924
f 1309/752/930 1330/755/930 1332/2443/930 1311/2444/930
f 1253/908/939 1257/907/939 1259/2454/939 1255/2455/939
f 1353/1055/944 1447/1247/944 1445/701/944 1349/700/944
f 1470/741/945 1486/738/945 1488/2460/945 1472/2461/945
f 1630/813/960 1650/816/960 1652/2481/960 1632/2482/960
f 1510/906/968 1514/905/968 1516/2546/968 1512/2547/968
f 1026/801/972 1030/804/972 1032/2550/972 1028/2551/972
f 1028/2554/977 1035/2555/977 1033/799/977 1026/798/977
f 1060/1957/980 1067/939/980 1062/699/980 1058/698/980
f 1140/2569/992 1164/2570/992 1162/849/992 1138/852/992
f 1227/2579/998 1232/2580/998 1230/912/998 1225/913/998
f 1225/913/999 1250/904/999 1252/2581/999 1227/2579/999
f 1257/893/1002 1266/892/1002 1268/2583/1002 1259/2584/1002
f 1298/879/1006 1318/882/1006 1320/2587/1006 1303/1029/1006
f 1179/833/1015 1386/836/1015 1392/1102/1015 1186/989/1015
f 1304/1031/1020 1430/1145/1020 1423/880/1020 1298/879/1020
f 1434/718/1021 1438/711/1021 1440/2592/1021 1436/2593/1021
f 1436/2603/1029 1460/2604/1029 1458/790/1029 1434/792/1029
f 1466/722/1030 1470/743/1030 1472/2461/1030 1468/1530/1030
f 1498/911/1036 1502/910/1036 1504/1730/1036 1500/1249/1036
f 1530/888/1042 1534/890/1042 1536/2613/1042 1532/2614/1042
f 1532/2620/1047 1552/2621/1047 1550/878/1047 1530/887/1047
f 1562/786/1048 1566/789/1048 1568/2622/1048 1564/2623/1048
f 1339/781/1051 1578/780/1051 1580/2627/1051 1346/1047/1051
f 1564/2631/1056 1588/2632/1056 1586/768/1056 1562/771/1056
f 1068/941/1059 1352/1053/1059 1349/700/1059 1062/699/1059
f 1594/837/1060 1598/840/1060 1600/2633/1060 1596/2634/1060
f 1582/793/1063 1586/796/1063 1588/2637/1063 1584/2638/1063
f 1626/808/1066 1634/807/1066 1636/2641/1066 1628/2642/1066
f 1232/2580/1081 1236/2076/1081 1234/824/1081 1230/912/1081
o Curve
v 2.566597 -6.004926 -14.942425
v 4.449364 -6.004926 -14.941921
v 5.994839 -6.004926 -14.940556
v 7.236935 -6.004926 -14.937893
v 8.209560 -6.004926 -14.933506
v 8.946629 -6.004926 -14.926960
v 9.482044 -6.004926 -14.917824
v 9.849724 -6.004926 -14.905666
v 10.083576 -6.004926 -14.890057
v 10.217510 -6.004926 -14.870564
v 10.285435 -6.004926 -14.846752
v 10.321262 -6.004926 -14.818195
v 10.348522 -6.004926 -14.788109
v 10.371487 -6.004926 -14.752018
v 10.390522 -6.004926 -14.702633
v 10.405994 -6.004926 -14.632660
v 10.418274 -6.004926 -14.534805
v 10.427723 -6.004926 -14.401775
v 10.434711 -6.004926 -14.226276
v 10.439606 -6.004926 -14.001011
v 10.442776 -6.004926 -13.718685
v 10.444584 -6.004926 -13.372005
v 10.445400 -6.004926 -12.953678
v 10.445591 -6.004926 -12.456409
v 10.445400 -6.004926 -11.959148
v 10.444584 -6.004926 -11.540821
v 10.442776 -6.004926 -11.194141
v 10.439606 -6.004926 -10.911816
v 10.434711 -6.004926 -10.686550
v 10.427723 -6.004926 -10.511047
v 10.418274 -6.004926 -10.378017
v 10.405994 -6.004926 -10.280163
v 10.390522 -6.004926 -10.210190
v 10.371487 -6.004926 -10.160805
v 10.348522 -6.004926 -10.124714
v 10.321262 -6.004926 -10.094624
v 10.286770 -6.004926 -10.066063
v 10.228161 -6.004926 -10.042252
v 10.119518 -6.004926 -10.022758
v 9.934917 -6.004926 -10.007149
v 9.648434 -6.004926 -9.994991
v 9.234146 -6.004926 -9.985855
v 8.666126 -6.004926 -9.979309
v 7.918453 -6.004926 -9.974922
v 6.965202 -6.004926 -9.972260
v 5.780453 -6.004926 -9.970894
v 4.338276 -6.004926 -9.970390
v 2.612751 -6.004926 -9.970318
v -4.971430 -6.004926 -9.970318
v -4.971430 -6.004926 -5.806114
v -4.971430 -6.004926 -1.641907
v -4.872347 -6.004926 -1.641907
v -4.598431 -6.004926 -1.641907
v -4.184643 -6.004926 -1.641907
v -3.665951 -6.004926 -1.641907
v -3.077322 -6.004926 -1.641907
v -2.453726 -6.004926 -1.641907
v -1.830130 -6.004926 -1.641907
v -1.241501 -6.004926 -1.641907
v -0.722809 -6.004926 -1.641907
v -0.309021 -6.004926 -1.641907
v -0.035105 -6.004926 -1.641907
v 0.063971 -6.004926 -1.641907
v 1.203922 -6.004926 -1.641834
v 2.157877 -6.004926 -1.641331
v 2.942905 -6.004926 -1.639965
v 3.576082 -6.004926 -1.637302
v 4.074482 -6.004926 -1.632915
v 4.455177 -6.004926 -1.626369
v 4.735241 -6.004926 -1.617233
v 4.931751 -6.004926 -1.605076
v 5.061779 -6.004926 -1.589466
v 5.142395 -6.004926 -1.569973
v 5.190678 -6.004926 -1.546162
v 5.223701 -6.004926 -1.517605
v 5.250961 -6.004926 -1.487659
v 5.273922 -6.004926 -1.452576
v 5.292957 -6.004926 -1.405926
v 5.308430 -6.004926 -1.341278
v 5.320709 -6.004926 -1.252201
v 5.330158 -6.004926 -1.132263
v 5.337147 -6.004926 -0.975033
v 5.342045 -6.004926 -0.774082
v 5.345215 -6.004926 -0.522976
v 5.347023 -6.004926 -0.215286
v 5.347839 -6.004926 0.155418
v 5.348030 -6.004926 0.595570
v 5.347836 -6.004926 1.035728
v 5.347019 -6.004926 1.406433
v 5.345211 -6.004926 1.714123
v 5.342041 -6.004926 1.965229
v 5.337143 -6.004926 2.166180
v 5.330154 -6.004926 2.323410
v 5.320705 -6.004926 2.443348
v 5.308426 -6.004926 2.532425
v 5.292953 -6.004926 2.597073
v 5.273918 -6.004926 2.643723
v 5.250957 -6.004926 2.678806
v 5.223701 -6.004926 2.708752
v 5.190670 -6.004926 2.737309
v 5.142387 -6.004926 2.761120
v 5.061771 -6.004926 2.780613
v 4.931747 -6.004926 2.796223
v 4.735241 -6.004926 2.808380
v 4.455177 -6.004926 2.817516
v 4.074482 -6.004926 2.824062
v 3.576084 -6.004926 2.828451
v 2.942907 -6.004926 2.831112
v 2.157879 -6.004926 2.832479
v 1.203924 -6.004926 2.832983
v 0.063971 -6.004926 2.833055
v -4.971430 -6.004926 2.833055
v -4.971430 -6.004926 7.618782
v -4.971430 -6.004926 12.404507
v -4.823427 -6.004926 12.404507
v -4.414244 -6.004926 12.404507
v -3.796116 -6.004926 12.404507
v -3.021278 -6.004926 12.404507
v -2.141968 -6.004926 12.404507
v -1.210423 -6.004926 12.404507
v -0.278877 -6.004926 12.404507
v 0.600433 -6.004926 12.404507
v 1.375271 -6.004926 12.404507
v 1.993399 -6.004926 12.404507
v 2.402582 -6.004926 12.404507
v 2.550585 -6.004926 12.404507
v 4.261827 -6.004926 12.404577
v 5.692097 -6.004926 12.405081
v 6.867100 -6.004926 12.406448
v 7.812542 -6.004926 12.409109
v 8.554134 -6.004926 12.413498
v 9.117584 -6.004926 12.420044
v 9.528599 -6.004926 12.429180
v 9.812885 -6.004926 12.441338
v 9.996155 -6.004926 12.456947
v 10.104115 -6.004926 12.476442
v 10.162468 -6.004926 12.500254
v 10.196930 -6.004926 12.528812
v 10.224194 -6.004926 12.558941
v 10.247158 -6.004926 12.595282
v 10.266193 -6.004926 12.645350
v 10.281666 -6.004926 12.716652
v 10.293945 -6.004926 12.816700
v 10.303394 -6.004926 12.953003
v 10.310383 -6.004926 13.133072
v 10.315277 -6.004926 13.364416
v 10.318447 -6.004926 13.654547
v 10.320255 -6.004926 14.010973
v 10.321072 -6.004926 14.441204
v 10.321262 -6.004926 14.952751
v 10.321068 -6.004926 15.464298
v 10.320251 -6.004926 15.894529
v 10.318443 -6.004926 16.250956
v 10.315273 -6.004926 16.541086
v 10.310379 -6.004926 16.772430
v 10.303391 -6.004926 16.952499
v 10.293941 -6.004926 17.088802
v 10.281662 -6.004926 17.188850
v 10.266190 -6.004926 17.260153
v 10.247154 -6.004926 17.310221
v 10.224190 -6.004926 17.346563
v 10.196930 -6.004926 17.376690
v 10.161251 -6.004926 17.405247
v 10.093891 -6.004926 17.429058
v 9.961086 -6.004926 17.448553
v 9.729076 -6.004926 17.464163
v 9.364101 -6.004926 17.476320
v 8.832401 -6.004926 17.485456
v 8.100216 -6.004926 17.492002
v 7.133789 -6.004926 17.496391
v 5.899361 -6.004926 17.499052
v 4.363169 -6.004926 17.500420
v 2.491457 -6.004926 17.500923
v 0.250465 -6.004926 17.500996
v -1.981504 -6.004926 17.500807
v -3.847561 -6.004926 17.499990
v -5.380945 -6.004926 17.498180
v -6.614901 -6.004926 17.495012
v -7.582666 -6.004926 17.490116
v -8.317484 -6.004926 17.483128
v -8.852596 -6.004926 17.473679
v -9.221243 -6.004926 17.461403
v -9.456665 -6.004926 17.445932
v -9.592104 -6.004926 17.426901
v -9.660803 -6.004926 17.403942
v -9.696001 -6.004926 17.376690
v -9.724564 -6.004926 17.336277
v -9.748379 -6.004926 17.240875
v -9.767878 -6.004926 17.036016
v -9.783491 -6.004926 16.667233
v -9.795650 -6.004926 16.080051
v -9.804789 -6.004926 15.220005
v -9.811337 -6.004926 14.032623
v -9.815725 -6.004926 12.463436
v -9.818388 -6.004926 10.457975
v -9.819756 -6.004926 7.961769
v -9.820259 -6.004926 4.920349
v -9.820332 -6.004926 1.279247
v -9.820261 -6.004926 -2.373604
v -9.819757 -6.004926 -5.422695
v -9.818390 -6.004926 -7.923077
v -9.815727 -6.004926 -9.929802
v -9.811338 -6.004926 -11.497921
v -9.804790 -6.004926 -12.682487
v -9.795652 -6.004926 -13.538551
v -9.783493 -6.004926 -14.121166
v -9.767879 -6.004926 -14.485386
v -9.748381 -6.004926 -14.686264
v -9.724566 -6.004926 -14.778851
v -9.696001 -6.004926 -14.818195
v -9.660172 -6.004926 -14.846756
v -9.592247 -6.004926 -14.870567
v -9.458315 -6.004926 -14.890060
v -9.224464 -6.004926 -14.905670
v -8.856785 -6.004926 -14.917828
v -8.321367 -6.004926 -14.926964
v -7.584301 -6.004926 -14.933510
v -6.611675 -6.004926 -14.937897
v -5.369579 -6.004926 -14.940559
v -3.824102 -6.004926 -14.941925
v -1.941336 -6.004926 -14.942429
v 0.312632 -6.004926 -14.942501
v 2.566597 -7.203732 -14.942425
v 4.449364 -7.203732 -14.941921
v 5.994839 -7.203732 -14.940556
v 7.236935 -7.203732 -14.937893
v 8.209560 -7.203732 -14.933506
v 8.946629 -7.203732 -14.926960
v 9.482044 -7.203732 -14.917824
v 9.849724 -7.203732 -14.905666
v 10.083576 -7.203732 -14.890057
v 10.217510 -7.203732 -14.870564
v 10.285435 -7.203732 -14.846752
v 10.321262 -7.203732 -14.818195
v 10.348522 -7.203732 -14.788109
v 10.371487 -7.203732 -14.752018
v 10.390522 -7.203732 -14.702633
v 10.405994 -7.203732 -14.632660
v 10.418274 -7.203732 -14.534805
v 10.427723 -7.203732 -14.401775
v 10.434711 -7.203732 -14.226276
v 10.439606 -7.203732 -14.001011
v 10.442776 -7.203732 -13.718685
v 10.444584 -7.203732 -13.372005
v 10.445400 -7.203732 -12.953678
v 10.445591 -7.203732 -12.456409
v 10.445400 -7.203732 -11.959148
v 10.444584 -7.203732 -11.540821
v 10.442776 -7.203732 -11.194141
v 10.439606 -7.203732 -10.911816
v 10.434711 -7.203732 -10.686550
v 10.427723 -7.203732 -10.511047
v 10.418274 -7.203732 -10.378017
v 10.405994 -7.203732 -10.280163
v 10.390522 -7.203732 -10.210190
v 10.371487 -7.203732 -10.160805
v 10.348522 -7.203732 -10.124714
v 10.321262 -7.203732 -10.094624
v 10.286770 -7.203732 -10.066063
v 10.228161 -7.203732 -10.042252
v 10.119518 -7.203732 -10.022758
v 9.934917 -7.203732 -10.007149
v 9.648434 -7.203732 -9.994991
v 9.234146 -7.203732 -9.985855
v 8.666126 -7.203732 -9.979309
v 7.918453 -7.203732 -9.974922
v 6.965202 -7.203732 -9.972260
v 5.780453 -7.203732 -9.970894
v 4.338276 -7.203732 -9.970390
v 2.612751 -7.203732 -9.970318
v -4.971430 -7.203732 -9.970318
v -4.971430 -7.203732 -5.806114
v -4.971430 -7.203732 -1.641907
v -4.872347 -7.203732 -1.641907
v -4.598431 -7.203732 -1.641907
v -4.184643 -7.203732 -1.641907
v -3.665951 -7.203732 -1.641907
v -3.077322 -7.203732 -1.641907
v -2.453726 -7.203732 -1.641907
v -1.830130 -7.203732 -1.641907
v -1.241501 -7.203732 -1.641907
v -0.722809 -7.203732 -1.641907
v -0.309021 -7.203732 -1.641907
v -0.035105 -7.203732 -1.641907
v 0.063971 -7.203732 -1.641907
v 1.203922 -7.203732 -1.641834
v 2.157877 -7.203732 -1.641331
v 2.942905 -7.203732 -1.639965
v 3.576082 -7.203732 -1.637302
v 4.074482 -7.203732 -1.632915
v 4.455177 -7.203732 -1.626369
v 4.735241 -7.203732 -1.617233
v 4.931751 -7.203732 -1.605076
v 5.061779 -7.203732 -1.589466
v 5.142395 -7.203732 -1.569973
v 5.190678 -7.203732 -1.546162
v 5.223701 -7.203732 -1.517605
v 5.250961 -7.203732 -1.487659
v 5.273922 -7.203732 -1.452576
v 5.292957 -7.203732 -1.405926
v 5.308430 -7.203732 -1.341278
v 5.320709 -7.203732 -1.252201
v 5.330158 -7.203732 -1.132263
v 5.337147 -7.203732 -0.975033
v 5.342045 -7.203732 -0.774082
v 5.345215 -7.203732 -0.522976
v 5.347023 -7.203732 -0.215286
v 5.347839 -7.203732 0.155418
v 5.348030 -7.203732 0.595570
v 5.347836 -7.203732 1.035728
v 5.347019 -7.203732 1.406433
v 5.345211 -7.203732 1.714123
v 5.342041 -7.203732 1.965229
v 5.337143 -7.203732 2.166180
v 5.330154 -7.203732 2.323410
v 5.320705 -7.203732 2.443348
v 5.308426 -7.203732 2.532425
v 5.292953 -7.203732 2.597073
v 5.273918 -7.203732 2.643723
v 5.250957 -7.203732 2.678806
v 5.223701 -7.203732 2.708752
v 5.190670 -7.203732 2.737309
v 5.142387 -7.203732 2.761120
v 5.061771 -7.203732 2.780613
v 4.931747 -7.203732 2.796223
v 4.735241 -7.203732 2.808380
v 4.455177 -7.203732 2.817516
v 4.074482 -7.203732 2.824062
v 3.576084 -7.203732 2.828451
v 2.942907 -7.203732 2.831112
v 2.157879 -7.203732 2.832479
v 1.203924 -7.203732 2.832983
v 0.063971 -7.203732 2.833055
v -4.971430 -7.203732 2.833055
v -4.971430 -7.203732 7.618782
v -4.971430 -7.203732 12.404507
v -4.823427 -7.203732 12.404507
v -4.414244 -7.203732 12.404507
v -3.796116 -7.203732 12.404507
v -3.021278 -7.203732 12.404507
v -2.141968 -7.203732 12.404507
v -1.210423 -7.203732 12.404507
v -0.278877 -7.203732 12.404507
v 0.600433 -7.203732 12.404507
v 1.375271 -7.203732 12.404507
v 1.993399 -7.203732 12.404507
v 2.402582 -7.203732 12.404507
v 2.550585 -7.203732 12.404507
v 4.261827 -7.203732 12.404577
v 5.692097 -7.203732 12.405081
v 6.867100 -7.203732 12.406448
v 7.812542 -7.203732 12.409109
v 8.554134 -7.203732 12.413498
v 9.117584 -7.203732 12.420044
v 9.528599 -7.203732 12.429180
v 9.812885 -7.203732 12.441338
v 9.996155 -7.203732 12.456947
v 10.104115 -7.203732 12.476442
v 10.162468 -7.203732 12.500254
v 10.196930 -7.203732 12.528812
v 10.224194 -7.203732 12.558941
v 10.247158 -7.203732 12.595282
v 10.266193 -7.203732 12.645350
v 10.281666 -7.203732 12.716652
v 10.293945 -7.203732 12.816700
v 10.303394 -7.203732 12.953003
v 10.310383 -7.203732 13.133072
v 10.315277 -7.203732 13.364416
v 10.318447 -7.203732 13.654547
v 10.320255 -7.203732 14.010973
v 10.321072 -7.203732 14.441204
v 10.321262 -7.203732 14.952751
v 10.321068 -7.203732 15.464298
v 10.320251 -7.203732 15.894529
v 10.318443 -7.203732 16.250956
v 10.315273 -7.203732 16.541086
v 10.310379 -7.203732 16.772430
v 10.303391 -7.203732 16.952499
v 10.293941 -7.203732 17.088802
v 10.281662 -7.203732 17.188850
v 10.266190 -7.203732 17.260153
v 10.247154 -7.203732 17.310221
v 10.224190 -7.203732 17.346563
v 10.196930 -7.203732 17.376690
v 10.161251 -7.203732 17.405247
v 10.093891 -7.203732 17.429058
v 9.961086 -7.203732 17.448553
v 9.729076 -7.203732 17.464163
v 9.364101 -7.203732 17.476320
v 8.832401 -7.203732 17.485456
v 8.100216 -7.203732 17.492002
v 7.133789 -7.203732 17.496391
v 5.899361 -7.203732 17.499052
v 4.363169 -7.203732 17.500420
v 2.491457 -7.203732 17.500923
v 0.250465 -7.203732 17.500996
v -1.981504 -7.203732 17.500807
v -3.847561 -7.203732 17.499990
v -5.380945 -7.203732 17.498180
v -6.614901 -7.203732 17.495012
v -7.582666 -7.203732 17.490116
v -8.317484 -7.203732 17.483128
v -8.852596 -7.203732 17.473679
v -9.221243 -7.203732 17.461403
v -9.456665 -7.203732 17.445932
v -9.592104 -7.203732 17.426901
v -9.660803 -7.203732 17.403942
v -9.696001 -7.203732 17.376690
v -9.724564 -7.203732 17.336277
v -9.748379 -7.203732 17.240875
v -9.767878 -7.203732 17.036016
v -9.783491 -7.203732 16.667233
v -9.795650 -7.203732 16.080051
v -9.804789 -7.203732 15.220005
v -9.811337 -7.203732 14.032623
v -9.815725 -7.203732 12.463436
v -9.818388 -7.203732 10.457975
v -9.819756 -7.203732 7.961769
v -9.820259 -7.203732 4.920349
v -9.820332 -7.203732 1.279247
v -9.820261 -7.203732 -2.373604
v -9.819757 -7.203732 -5.422695
v -9.818390 -7.203732 -7.923077
v -9.815727 -7.203732 -9.929802
v -9.811338 -7.203732 -11.497921
v -9.804790 -7.203732 -12.682487
v -9.795652 -7.203732 -13.538551
v -9.783493 -7.203732 -14.121166
v -9.767879 -7.203732 -14.485386
v -9.748381 -7.203732 -14.686264
v -9.724566 -7.203732 -14.778851
v -9.696001 -7.203732 -14.818195
v -9.660172 -7.203732 -14.846756
v -9.592247 -7.203732 -14.870567
v -9.458315 -7.203732 -14.890060
v -9.224464 -7.203732 -14.905670
v -8.856785 -7.203732 -14.917828
v -8.321367 -7.203732 -14.926964
v -7.584301 -7.203732 -14.933510
v -6.611675 -7.203732 -14.937897
v -5.369579 -7.203732 -14.940559
v -3.824102 -7.203732 -14.941925
v -1.941336 -7.203732 -14.942429
v 0.312632 -7.203732 -14.942501
v 2.566597 -7.203732 -14.942425
v 2.566597 -6.004926 -14.942425
v 4.449364 -7.203732 -14.941921
v 4.449364 -6.004926 -14.941921
v 5.994839 -7.203732 -14.940556
v 5.994839 -6.004926 -14.940556
v 7.236935 -7.203732 -14.937893
v 7.236935 -6.004926 -14.937893
v 8.209560 -7.203732 -14.933506
v 8.209560 -6.004926 -14.933506
v 8.946629 -7.203732 -14.926960
v 8.946629 -6.004926 -14.926960
v 9.482044 -7.203732 -14.917824
v 9.482044 -6.004926 -14.917824
v 9.849724 -7.203732 -14.905666
v 9.849724 -6.004926 -14.905666
v 10.083576 -7.203732 -14.890057
v 10.083576 -6.004926 -14.890057
v 10.217510 -7.203732 -14.870564
v 10.217510 -6.004926 -14.870564
v 10.285435 -7.203732 -14.846752
v 10.285435 -6.004926 -14.846752
v 10.321262 -7.203732 -14.818195
v 10.321262 -6.004926 -14.818195
v 10.348522 -7.203732 -14.788109
v 10.348522 -6.004926 -14.788109
v 10.371487 -7.203732 -14.752018
v 10.371487 -6.004926 -14.752018
v 10.390522 -7.203732 -14.702633
v 10.390522 -6.004926 -14.702633
v 10.405994 -7.203732 -14.632660
v 10.405994 -6.004926 -14.632660
v 10.418274 -7.203732 -14.534805
v 10.418274 -6.004926 -14.534805
v 10.427723 -7.203732 -14.401775
v 10.427723 -6.004926 -14.401775
v 10.434711 -7.203732 -14.226276
v 10.434711 -6.004926 -14.226276
v 10.439606 -7.203732 -14.001011
v 10.439606 -6.004926 -14.001011
v 10.442776 -7.203732 -13.718685
v 10.442776 -6.004926 -13.718685
v 10.444584 -7.203732 -13.372005
v 10.444584 -6.004926 -13.372005
v 10.445400 -7.203732 -12.953678
v 10.445400 -6.004926 -12.953678
v 10.445591 -7.203732 -12.456409
v 10.445591 -6.004926 -12.456409
v 10.445400 -7.203732 -11.959148
v 10.445400 -6.004926 -11.959148
v 10.444584 -7.203732 -11.540821
v 10.444584 -6.004926 -11.540821
v 10.442776 -7.203732 -11.194141
v 10.442776 -6.004926 -11.194141
v 10.439606 -7.203732 -10.911816
v 10.439606 -6.004926 -10.911816
v 10.434711 -7.203732 -10.686550
v 10.434711 -6.004926 -10.686550
v 10.427723 -7.203732 -10.511047
v 10.427723 -6.004926 -10.511047
v 10.418274 -7.203732 -10.378017
v 10.418274 -6.004926 -10.378017
v 10.405994 -7.203732 -10.280163
v 10.405994 -6.004926 -10.280163
v 10.390522 -7.203732 -10.210190
v 10.390522 -6.004926 -10.210190
v 10.371487 -7.203732 -10.160805
v 10.371487 -6.004926 -10.160805
v 10.348522 -7.203732 -10.124714
v 10.348522 -6.004926 -10.124714
v 10.321262 -7.203732 -10.094624
v 10.321262 -6.004926 -10.094624
v 10.286770 -7.203732 -10.066063
v 10.286770 -6.004926 -10.066063
v 10.228161 -7.203732 -10.042252
v 10.228161 -6.004926 -10.042252
v 10.119518 -7.203732 -10.022758
v 10.119518 -6.004926 -10.022758
v 9.934917 -7.203732 -10.007149
v 9.934917 -6.004926 -10.007149
v 9.648434 -7.203732 -9.994991
v 9.648434 -6.004926 -9.994991
v 9.234146 -7.203732 -9.985855
v 9.234146 -6.004926 -9.985855
v 8.666126 -7.203732 -9.979309
v 8.666126 -6.004926 -9.979309
v 7.918453 -7.203732 -9.974922
v 7.918453 -6.004926 -9.974922
v 6.965202 -7.203732 -9.972260
v 6.965202 -6.004926 -9.972260
v 5.780453 -7.203732 -9.970894
v 5.780453 -6.004926 -9.970894
v 4.338276 -7.203732 -9.970390
v 4.338276 -6.004926 -9.970390
v 2.612751 -7.203732 -9.970318
v 2.612751 -6.004926 -9.970318
v -4.971430 -7.203732 -9.970318
v -4.971430 -6.004926 -9.970318
v -4.971430 -7.203732 -5.806114
v -4.971430 -6.004926 -5.806114
v -4.971430 -7.203732 -1.641907
v -4.971430 -6.004926 -1.641907
v -4.872347 -7.203732 -1.641907
v -4.872347 -6.004926 -1.641907
v -4.598431 -7.203732 -1.641907
v -4.598431 -6.004926 -1.641907
v -4.184643 -7.203732 -1.641907
v -4.184643 -6.004926 -1.641907
v -3.665951 -7.203732 -1.641907
v -3.665951 -6.004926 -1.641907
v -3.077322 -7.203732 -1.641907
v -3.077322 -6.004926 -1.641907
v -2.453726 -7.203732 -1.641907
v -2.453726 -6.004926 -1.641907
v -1.830130 -7.203732 -1.641907
v -1.830130 -6.004926 -1.641907
v -1.241501 -7.203732 -1.641907
v -1.241501 -6.004926 -1.641907
v -0.722809 -7.203732 -1.641907
v -0.722809 -6.004926 -1.641907
v -0.309021 -7.203732 -1.641907
v -0.309021 -6.004926 -1.641907
v -0.035105 -7.203732 -1.641907
v -0.035105 -6.004926 -1.641907
v 0.063971 -7.203732 -1.641907
v 0.063971 -6.004926 -1.641907
v 1.203922 -7.203732 -1.641834
v 1.203922 -6.004926 -1.641834
v 2.157877 -7.203732 -1.641331
v 2.157877 -6.004926 -1.641331
v 2.942905 -7.203732 -1.639965
v 2.942905 -6.004926 -1.639965
v 3.576082 -7.203732 -1.637302
v 3.576082 -6.004926 -1.637302
v 4.074482 -7.203732 -1.632915
v 4.074482 -6.004926 -1.632915
v 4.455177 -7.203732 -1.626369
v 4.455177 -6.004926 -1.626369
v 4.735241 -7.203732 -1.617233
v 4.735241 -6.004926 -1.617233
v 4.931751 -7.203732 -1.605076
v 4.931751 -6.004926 -1.605076
v 5.061779 -7.203732 -1.589466
v 5.061779 -6.004926 -1.589466
v 5.142395 -7.203732 -1.569973
v 5.142395 -6.004926 -1.569973
v 5.190678 -7.203732 -1.546162
v 5.190678 -6.004926 -1.546162
v 5.223701 -7.203732 -1.517605
v 5.223701 -6.004926 -1.517605
v 5.250961 -7.203732 -1.487659
v 5.250961 -6.004926 -1.487659
v 5.273922 -7.203732 -1.452576
v 5.273922 -6.004926 -1.452576
v 5.292957 -7.203732 -1.405926
v 5.292957 -6.004926 -1.405926
v 5.308430 -7.203732 -1.341278
v 5.308430 -6.004926 -1.341278
v 5.320709 -7.203732 -1.252201
v 5.320709 -6.004926 -1.252201
v 5.330158 -7.203732 -1.132263
v 5.330158 -6.004926 -1.132263
v 5.337147 -7.203732 -0.975033
v 5.337147 -6.004926 -0.975033
v 5.342045 -7.203732 -0.774082
v 5.342045 -6.004926 -0.774082
v 5.345215 -7.203732 -0.522976
v 5.345215 -6.004926 -0.522976
v 5.347023 -7.203732 -0.215286
v 5.347023 -6.004926 -0.215286
v 5.347839 -7.203732 0.155418
v 5.347839 -6.004926 0.155418
v 5.348030 -7.203732 0.595570
v 5.348030 -6.004926 0.595570
v 5.347836 -7.203732 1.035728
v 5.347836 -6.004926 1.035728
v 5.347019 -7.203732 1.406433
v 5.347019 -6.004926 1.406433
v 5.345211 -7.203732 1.714123
v 5.345211 -6.004926 1.714123
v 5.342041 -7.203732 1.965229
v 5.342041 -6.004926 1.965229
v 5.337143 -7.203732 2.166180
v 5.337143 -6.004926 2.166180
v 5.330154 -7.203732 2.323410
v 5.330154 -6.004926 2.323410
v 5.320705 -7.203732 2.443348
v 5.320705 -6.004926 2.443348
v 5.308426 -7.203732 2.532425
v 5.308426 -6.004926 2.532425
v 5.292953 -7.203732 2.597073
v 5.292953 -6.004926 2.597073
v 5.273918 -7.203732 2.643723
v 5.273918 -6.004926 2.643723
v 5.250957 -7.203732 2.678806
v 5.250957 -6.004926 2.678806
v 5.223701 -7.203732 2.708752
v 5.223701 -6.004926 2.708752
v 5.190670 -7.203732 2.737309
v 5.190670 -6.004926 2.737309
v 5.142387 -7.203732 2.761120
v 5.142387 -6.004926 2.761120
v 5.061771 -7.203732 2.780613
v 5.061771 -6.004926 2.780613
v 4.931747 -7.203732 2.796223
v 4.931747 -6.004926 2.796223
v 4.735241 -7.203732 2.808380
v 4.735241 -6.004926 2.808380
v 4.455177 -7.203732 2.817516
v 4.455177 -6.004926 2.817516
v 4.074482 -7.203732 2.824062
v 4.074482 -6.004926 2.824062
v 3.576084 -7.203732 2.828451
v 3.576084 -6.004926 2.828451
v 2.942907 -7.203732 2.831112
v 2.942907 -6.004926 2.831112
v 2.157879 -7.203732 2.832479
v 2.157879 -6.004926 2.832479
v 1.203924 -7.203732 2.832983
v 1.203924 -6.004926 2.832983
v 0.063971 -7.203732 2.833055
v 0.063971 -6.004926 2.833055
v -4.971430 -7.203732 2.833055
v -4.971430 -6.004926 2.833055
v -4.971430 -7.203732 7.618782
v -4.971430 -6.004926 7.618782
v -4.971430 -7.203732 12.404507
v -4.971430 -6.004926 12.404507
v -4.823427 -7.203732 12.404507
v -4.823427 -6.004926 12.404507
v -4.414244 -7.203732 12.404507
v -4.414244 -6.004926 12.404507
v -3.796116 -7.203732 12.404507
v -3.796116 -6.004926 12.404507
v -3.021278 -7.203732 12.404507
v -3.021278 -6.004926 12.404507
v -2.141968 -7.203732 12.404507
v -2.141968 -6.004926 12.404507
v -1.210423 -7.203732 12.404507
v -1.210423 -6.004926 12.404507
v -0.278877 -7.203732 12.404507
v -0.278877 -6.004926 12.404507
v 0.600433 -7.203732 12.404507
v 0.600433 -6.004926 12.404507
v 1.375271 -7.203732 12.404507
v 1.375271 -6.004926 12.404507
v 1.993399 -7.203732 12.404507
v 1.993399 -6.004926 12.404507
v 2.402582 -7.203732 12.404507
v 2.402582 -6.004926 12.404507
v 2.550585 -7.203732 12.404507
v 2.550585 -6.004926 12.404507
v 4.261827 -7.203732 12.404577
v 4.261827 -6.004926 12.404577
v 5.692097 -7.203732 12.405081
v 5.692097 -6.004926 12.405081
v 6.867100 -7.203732 12.406448
v 6.867100 -6.004926 12.406448
v 7.812542 -7.203732 12.409109
v 7.812542 -6.004926 12.409109
v 8.554134 -7.203732 12.413498
v 8.554134 -6.004926 12.413498
v 9.117584 -7.203732 12.420044
v 9.117584 -6.004926 12.420044
v 9.528599 -7.203732 12.429180
v 9.528599 -6.004926 12.429180
v 9.812885 -7.203732 12.441338
v 9.812885 -6.004926 12.441338
v 9.996155 -7.203732 12.456947
v 9.996155 -6.004926 12.456947
v 10.104115 -7.203732 12.476442
v 10.104115 -6.004926 12.476442
v 10.162468 -7.203732 12.500254
v 10.162468 -6.004926 12.500254
v 10.196930 -7.203732 12.528812
v 10.196930 -6.004926 12.528812
v 10.224194 -7.203732 12.558941
v 10.224194 -6.004926 12.558941
v 10.247158 -7.203732 12.595282
v 10.247158 -6.004926 12.595282
v 10.266193 -7.203732 12.645350
v 10.266193 -6.004926 12.645350
v 10.281666 -7.203732 12.716652
v 10.281666 -6.004926 12.716652
v 10.293945 -7.203732 12.816700
v 10.293945 -6.004926 12.816700
v 10.303394 -7.203732 12.953003
v 10.303394 -6.004926 12.953003
v 10.310383 -7.203732 13.133072
v 10.310383 -6.004926 13.133072
v 10.315277 -7.203732 13.364416
v 10.315277 -6.004926 13.364416
v 10.318447 -7.203732 13.654547
v 10.318447 -6.004926 13.654547
v 10.320255 -7.203732 14.010973
v 10.320255 -6.004926 14.010973
v 10.321072 -7.203732 14.441204
v 10.321072 -6.004926 14.441204
v 10.321262 -7.203732 14.952751
v 10.321262 -6.004926 14.952751
v 10.321068 -7.203732 15.464298
v 10.321068 -6.004926 15.464298
v 10.320251 -7.203732 15.894529
v 10.320251 -6.004926 15.894529
v 10.318443 -7.203732 16.250956
v 10.318443 -6.004926 16.250956
v 10.315273 -7.203732 16.541086
v 10.315273 -6.004926 16.541086
v 10.310379 -7.203732 16.772430
v 10.310379 -6.004926 16.772430
v 10.303391 -7.203732 16.952499
v 10.303391 -6.004926 16.952499
v 10.293941 -7.203732 17.088802
v 10.293941 -6.004926 17.088802
v 10.281662 -7.203732 17.188850
v 10.281662 -6.004926 17.188850
v 10.266190 -7.203732 17.260153
v 10.266190 -6.004926 17.260153
v 10.247154 -7.203732 17.310221
v 10.247154 -6.004926 17.310221
v 10.224190 -7.203732 17.346563
v 10.224190 -6.004926 17.346563
v 10.196930 -7.203732 17.376690
v 10.196930 -6.004926 17.376690
v 10.161251 -7.203732 17.405247
v 10.161251 -6.004926 17.405247
v 10.093891 -7.203732 17.429058
v 10.093891 -6.004926 17.429058
v 9.961086 -7.203732 17.448553
v 9.961086 -6.004926 17.448553
v 9.729076 -7.203732 17.464163
v 9.729076 -6.004926 17.464163
v 9.364101 -7.203732 17.476320
v 9.364101 -6.004926 17.476320
v 8.832401 -7.203732 17.485456
v 8.832401 -6.004926 17.485456
v 8.100216 -7.203732 17.492002
v 8.100216 -6.004926 17.492002
v 7.133789 -7.203732 17.496391
v 7.133789 -6.004926 17.496391
v 5.899361 -7.203732 17.499052
v 5.899361 -6.004926 17.499052
v 4.363169 -7.203732 17.500420
v 4.363169 -6.004926 17.500420
v 2.491457 -7.203732 17.500923
v 2.491457 -6.004926 17.500923
v 0.250465 -7.203732 17.500996
v 0.250465 -6.004926 17.500996
v -1.981504 -7.203732 17.500807
v -1.981504 -6.004926 17.500807
v -3.847561 -7.203732 17.499990
v -3.847561 -6.004926 17.499990
v -5.380945 -7.203732 17.498180
v -5.380945 -6.004926 17.498180
v -6.614901 -7.203732 17.495012
v -6.614901 -6.004926 17.495012
v -7.582666 -7.203732 17.490116
v -7.582666 -6.004926 17.490116
v -8.317484 -7.203732 17.483128
v -8.317484 -6.004926 17.483128
v -8.852596 -7.203732 17.473679
v -8.852596 -6.004926 17.473679
v -9.221243 -7.203732 17.461403
v -9.221243 -6.004926 17.461403
v -9.456665 -7.203732 17.445932
v -9.456665 -6.004926 17.445932
v -9.592104 -7.203732 17.426901
v -9.592104 -6.004926 17.426901
v -9.660803 -7.203732 17.403942
v -9.660803 -6.004926 17.403942
v -9.696001 -7.203732 17.376690
v -9.696001 -6.004926 17.376690
v -9.724564 -7.203732 17.336277
v -9.724564 -6.004926 17.336277
v -9.748379 -7.203732 17.240875
v -9.748379 -6.004926 17.240875
v -9.767878 -7.203732 17.036016
v -9.767878 -6.004926 17.036016
v -9.783491 -7.203732 16.667233
v -9.783491 -6.004926 16.667233
v -9.795650 -7.203732 16.080051
v -9.795650 -6.004926 16.080051
v -9.804789 -7.203732 15.220005
v -9.804789 -6.004926 15.220005
v -9.811337 -7.203732 14.032623
v -9.811337 -6.004926 14.032623
v -9.815725 -7.203732 12.463436
v -9.815725 -6.004926 12.463436
v -9.818388 -7.203732 10.457975
v -9.818388 -6.004926 10.457975
v -9.819756 -7.203732 7.961769
v -9.819756 -6.004926 7.961769
v -9.820259 -7.203732 4.920349
v -9.820259 -6.004926 4.920349
v -9.820332 -7.203732 1.279247
v -9.820332 -6.004926 1.279247
v -9.820261 -7.203732 -2.373604
v -9.820261 -6.004926 -2.373604
v -9.819757 -7.203732 -5.422695
v -9.819757 -6.004926 -5.422695
v -9.818390 -7.203732 -7.923077
v -9.818390 -6.004926 -7.923077
v -9.815727 -7.203732 -9.929802
v -9.815727 -6.004926 -9.929802
v -9.811338 -7.203732 -11.497921
v -9.811338 -6.004926 -11.497921
v -9.804790 -7.203732 -12.682487
v -9.804790 -6.004926 -12.682487
v -9.795652 -7.203732 -13.538551
v -9.795652 -6.004926 -13.538551
v -9.783493 -7.203732 -14.121166
v -9.783493 -6.004926 -14.121166
v -9.767879 -7.203732 -14.485386
v -9.767879 -6.004926 -14.485386
v -9.748381 -7.203732 -14.686264
v -9.748381 -6.004926 -14.686264
v -9.724566 -7.203732 -14.778851
v -9.724566 -6.004926 -14.778851
v -9.696001 -7.203732 -14.818195
v -9.696001 -6.004926 -14.818195
v -9.660172 -7.203732 -14.846756
v -9.660172 -6.004926 -14.846756
v -9.592247 -7.203732 -14.870567
v -9.592247 -6.004926 -14.870567
v -9.458315 -7.203732 -14.890060
v -9.458315 -6.004926 -14.890060
v -9.224464 -7.203732 -14.905670
v -9.224464 -6.004926 -14.905670
v -8.856785 -7.203732 -14.917828
v -8.856785 -6.004926 -14.917828
v -8.321367 -7.203732 -14.926964
v -8.321367 -6.004926 -14.926964
v -7.584301 -7.203732 -14.933510
v -7.584301 -6.004926 -14.933510
v -6.611675 -7.203732 -14.937897
v -6.611675 -6.004926 -14.937897
v -5.369579 -7.203732 -14.940559
v -5.369579 -6.004926 -14.940559
v -3.824102 -7.203732 -14.941925
v -3.824102 -6.004926 -14.941925
v -1.941336 -7.203732 -14.942429
v -1.941336 -6.004926 -14.942429
v 0.312632 -7.203732 -14.942501
v 0.312632 -6.004926 -14.942501
vn -0.0000 1.0000 -0.0000
vn -0.0000 -1.0000 -0.0000
vn 0.0002 -0.0000 -1.0000
vn 0.0006 -0.0000 -1.0000
vn 0.0015 -0.0000 -1.0000
vn 0.0033 -0.0000 -1.0000
vn 0.0067 -0.0000 -1.0000
vn 0.0130 -0.0000 -0.9999
vn 0.0251 -0.0000 -0.9997
vn 0.0498 -0.0000 -0.9988
vn 0.1054 -0.0000 -0.9944
vn 0.2385 -0.0000 -0.9711
vn 0.4839 -0.0000 -0.8751
vn 0.6844 -0.0000 -0.7291
vn 0.7952 -0.0000 -0.6063
vn 0.8928 -0.0000 -0.4505
vn 0.9574 -0.0000 -0.2886
vn 0.9854 -0.0000 -0.1704
vn 0.9952 -0.0000 -0.0977
vn 0.9985 -0.0000 -0.0553
vn 0.9995 -0.0000 -0.0308
vn 0.9999 -0.0000 -0.0165
vn 1.0000 -0.0000 -0.0082
vn 1.0000 -0.0000 -0.0036
vn 1.0000 -0.0000 -0.0012
vn 1.0000 -0.0000 -0.0000
vn 1.0000 -0.0000 0.0012
vn 1.0000 -0.0000 0.0036
vn 1.0000 -0.0000 0.0082
vn 0.9999 -0.0000 0.0165
vn 0.9995 -0.0000 0.0308
vn 0.9985 -0.0000 0.0553
vn 0.9952 -0.0000 0.0977
vn 0.9854 -0.0000 0.1704
vn 0.9574 -0.0000 0.2886
vn 0.8928 -0.0000 0.4505
vn 0.7953 -0.0000 0.6063
vn 0.6912 -0.0000 0.7227
vn 0.5131 -0.0000 0.8584
vn 0.2780 -0.0000 0.9606
vn 0.1306 -0.0000 0.9914
vn 0.0633 -0.0000 0.9980
vn 0.0322 -0.0000 0.9995
vn 0.0168 -0.0000 0.9999
vn 0.0087 -0.0000 1.0000
vn 0.0043 -0.0000 1.0000
vn 0.0020 -0.0000 1.0000
vn 0.0008 -0.0000 1.0000
vn 0.0002 -0.0000 1.0000
vn -0.0000 -0.0000 1.0000
vn 0.7071 -0.0000 0.7071
vn 0.7071 -0.0000 -0.7071
vn -0.0000 -0.0000 -1.0000
vn 0.0003 -0.0000 -1.0000
vn 0.0011 -0.0000 -1.0000
vn 0.0030 -0.0000 -1.0000
vn 0.0065 -0.0000 -1.0000
vn 0.0249 -0.0000 -0.9997
vn 0.0472 -0.0000 -0.9989
vn 0.0905 -0.0000 -0.9959
vn 0.1774 -0.0000 -0.9841
vn 0.3407 -0.0000 -0.9402
vn 0.5527 -0.0000 -0.8334
vn 0.6980 -0.0000 -0.7161
vn 0.7906 -0.0000 -0.6123
vn 0.8854 -0.0000 -0.4649
vn 0.9520 -0.0000 -0.3062
vn 0.9828 -0.0000 -0.1849
vn 0.9942 -0.0000 -0.1076
vn 0.9981 -0.0000 -0.0615
vn 0.9994 -0.0000 -0.0344
vn 0.9998 -0.0000 -0.0185
vn 1.0000 -0.0000 -0.0092
vn 1.0000 -0.0000 -0.0040
vn 1.0000 -0.0000 -0.0013
vn 1.0000 -0.0000 0.0013
vn 1.0000 -0.0000 0.0040
vn 1.0000 -0.0000 0.0092
vn 0.9998 -0.0000 0.0185
vn 0.9994 -0.0000 0.0344
vn 0.9981 -0.0000 0.0615
vn 0.9942 -0.0000 0.1076
vn 0.9828 -0.0000 0.1849
vn 0.9520 -0.0000 0.3062
vn 0.8854 -0.0000 0.4648
vn 0.7906 -0.0000 0.6123
vn 0.6980 -0.0000 0.7161
vn 0.5526 -0.0000 0.8334
vn 0.3407 -0.0000 0.9402
vn 0.1774 -0.0000 0.9841
vn 0.0905 -0.0000 0.9959
vn 0.0472 -0.0000 0.9989
vn 0.0249 -0.0000 0.9997
vn 0.0130 -0.0000 0.9999
vn 0.0065 -0.0000 1.0000
vn 0.0030 -0.0000 1.0000
vn 0.0011 -0.0000 1.0000
vn 0.0003 -0.0000 1.0000
vn 0.0008 -0.0000 -1.0000
vn 0.0020 -0.0000 -1.0000
vn 0.0044 -0.0000 -1.0000
vn 0.0088 -0.0000 -1.0000
vn 0.0169 -0.0000 -0.9999
vn 0.0325 -0.0000 -0.9995
vn 0.0638 -0.0000 -0.9980
vn 0.1314 -0.0000 -0.9913
vn 0.2793 -0.0000 -0.9602
vn 0.5139 -0.0000 -0.8579
vn 0.6916 -0.0000 -0.7223
vn 0.7964 -0.0000 -0.6048
vn 0.8945 -0.0000 -0.4470
vn 0.9587 -0.0000 -0.2845
vn 0.9859 -0.0000 -0.1671
vn 0.9954 -0.0000 -0.0955
vn 0.9985 -0.0000 -0.0540
vn 0.9996 -0.0000 -0.0300
vn 0.9999 -0.0000 -0.0160
vn 1.0000 -0.0000 -0.0080
vn 1.0000 -0.0000 -0.0035
vn 1.0000 -0.0000 -0.0011
vn 1.0000 -0.0000 0.0011
vn 1.0000 -0.0000 0.0035
vn 1.0000 -0.0000 0.0080
vn 0.9999 -0.0000 0.0160
vn 0.9996 -0.0000 0.0300
vn 0.9985 -0.0000 0.0540
vn 0.9954 -0.0000 0.0955
vn 0.9859 -0.0000 0.1671
vn 0.9587 -0.0000 0.2845
vn 0.8945 -0.0000 0.4470
vn 0.7964 -0.0000 0.6048
vn 0.6854 -0.0000 0.7282
vn 0.4859 -0.0000 0.8740
vn 0.2404 -0.0000 0.9707
vn 0.1063 -0.0000 0.9943
vn 0.0502 -0.0000 0.9987
vn 0.0252 -0.0000 0.9997
vn 0.0131 -0.0000 0.9999
vn 0.0067 -0.0000 1.0000
vn 0.0033 -0.0000 1.0000
vn 0.0015 -0.0000 1.0000
vn 0.0006 -0.0000 1.0000
vn -0.0003 -0.0000 1.0000
vn -0.0008 -0.0000 1.0000
vn -0.0019 -0.0000 1.0000
vn -0.0038 -0.0000 1.0000
vn -0.0073 -0.0000 1.0000
vn -0.0136 -0.0000 0.9999
vn -0.0255 -0.0000 0.9997
vn -0.0494 -0.0000 0.9988
vn -0.1024 -0.0000 0.9947
vn -0.2290 -0.0000 0.9734
vn -0.4712 -0.0000 0.8820
vn -0.7223 -0.0000 0.6915
vn -0.9090 -0.0000 0.4168
vn -0.9856 -0.0000 0.1690
vn -0.9976 -0.0000 0.0685
vn -0.9995 -0.0000 0.0315
vn -0.9999 -0.0000 0.0157
vn -1.0000 -0.0000 0.0081
vn -1.0000 -0.0000 0.0042
vn -1.0000 -0.0000 0.0021
vn -1.0000 -0.0000 0.0009
vn -1.0000 -0.0000 0.0004
vn -1.0000 -0.0000 0.0001
vn -1.0000 -0.0000 -0.0000
vn -1.0000 -0.0000 -0.0001
vn -1.0000 -0.0000 -0.0004
vn -1.0000 -0.0000 -0.0009
vn -1.0000 -0.0000 -0.0021
vn -1.0000 -0.0000 -0.0042
vn -1.0000 -0.0000 -0.0081
vn -0.9999 -0.0000 -0.0158
vn -0.9995 -0.0000 -0.0319
vn -0.9976 -0.0000 -0.0697
vn -0.9849 -0.0000 -0.1734
vn -0.9048 -0.0000 -0.4258
vn -0.7229 -0.0000 -0.6910
vn -0.4839 -0.0000 -0.8751
vn -0.2385 -0.0000 -0.9711
vn -0.1054 -0.0000 -0.9944
vn -0.0498 -0.0000 -0.9988
vn -0.0251 -0.0000 -0.9997
vn -0.0130 -0.0000 -0.9999
vn -0.0067 -0.0000 -1.0000
vn -0.0033 -0.0000 -1.0000
vn -0.0015 -0.0000 -1.0000
vn -0.0006 -0.0000 -1.0000
vn -0.0001 -0.0000 -1.0000
vt 0.995475 0.000000
vt 0.000000 0.000000
vt 1.000000 0.000000
vt 0.990950 0.000000
vt 0.004525 0.000000
vt 0.986425 0.000000
vt 0.009050 0.000000
vt 0.981900 0.000000
vt 0.013575 0.000000
vt 0.977376 0.000000
vt 0.018100 0.000000
vt 0.972851 0.000000
vt 0.022624 0.000000
vt 0.968326 0.000000
vt 0.027149 0.000000
vt 0.963801 0.000000
vt 0.031674 0.000000
vt 0.959276 0.000000
vt 0.036199 0.000000
vt 0.954751 0.000000
vt 0.040724 0.000000
vt 0.950226 0.000000
vt 0.045249 0.000000
vt 0.945701 0.000000
vt 0.049774 0.000000
vt 0.941176 0.000000
vt 0.054299 0.000000
vt 0.058824 0.000000
vt 0.936652 0.000000
vt 0.063348 0.000000
vt 0.067873 0.000000
vt 0.932127 0.000000
vt 0.072398 0.000000
vt 0.076923 0.000000
vt 0.927602 0.000000
vt 0.081448 0.000000
vt 0.085973 0.000000
vt 0.923077 0.000000
vt 0.090498 0.000000
vt 0.095023 0.000000
vt 0.918552 0.000000
vt 0.099548 0.000000
vt 0.104072 0.000000
vt 0.914027 0.000000
vt 0.108597 0.000000
vt 0.113122 0.000000
vt 0.117647 0.000000
vt 0.909502 0.000000
vt 0.122172 0.000000
vt 0.126697 0.000000
vt 0.131222 0.000000
vt 0.135747 0.000000
vt 0.140271 0.000000
vt 0.144796 0.000000
vt 0.149321 0.000000
vt 0.153846 0.000000
vt 0.217195 0.000000
vt 0.158371 0.000000
vt 0.162896 0.000000
vt 0.167421 0.000000
vt 0.171946 0.000000
vt 0.176471 0.000000
vt 0.180995 0.000000
vt 0.185520 0.000000
vt 0.190045 0.000000
vt 0.194570 0.000000
vt 0.199095 0.000000
vt 0.203620 0.000000
vt 0.208145 0.000000
vt 0.212670 0.000000
vt 0.221719 0.000000
vt 0.904977 0.000000
vt 0.900452 0.000000
vt 0.226244 0.000000
vt 0.895928 0.000000
vt 0.891403 0.000000
vt 0.230769 0.000000
vt 0.235294 0.000000
vt 0.239819 0.000000
vt 0.244344 0.000000
vt 0.248869 0.000000
vt 0.253394 0.000000
vt 0.257919 0.000000
vt 0.262443 0.000000
vt 0.266968 0.000000
vt 0.271493 0.000000
vt 0.276018 0.000000
vt 0.280543 0.000000
vt 0.285068 0.000000
vt 0.289593 0.000000
vt 0.294118 0.000000
vt 0.298643 0.000000
vt 0.303167 0.000000
vt 0.307692 0.000000
vt 0.312217 0.000000
vt 0.316742 0.000000
vt 0.321267 0.000000
vt 0.325792 0.000000
vt 0.330317 0.000000
vt 0.334842 0.000000
vt 0.339367 0.000000
vt 0.343891 0.000000
vt 0.348416 0.000000
vt 0.352941 0.000000
vt 0.357466 0.000000
vt 0.361991 0.000000
vt 0.366516 0.000000
vt 0.371041 0.000000
vt 0.375566 0.000000
vt 0.380091 0.000000
vt 0.384615 0.000000
vt 0.389140 0.000000
vt 0.393665 0.000000
vt 0.398190 0.000000
vt 0.886878 0.000000
vt 0.502262 0.000000
vt 0.402715 0.000000
vt 0.407240 0.000000
vt 0.411765 0.000000
vt 0.416290 0.000000
vt 0.420814 0.000000
vt 0.425339 0.000000
vt 0.429864 0.000000
vt 0.434389 0.000000
vt 0.438914 0.000000
vt 0.443439 0.000000
vt 0.447964 0.000000
vt 0.452489 0.000000
vt 0.457014 0.000000
vt 0.461538 0.000000
vt 0.466063 0.000000
vt 0.470588 0.000000
vt 0.475113 0.000000
vt 0.479638 0.000000
vt 0.484163 0.000000
vt 0.488688 0.000000
vt 0.493213 0.000000
vt 0.497738 0.000000
vt 0.506787 0.000000
vt 0.882353 0.000000
vt 0.511312 0.000000
vt 0.877828 0.000000
vt 0.873303 0.000000
vt 0.515837 0.000000
vt 0.520362 0.000000
vt 0.524887 0.000000
vt 0.529412 0.000000
vt 0.533937 0.000000
vt 0.538462 0.000000
vt 0.542986 0.000000
vt 0.547511 0.000000
vt 0.552036 0.000000
vt 0.556561 0.000000
vt 0.561086 0.000000
vt 0.565611 0.000000
vt 0.570136 0.000000
vt 0.574661 0.000000
vt 0.579186 0.000000
vt 0.583710 0.000000
vt 0.588235 0.000000
vt 0.592760 0.000000
vt 0.597285 0.000000
vt 0.601810 0.000000
vt 0.606335 0.000000
vt 0.610860 0.000000
vt 0.868778 0.000000
vt 0.615385 0.000000
vt 0.619910 0.000000
vt 0.624434 0.000000
vt 0.628959 0.000000
vt 0.633484 0.000000
vt 0.638009 0.000000
vt 0.642534 0.000000
vt 0.647059 0.000000
vt 0.651584 0.000000
vt 0.656109 0.000000
vt 0.660634 0.000000
vt 0.665158 0.000000
vt 0.669683 0.000000
vt 0.864253 0.000000
vt 0.674208 0.000000
vt 0.678733 0.000000
vt 0.859729 0.000000
vt 0.683258 0.000000
vt 0.687783 0.000000
vt 0.855204 0.000000
vt 0.692308 0.000000
vt 0.696833 0.000000
vt 0.850679 0.000000
vt 0.701357 0.000000
vt 0.705882 0.000000
vt 0.846154 0.000000
vt 0.710407 0.000000
vt 0.714932 0.000000
vt 0.841629 0.000000
vt 0.719457 0.000000
vt 0.723982 0.000000
vt 0.837104 0.000000
vt 0.728507 0.000000
vt 0.832579 0.000000
vt 0.733032 0.000000
vt 0.828054 0.000000
vt 0.737557 0.000000
vt 0.823529 0.000000
vt 0.742081 0.000000
vt 0.819005 0.000000
vt 0.746606 0.000000
vt 0.814480 0.000000
vt 0.751131 0.000000
vt 0.809955 0.000000
vt 0.755656 0.000000
vt 0.805430 0.000000
vt 0.760181 0.000000
vt 0.800905 0.000000
vt 0.764706 0.000000
vt 0.796380 0.000000
vt 0.769231 0.000000
vt 0.791855 0.000000
vt 0.773756 0.000000
vt 0.787330 0.000000
vt 0.778281 0.000000
vt 0.782805 0.000000
vt 0.000000 1.000000
vt 0.004505 1.000000
vt 0.004505 0.000000
vt 0.009009 1.000000
vt 0.009009 0.000000
vt 0.013514 1.000000
vt 0.013514 0.000000
vt 0.018018 1.000000
vt 0.018018 0.000000
vt 0.022523 1.000000
vt 0.022523 0.000000
vt 0.027027 1.000000
vt 0.027027 0.000000
vt 0.031532 1.000000
vt 0.031532 0.000000
vt 0.036036 1.000000
vt 0.036036 0.000000
vt 0.040541 1.000000
vt 0.040541 0.000000
vt 0.045045 1.000000
vt 0.045045 0.000000
vt 0.049550 1.000000
vt 0.049550 0.000000
vt 0.054054 1.000000
vt 0.054054 0.000000
vt 0.058559 1.000000
vt 0.058559 0.000000
vt 0.063063 1.000000
vt 0.063063 0.000000
vt 0.067568 1.000000
vt 0.067568 0.000000
vt 0.072072 1.000000
vt 0.072072 0.000000
vt 0.076577 1.000000
vt 0.076577 0.000000
vt 0.081081 1.000000
vt 0.081081 0.000000
vt 0.085586 1.000000
vt 0.085586 0.000000
vt 0.090090 1.000000
vt 0.090090 0.000000
vt 0.094595 1.000000
vt 0.094595 0.000000
vt 0.099099 1.000000
vt 0.099099 0.000000
vt 0.103604 1.000000
vt 0.103604 0.000000
vt 0.108108 1.000000
vt 0.108108 0.000000
vt 0.112613 1.000000
vt 0.112613 0.000000
vt 0.117117 1.000000
vt 0.117117 0.000000
vt 0.121622 1.000000
vt 0.121622 0.000000
vt 0.126126 1.000000
vt 0.126126 0.000000
vt 0.130631 1.000000
vt 0.130631 0.000000
vt 0.135135 1.000000
vt 0.135135 0.000000
vt 0.139640 1.000000
vt 0.139640 0.000000
vt 0.144144 1.000000
vt 0.144144 0.000000
vt 0.148649 1.000000
vt 0.148649 0.000000
vt 0.153153 1.000000
vt 0.153153 0.000000
vt 0.157658 1.000000
vt 0.157658 0.000000
vt 0.162162 1.000000
vt 0.162162 0.000000
vt 0.166667 1.000000
vt 0.166667 0.000000
vt 0.171171 1.000000
vt 0.171171 0.000000
vt 0.175676 1.000000
vt 0.175676 0.000000
vt 0.180180 1.000000
vt 0.180180 0.000000
vt 0.184685 1.000000
vt 0.184685 0.000000
vt 0.189189 1.000000
vt 0.189189 0.000000
vt 0.193694 1.000000
vt 0.193694 0.000000
vt 0.198198 1.000000
vt 0.198198 0.000000
vt 0.202703 1.000000
vt 0.202703 0.000000
vt 0.207207 1.000000
vt 0.207207 0.000000
vt 0.211712 1.000000
vt 0.211712 0.000000
vt 0.216216 1.000000
vt 0.216216 0.000000
vt 0.220721 1.000000
vt 0.220721 0.000000
vt 0.225225 1.000000
vt 0.225225 0.000000
vt 0.229730 1.000000
vt 0.229730 0.000000
vt 0.234234 1.000000
vt 0.234234 0.000000
vt 0.238739 1.000000
vt 0.238739 0.000000
vt 0.243243 1.000000
vt 0.243243 0.000000
vt 0.247748 1.000000
vt 0.247748 0.000000
vt 0.252252 1.000000
vt 0.252252 0.000000
vt 0.256757 1.000000
vt 0.256757 0.000000
vt 0.261261 1.000000
vt 0.261261 0.000000
vt 0.265766 1.000000
vt 0.265766 0.000000
vt 0.270270 1.000000
vt 0.270270 0.000000
vt 0.274775 1.000000
vt 0.274775 0.000000
vt 0.279279 1.000000
vt 0.279279 0.000000
vt 0.283784 1.000000
vt 0.283784 0.000000
vt 0.288288 1.000000
vt 0.288288 0.000000
vt 0.292793 1.000000
vt 0.292793 0.000000
vt 0.297297 1.000000
vt 0.297297 0.000000
vt 0.301802 1.000000
vt 0.301802 0.000000
vt 0.306306 1.000000
vt 0.306306 0.000000
vt 0.310811 1.000000
vt 0.310811 0.000000
vt 0.315315 1.000000
vt 0.315315 0.000000
vt 0.319820 1.000000
vt 0.319820 0.000000
vt 0.324324 1.000000
vt 0.324324 0.000000
vt 0.328829 1.000000
vt 0.328829 0.000000
vt 0.333333 1.000000
vt 0.333333 0.000000
vt 0.337838 1.000000
vt 0.337838 0.000000
vt 0.342342 1.000000
vt 0.342342 0.000000
vt 0.346847 1.000000
vt 0.346847 0.000000
vt 0.351351 1.000000
vt 0.351351 0.000000
vt 0.355856 1.000000
vt 0.355856 0.000000
vt 0.360360 1.000000
vt 0.360360 0.000000
vt 0.364865 1.000000
vt 0.364865 0.000000
vt 0.369369 1.000000
vt 0.369369 0.000000
vt 0.373874 1.000000
vt 0.373874 0.000000
vt 0.378378 1.000000
vt 0.378378 0.000000
vt 0.382883 1.000000
vt 0.382883 0.000000
vt 0.387387 1.000000
vt 0.387387 0.000000
vt 0.391892 1.000000
vt 0.391892 0.000000
vt 0.396396 1.000000
vt 0.396396 0.000000
vt 0.400901 1.000000
vt 0.400901 0.000000
vt 0.405405 1.000000
vt 0.405405 0.000000
vt 0.409910 1.000000
vt 0.409910 0.000000
vt 0.414414 1.000000
vt 0.414414 0.000000
vt 0.418919 1.000000
vt 0.418919 0.000000
vt 0.423423 1.000000
vt 0.423423 0.000000
vt 0.427928 1.000000
vt 0.427928 0.000000
vt 0.432432 1.000000
vt 0.432432 0.000000
vt 0.436937 1.000000
vt 0.436937 0.000000
vt 0.441441 1.000000
vt 0.441441 0.000000
vt 0.445946 1.000000
vt 0.445946 0.000000
vt 0.450450 1.000000
vt 0.450450 0.000000
vt 0.454955 1.000000
vt 0.454955 0.000000
vt 0.459459 1.000000
vt 0.459459 0.000000
vt 0.463964 1.000000
vt 0.463964 0.000000
vt 0.468468 1.000000
vt 0.468468 0.000000
vt 0.472973 1.000000
vt 0.472973 0.000000
vt 0.477477 1.000000
vt 0.477477 0.000000
vt 0.481982 1.000000
vt 0.481982 0.000000
vt 0.486486 1.000000
vt 0.486486 0.000000
vt 0.490991 1.000000
vt 0.490991 0.000000
vt 0.495495 1.000000
vt 0.495495 0.000000
vt 0.500000 1.000000
vt 0.500000 0.000000
vt 0.504505 1.000000
vt 0.504505 0.000000
vt 0.509009 1.000000
vt 0.509009 0.000000
vt 0.513514 1.000000
vt 0.513514 0.000000
vt 0.518018 1.000000
vt 0.518018 0.000000
vt 0.522523 1.000000
vt 0.522523 0.000000
vt 0.527027 1.000000
vt 0.527027 0.000000
vt 0.531532 1.000000
vt 0.531532 0.000000
vt 0.536036 1.000000
vt 0.536036 0.000000
vt 0.540541 1.000000
vt 0.540541 0.000000
vt 0.545045 1.000000
vt 0.545045 0.000000
vt 0.549550 1.000000
vt 0.549550 0.000000
vt 0.554054 1.000000
vt 0.554054 0.000000
vt 0.558559 1.000000
vt 0.558559 0.000000
vt 0.563063 1.000000
vt 0.563063 0.000000
vt 0.567568 1.000000
vt 0.567568 0.000000
vt 0.572072 1.000000
vt 0.572072 0.000000
vt 0.576577 1.000000
vt 0.576577 0.000000
vt 0.581081 1.000000
vt 0.581081 0.000000
vt 0.585586 1.000000
vt 0.585586 0.000000
vt 0.590090 1.000000
vt 0.590090 0.000000
vt 0.594595 1.000000
vt 0.594595 0.000000
vt 0.599099 1.000000
vt 0.599099 0.000000
vt 0.603604 1.000000
vt 0.603604 0.000000
vt 0.608108 1.000000
vt 0.608108 0.000000
vt 0.612613 1.000000
vt 0.612613 0.000000
vt 0.617117 1.000000
vt 0.617117 0.000000
vt 0.621622 1.000000
vt 0.621622 0.000000
vt 0.626126 1.000000
vt 0.626126 0.000000
vt 0.630631 1.000000
vt 0.630631 0.000000
vt 0.635135 1.000000
vt 0.635135 0.000000
vt 0.639640 1.000000
vt 0.639640 0.000000
vt 0.644144 1.000000
vt 0.644144 0.000000
vt 0.648649 1.000000
vt 0.648649 0.000000
vt 0.653153 1.000000
vt 0.653153 0.000000
vt 0.657658 1.000000
vt 0.657658 0.000000
vt 0.662162 1.000000
vt 0.662162 0.000000
vt 0.666667 1.000000
vt 0.666667 0.000000
vt 0.671171 1.000000
vt 0.671171 0.000000
vt 0.675676 1.000000
vt 0.675676 0.000000
vt 0.680180 1.000000
vt 0.680180 0.000000
vt 0.684685 1.000000
vt 0.684685 0.000000
vt 0.689189 1.000000
vt 0.689189 0.000000
vt 0.693694 1.000000
vt 0.693694 0.000000
vt 0.698198 1.000000
vt 0.698198 0.000000
vt 0.702703 1.000000
vt 0.702703 0.000000
vt 0.707207 1.000000
vt 0.707207 0.000000
vt 0.711712 1.000000
vt 0.711712 0.000000
vt 0.716216 1.000000
vt 0.716216 0.000000
vt 0.720721 1.000000
vt 0.720721 0.000000
vt 0.725225 1.000000
vt 0.725225 0.000000
vt 0.729730 1.000000
vt 0.729730 0.000000
vt 0.734234 1.000000
vt 0.734234 0.000000
vt 0.738739 1.000000
vt 0.738739 0.000000
vt 0.743243 1.000000
vt 0.743243 0.000000
vt 0.747748 1.000000
vt 0.747748 0.000000
vt 0.752252 1.000000
vt 0.752252 0.000000
vt 0.756757 1.000000
vt 0.756757 0.000000
vt 0.761261 1.000000
vt 0.761261 0.000000
vt 0.765766 1.000000
vt 0.765766 0.000000
vt 0.770270 1.000000
vt 0.770270 0.000000
vt 0.774775 1.000000
vt 0.774775 0.000000
vt 0.779279 1.000000
vt 0.779279 0.000000
vt 0.783784 1.000000
vt 0.783784 0.000000
vt 0.788288 1.000000
vt 0.788288 0.000000
vt 0.792793 1.000000
vt 0.792793 0.000000
vt 0.797297 1.000000
vt 0.797297 0.000000
vt 0.801802 1.000000
vt 0.801802 0.000000
vt 0.806306 1.000000
vt 0.806306 0.000000
vt 0.810811 1.000000
vt 0.810811 0.000000
vt 0.815315 1.000000
vt 0.815315 0.000000
vt 0.819820 1.000000
vt 0.819820 0.000000
vt 0.824324 1.000000
vt 0.824324 0.000000
vt 0.828829 1.000000
vt 0.828829 0.000000
vt 0.833333 1.000000
vt 0.833333 0.000000
vt 0.837838 1.000000
vt 0.837838 0.000000
vt 0.842342 1.000000
vt 0.842342 0.000000
vt 0.846847 1.000000
vt 0.846847 0.000000
vt 0.851351 1.000000
vt 0.851351 0.000000
vt 0.855856 1.000000
vt 0.855856 0.000000
vt 0.860360 1.000000
vt 0.860360 0.000000
vt 0.864865 1.000000
vt 0.864865 0.000000
vt 0.869369 1.000000
vt 0.869369 0.000000
vt 0.873874 1.000000
vt 0.873874 0.000000
vt 0.878378 1.000000
vt 0.878378 0.000000
vt 0.882883 1.000000
vt 0.882883 0.000000
vt 0.887387 1.000000
vt 0.887387 0.000000
vt 0.891892 1.000000
vt 0.891892 0.000000
vt 0.896396 1.000000
vt 0.896396 0.000000
vt 0.900901 1.000000
vt 0.900901 0.000000
vt 0.905405 1.000000
vt 0.905405 0.000000
vt 0.909910 1.000000
vt 0.909910 0.000000
vt 0.914414 1.000000
vt 0.914414 0.000000
vt 0.918919 1.000000
vt 0.918919 0.000000
vt 0.923423 1.000000
vt 0.923423 0.000000
vt 0.927928 1.000000
vt 0.927928 0.000000
vt 0.932432 1.000000
vt 0.932432 0.000000
vt 0.936937 1.000000
vt 0.936937 0.000000
vt 0.941441 1.000000
vt 0.941441 0.000000
vt 0.945946 1.000000
vt 0.945946 0.000000
vt 0.950450 1.000000
vt 0.950450 0.000000
vt 0.954955 1.000000
vt 0.954955 0.000000
vt 0.959459 1.000000
vt 0.959459 0.000000
vt 0.963964 1.000000
vt 0.963964 0.000000
vt 0.968468 1.000000
vt 0.968468 0.000000
vt 0.972973 1.000000
vt 0.972973 0.000000
vt 0.977477 1.000000
vt 0.977477 0.000000
vt 0.981982 1.000000
vt 0.981982 0.000000
vt 0.986486 1.000000
vt 0.986486 0.000000
vt 0.990991 1.000000
vt 0.990991 0.000000
vt 0.995495 1.000000
vt 0.995495 0.000000
vt 1.000000 1.000000
s 0
usemtl SVGMat.003
f 1901/2680/1083 1681/2681/1083 1902/2682/1083
f 1900/2683/1083 1681/2681/1083 1901/2680/1083
f 1900/2683/1083 1682/2684/1083 1681/2681/1083
f 1899/2685/1083 1682/2684/1083 1900/2683/1083
f 1899/2685/1083 1683/2686/1083 1682/2684/1083
f 1898/2687/1083 1683/2686/1083 1899/2685/1083
f 1898/2687/1083 1684/2688/1083 1683/2686/1083
f 1897/2689/1083 1684/2688/1083 1898/2687/1083
f 1897/2689/1083 1685/2690/1083 1684/2688/1083
f 1896/2691/1083 1685/2690/1083 1897/2689/1083
f 1896/2691/1083 1686/2692/1083 1685/2690/1083
f 1895/2693/1083 1686/2692/1083 1896/2691/1083
f 1895/2693/1083 1687/2694/1083 1686/2692/1083
f 1894/2695/1083 1687/2694/1083 1895/2693/1083
f 1894/2695/1083 1688/2696/1083 1687/2694/1083
f 1893/2697/1083 1688/2696/1083 1894/2695/1083
f 1893/2697/1083 1689/2698/1083 1688/2696/1083
f 1892/2699/1083 1689/2698/1083 1893/2697/1083
f 1892/2699/1083 1690/2700/1083 1689/2698/1083
f 1891/2701/1083 1690/2700/1083 1892/2699/1083
f 1891/2701/1083 1691/2702/1083 1690/2700/1083
f 1890/2703/1083 1691/2702/1083 1891/2701/1083
f 1890/2703/1083 1692/2704/1083 1691/2702/1083
f 1889/2705/1083 1692/2704/1083 1890/2703/1083
f 1889/2705/1083 1693/2706/1083 1692/2704/1083
f 1889/2705/1083 1694/2707/1083 1693/2706/1083
f 1888/2708/1083 1694/2707/1083 1889/2705/1083
f 1888/2708/1083 1695/2709/1083 1694/2707/1083
f 1888/2708/1083 1696/2710/1083 1695/2709/1083
f 1887/2711/1083 1696/2710/1083 1888/2708/1083
f 1887/2711/1083 1697/2712/1083 1696/2710/1083
f 1887/2711/1083 1698/2713/1083 1697/2712/1083
f 1886/2714/1083 1698/2713/1083 1887/2711/1083
f 1886/2714/1083 1699/2715/1083 1698/2713/1083
f 1886/2714/1083 1700/2716/1083 1699/2715/1083
f 1885/2717/1083 1700/2716/1083 1886/2714/1083
f 1885/2717/1083 1701/2718/1083 1700/2716/1083
f 1885/2717/1083 1702/2719/1083 1701/2718/1083
f 1884/2720/1083 1702/2719/1083 1885/2717/1083
f 1884/2720/1083 1703/2721/1083 1702/2719/1083
f 1884/2720/1083 1704/2722/1083 1703/2721/1083
f 1883/2723/1083 1704/2722/1083 1884/2720/1083
f 1883/2723/1083 1705/2724/1083 1704/2722/1083
f 1883/2723/1083 1706/2725/1083 1705/2724/1083
f 1883/2723/1083 1707/2726/1083 1706/2725/1083
f 1882/2727/1083 1707/2726/1083 1883/2723/1083
f 1882/2727/1083 1708/2728/1083 1707/2726/1083
f 1882/2727/1083 1709/2729/1083 1708/2728/1083
f 1882/2727/1083 1710/2730/1083 1709/2729/1083
f 1882/2727/1083 1711/2731/1083 1710/2730/1083
f 1882/2727/1083 1712/2732/1083 1711/2731/1083
f 1882/2727/1083 1713/2733/1083 1712/2732/1083
f 1882/2727/1083 1714/2734/1083 1713/2733/1083
f 1882/2727/1083 1715/2735/1083 1714/2734/1083
f 1882/2727/1083 1729/2736/1083 1715/2735/1083
f 1729/2736/1083 1716/2737/1083 1715/2735/1083
f 1729/2736/1083 1717/2738/1083 1716/2737/1083
f 1729/2736/1083 1718/2739/1083 1717/2738/1083
f 1729/2736/1083 1719/2740/1083 1718/2739/1083
f 1729/2736/1083 1720/2741/1083 1719/2740/1083
f 1729/2736/1083 1721/2742/1083 1720/2741/1083
f 1729/2736/1083 1722/2743/1083 1721/2742/1083
f 1729/2736/1083 1723/2744/1083 1722/2743/1083
f 1729/2736/1083 1724/2745/1083 1723/2744/1083
f 1729/2736/1083 1725/2746/1083 1724/2745/1083
f 1729/2736/1083 1726/2747/1083 1725/2746/1083
f 1729/2736/1083 1727/2748/1083 1726/2747/1083
f 1729/2736/1083 1728/2749/1083 1727/2748/1083
f 1882/2727/1083 1730/2750/1083 1729/2736/1083
f 1881/2751/1083 1730/2750/1083 1882/2727/1083
f 1880/2752/1083 1730/2750/1083 1881/2751/1083
f 1880/2752/1083 1731/2753/1083 1730/2750/1083
f 1879/2754/1083 1731/2753/1083 1880/2752/1083
f 1878/2755/1083 1731/2753/1083 1879/2754/1083
f 1878/2755/1083 1732/2756/1083 1731/2753/1083
f 1878/2755/1083 1733/2757/1083 1732/2756/1083
f 1878/2755/1083 1734/2758/1083 1733/2757/1083
f 1878/2755/1083 1735/2759/1083 1734/2758/1083
f 1878/2755/1083 1736/2760/1083 1735/2759/1083
f 1878/2755/1083 1737/2761/1083 1736/2760/1083
f 1878/2755/1083 1738/2762/1083 1737/2761/1083
f 1878/2755/1083 1739/2763/1083 1738/2762/1083
f 1878/2755/1083 1740/2764/1083 1739/2763/1083
f 1878/2755/1083 1741/2765/1083 1740/2764/1083
f 1878/2755/1083 1742/2766/1083 1741/2765/1083
f 1878/2755/1083 1743/2767/1083 1742/2766/1083
f 1878/2755/1083 1744/2768/1083 1743/2767/1083
f 1878/2755/1083 1745/2769/1083 1744/2768/1083
f 1878/2755/1083 1746/2770/1083 1745/2769/1083
f 1878/2755/1083 1747/2771/1083 1746/2770/1083
f 1878/2755/1083 1748/2772/1083 1747/2771/1083
f 1878/2755/1083 1749/2773/1083 1748/2772/1083
f 1878/2755/1083 1750/2774/1083 1749/2773/1083
f 1878/2755/1083 1751/2775/1083 1750/2774/1083
f 1878/2755/1083 1752/2776/1083 1751/2775/1083
f 1878/2755/1083 1753/2777/1083 1752/2776/1083
f 1878/2755/1083 1754/2778/1083 1753/2777/1083
f 1878/2755/1083 1755/2779/1083 1754/2778/1083
f 1878/2755/1083 1756/2780/1083 1755/2779/1083
f 1878/2755/1083 1757/2781/1083 1756/2780/1083
f 1878/2755/1083 1758/2782/1083 1757/2781/1083
f 1878/2755/1083 1759/2783/1083 1758/2782/1083
f 1878/2755/1083 1760/2784/1083 1759/2783/1083
f 1878/2755/1083 1761/2785/1083 1760/2784/1083
f 1878/2755/1083 1762/2786/1083 1761/2785/1083
f 1878/2755/1083 1763/2787/1083 1762/2786/1083
f 1878/2755/1083 1764/2788/1083 1763/2787/1083
f 1878/2755/1083 1765/2789/1083 1764/2788/1083
f 1878/2755/1083 1766/2790/1083 1765/2789/1083
f 1878/2755/1083 1767/2791/1083 1766/2790/1083
f 1878/2755/1083 1768/2792/1083 1767/2791/1083
f 1878/2755/1083 1769/2793/1083 1768/2792/1083
f 1877/2794/1083 1792/2795/1083 1878/2755/1083
f 1792/2795/1083 1769/2793/1083 1878/2755/1083
f 1792/2795/1083 1770/2796/1083 1769/2793/1083
f 1792/2795/1083 1771/2797/1083 1770/2796/1083
f 1792/2795/1083 1772/2798/1083 1771/2797/1083
f 1792/2795/1083 1773/2799/1083 1772/2798/1083
f 1792/2795/1083 1774/2800/1083 1773/2799/1083
f 1792/2795/1083 1775/2801/1083 1774/2800/1083
f 1792/2795/1083 1776/2802/1083 1775/2801/1083
f 1792/2795/1083 1777/2803/1083 1776/2802/1083
f 1792/2795/1083 1778/2804/1083 1777/2803/1083
f 1792/2795/1083 1779/2805/1083 1778/2804/1083
f 1792/2795/1083 1780/2806/1083 1779/2805/1083
f 1792/2795/1083 1781/2807/1083 1780/2806/1083
f 1792/2795/1083 1782/2808/1083 1781/2807/1083
f 1792/2795/1083 1783/2809/1083 1782/2808/1083
f 1792/2795/1083 1784/2810/1083 1783/2809/1083
f 1792/2795/1083 1785/2811/1083 1784/2810/1083
f 1792/2795/1083 1786/2812/1083 1785/2811/1083
f 1792/2795/1083 1787/2813/1083 1786/2812/1083
f 1792/2795/1083 1788/2814/1083 1787/2813/1083
f 1792/2795/1083 1789/2815/1083 1788/2814/1083
f 1792/2795/1083 1790/2816/1083 1789/2815/1083
f 1792/2795/1083 1791/2817/1083 1790/2816/1083
f 1877/2794/1083 1793/2818/1083 1792/2795/1083
f 1876/2819/1083 1793/2818/1083 1877/2794/1083
f 1876/2819/1083 1794/2820/1083 1793/2818/1083
f 1875/2821/1083 1794/2820/1083 1876/2819/1083
f 1874/2822/1083 1794/2820/1083 1875/2821/1083
f 1874/2822/1083 1795/2823/1083 1794/2820/1083
f 1874/2822/1083 1796/2824/1083 1795/2823/1083
f 1874/2822/1083 1797/2825/1083 1796/2824/1083
f 1874/2822/1083 1798/2826/1083 1797/2825/1083
f 1874/2822/1083 1799/2827/1083 1798/2826/1083
f 1874/2822/1083 1800/2828/1083 1799/2827/1083
f 1874/2822/1083 1801/2829/1083 1800/2828/1083
f 1874/2822/1083 1802/2830/1083 1801/2829/1083
f 1874/2822/1083 1803/2831/1083 1802/2830/1083
f 1874/2822/1083 1804/2832/1083 1803/2831/1083
f 1874/2822/1083 1805/2833/1083 1804/2832/1083
f 1874/2822/1083 1806/2834/1083 1805/2833/1083
f 1874/2822/1083 1807/2835/1083 1806/2834/1083
f 1874/2822/1083 1808/2836/1083 1807/2835/1083
f 1874/2822/1083 1809/2837/1083 1808/2836/1083
f 1874/2822/1083 1810/2838/1083 1809/2837/1083
f 1874/2822/1083 1811/2839/1083 1810/2838/1083
f 1874/2822/1083 1812/2840/1083 1811/2839/1083
f 1874/2822/1083 1813/2841/1083 1812/2840/1083
f 1874/2822/1083 1814/2842/1083 1813/2841/1083
f 1874/2822/1083 1815/2843/1083 1814/2842/1083
f 1874/2822/1083 1816/2844/1083 1815/2843/1083
f 1873/2845/1083 1816/2844/1083 1874/2822/1083
f 1873/2845/1083 1817/2846/1083 1816/2844/1083
f 1873/2845/1083 1818/2847/1083 1817/2846/1083
f 1873/2845/1083 1819/2848/1083 1818/2847/1083
f 1873/2845/1083 1820/2849/1083 1819/2848/1083
f 1873/2845/1083 1821/2850/1083 1820/2849/1083
f 1873/2845/1083 1822/2851/1083 1821/2850/1083
f 1873/2845/1083 1823/2852/1083 1822/2851/1083
f 1873/2845/1083 1824/2853/1083 1823/2852/1083
f 1873/2845/1083 1825/2854/1083 1824/2853/1083
f 1873/2845/1083 1826/2855/1083 1825/2854/1083
f 1873/2845/1083 1827/2856/1083 1826/2855/1083
f 1873/2845/1083 1828/2857/1083 1827/2856/1083
f 1873/2845/1083 1829/2858/1083 1828/2857/1083
f 1872/2859/1083 1829/2858/1083 1873/2845/1083
f 1872/2859/1083 1830/2860/1083 1829/2858/1083
f 1872/2859/1083 1831/2861/1083 1830/2860/1083
f 1871/2862/1083 1831/2861/1083 1872/2859/1083
f 1871/2862/1083 1832/2863/1083 1831/2861/1083
f 1871/2862/1083 1833/2864/1083 1832/2863/1083
f 1870/2865/1083 1833/2864/1083 1871/2862/1083
f 1870/2865/1083 1834/2866/1083 1833/2864/1083
f 1870/2865/1083 1835/2867/1083 1834/2866/1083
f 1869/2868/1083 1835/2867/1083 1870/2865/1083
f 1869/2868/1083 1836/2869/1083 1835/2867/1083
f 1869/2868/1083 1837/2870/1083 1836/2869/1083
f 1868/2871/1083 1837/2870/1083 1869/2868/1083
f 1868/2871/1083 1838/2872/1083 1837/2870/1083
f 1868/2871/1083 1839/2873/1083 1838/2872/1083
f 1867/2874/1083 1839/2873/1083 1868/2871/1083
f 1867/2874/1083 1840/2875/1083 1839/2873/1083
f 1867/2874/1083 1841/2876/1083 1840/2875/1083
f 1866/2877/1083 1841/2876/1083 1867/2874/1083
f 1866/2877/1083 1842/2878/1083 1841/2876/1083
f 1865/2879/1083 1842/2878/1083 1866/2877/1083
f 1865/2879/1083 1843/2880/1083 1842/2878/1083
f 1864/2881/1083 1843/2880/1083 1865/2879/1083
f 1864/2881/1083 1844/2882/1083 1843/2880/1083
f 1863/2883/1083 1844/2882/1083 1864/2881/1083
f 1863/2883/1083 1845/2884/1083 1844/2882/1083
f 1862/2885/1083 1845/2884/1083 1863/2883/1083
f 1862/2885/1083 1846/2886/1083 1845/2884/1083
f 1861/2887/1083 1846/2886/1083 1862/2885/1083
f 1861/2887/1083 1847/2888/1083 1846/2886/1083
f 1860/2889/1083 1847/2888/1083 1861/2887/1083
f 1860/2889/1083 1848/2890/1083 1847/2888/1083
f 1859/2891/1083 1848/2890/1083 1860/2889/1083
f 1859/2891/1083 1849/2892/1083 1848/2890/1083
f 1858/2893/1083 1849/2892/1083 1859/2891/1083
f 1858/2893/1083 1850/2894/1083 1849/2892/1083
f 1857/2895/1083 1850/2894/1083 1858/2893/1083
f 1857/2895/1083 1851/2896/1083 1850/2894/1083
f 1856/2897/1083 1851/2896/1083 1857/2895/1083
f 1856/2897/1083 1852/2898/1083 1851/2896/1083
f 1855/2899/1083 1852/2898/1083 1856/2897/1083
f 1855/2899/1083 1853/2900/1083 1852/2898/1083
f 1854/2901/1083 1853/2900/1083 1855/2899/1083
f 2123/2680/1084 2124/2682/1084 1903/2681/1084
f 2122/2683/1084 2123/2680/1084 1903/2681/1084
f 2122/2683/1084 1903/2681/1084 1904/2684/1084
f 2121/2685/1084 2122/2683/1084 1904/2684/1084
f 2121/2685/1084 1904/2684/1084 1905/2686/1084
f 2120/2687/1084 2121/2685/1084 1905/2686/1084
f 2120/2687/1084 1905/2686/1084 1906/2688/1084
f 2119/2689/1084 2120/2687/1084 1906/2688/1084
f 2119/2689/1084 1906/2688/1084 1907/2690/1084
f 2118/2691/1084 2119/2689/1084 1907/2690/1084
f 2118/2691/1084 1907/2690/1084 1908/2692/1084
f 2117/2693/1084 2118/2691/1084 1908/2692/1084
f 2117/2693/1084 1908/2692/1084 1909/2694/1084
f 2116/2695/1084 2117/2693/1084 1909/2694/1084
f 2116/2695/1084 1909/2694/1084 1910/2696/1084
f 2115/2697/1084 2116/2695/1084 1910/2696/1084
f 2115/2697/1084 1910/2696/1084 1911/2698/1084
f 2114/2699/1084 2115/2697/1084 1911/2698/1084
f 2114/2699/1084 1911/2698/1084 1912/2700/1084
f 2113/2701/1084 2114/2699/1084 1912/2700/1084
f 2113/2701/1084 1912/2700/1084 1913/2702/1084
f 2112/2703/1084 2113/2701/1084 1913/2702/1084
f 2112/2703/1084 1913/2702/1084 1914/2704/1084
f 2111/2705/1084 2112/2703/1084 1914/2704/1084
f 2111/2705/1084 1914/2704/1084 1915/2706/1084
f 2111/2705/1084 1915/2706/1084 1916/2707/1084
f 2110/2708/1084 2111/2705/1084 1916/2707/1084
f 2110/2708/1084 1916/2707/1084 1917/2709/1084
f 2110/2708/1084 1917/2709/1084 1918/2710/1084
f 2109/2711/1084 2110/2708/1084 1918/2710/1084
f 2109/2711/1084 1918/2710/1084 1919/2712/1084
f 2109/2711/1084 1919/2712/1084 1920/2713/1084
f 2108/2714/1084 2109/2711/1084 1920/2713/1084
f 2108/2714/1084 1920/2713/1084 1921/2715/1084
f 2108/2714/1084 1921/2715/1084 1922/2716/1084
f 2107/2717/1084 2108/2714/1084 1922/2716/1084
f 2107/2717/1084 1922/2716/1084 1923/2718/1084
f 2107/2717/1084 1923/2718/1084 1924/2719/1084
f 2106/2720/1084 2107/2717/1084 1924/2719/1084
f 2106/2720/1084 1924/2719/1084 1925/2721/1084
f 2106/2720/1084 1925/2721/1084 1926/2722/1084
f 2105/2723/1084 2106/2720/1084 1926/2722/1084
f 2105/2723/1084 1926/2722/1084 1927/2724/1084
f 2105/2723/1084 1927/2724/1084 1928/2725/1084
f 2105/2723/1084 1928/2725/1084 1929/2726/1084
f 2104/2727/1084 2105/2723/1084 1929/2726/1084
f 2104/2727/1084 1929/2726/1084 1930/2728/1084
f 2104/2727/1084 1930/2728/1084 1931/2729/1084
f 2104/2727/1084 1931/2729/1084 1932/2730/1084
f 2104/2727/1084 1932/2730/1084 1933/2731/1084
f 2104/2727/1084 1933/2731/1084 1934/2732/1084
f 2104/2727/1084 1934/2732/1084 1935/2733/1084
f 2104/2727/1084 1935/2733/1084 1936/2734/1084
f 2104/2727/1084 1936/2734/1084 1937/2735/1084
f 2104/2727/1084 1937/2735/1084 1951/2736/1084
f 1951/2736/1084 1937/2735/1084 1938/2737/1084
f 1951/2736/1084 1938/2737/1084 1939/2738/1084
f 1951/2736/1084 1939/2738/1084 1940/2739/1084
f 1951/2736/1084 1940/2739/1084 1941/2740/1084
f 1951/2736/1084 1941/2740/1084 1942/2741/1084
f 1951/2736/1084 1942/2741/1084 1943/2742/1084
f 1951/2736/1084 1943/2742/1084 1944/2743/1084
f 1951/2736/1084 1944/2743/1084 1945/2744/1084
f 1951/2736/1084 1945/2744/1084 1946/2745/1084
f 1951/2736/1084 1946/2745/1084 1947/2746/1084
f 1951/2736/1084 1947/2746/1084 1948/2747/1084
f 1951/2736/1084 1948/2747/1084 1949/2748/1084
f 1951/2736/1084 1949/2748/1084 1950/2749/1084
f 2104/2727/1084 1951/2736/1084 1952/2750/1084
f 2103/2751/1084 2104/2727/1084 1952/2750/1084
f 2102/2752/1084 2103/2751/1084 1952/2750/1084
f 2102/2752/1084 1952/2750/1084 1953/2753/1084
f 2101/2754/1084 2102/2752/1084 1953/2753/1084
f 2100/2755/1084 2101/2754/1084 1953/2753/1084
f 2100/2755/1084 1953/2753/1084 1954/2756/1084
f 2100/2755/1084 1954/2756/1084 1955/2757/1084
f 2100/2755/1084 1955/2757/1084 1956/2758/1084
f 2100/2755/1084 1956/2758/1084 1957/2759/1084
f 2100/2755/1084 1957/2759/1084 1958/2760/1084
f 2100/2755/1084 1958/2760/1084 1959/2761/1084
f 2100/2755/1084 1959/2761/1084 1960/2762/1084
f 2100/2755/1084 1960/2762/1084 1961/2763/1084
f 2100/2755/1084 1961/2763/1084 1962/2764/1084
f 2100/2755/1084 1962/2764/1084 1963/2765/1084
f 2100/2755/1084 1963/2765/1084 1964/2766/1084
f 2100/2755/1084 1964/2766/1084 1965/2767/1084
f 2100/2755/1084 1965/2767/1084 1966/2768/1084
f 2100/2755/1084 1966/2768/1084 1967/2769/1084
f 2100/2755/1084 1967/2769/1084 1968/2770/1084
f 2100/2755/1084 1968/2770/1084 1969/2771/1084
f 2100/2755/1084 1969/2771/1084 1970/2772/1084
f 2100/2755/1084 1970/2772/1084 1971/2773/1084
f 2100/2755/1084 1971/2773/1084 1972/2774/1084
f 2100/2755/1084 1972/2774/1084 1973/2775/1084
f 2100/2755/1084 1973/2775/1084 1974/2776/1084
f 2100/2755/1084 1974/2776/1084 1975/2777/1084
f 2100/2755/1084 1975/2777/1084 1976/2778/1084
f 2100/2755/1084 1976/2778/1084 1977/2779/1084
f 2100/2755/1084 1977/2779/1084 1978/2780/1084
f 2100/2755/1084 1978/2780/1084 1979/2781/1084
f 2100/2755/1084 1979/2781/1084 1980/2782/1084
f 2100/2755/1084 1980/2782/1084 1981/2783/1084
f 2100/2755/1084 1981/2783/1084 1982/2784/1084
f 2100/2755/1084 1982/2784/1084 1983/2785/1084
f 2100/2755/1084 1983/2785/1084 1984/2786/1084
f 2100/2755/1084 1984/2786/1084 1985/2787/1084
f 2100/2755/1084 1985/2787/1084 1986/2788/1084
f 2100/2755/1084 1986/2788/1084 1987/2789/1084
f 2100/2755/1084 1987/2789/1084 1988/2790/1084
f 2100/2755/1084 1988/2790/1084 1989/2791/1084
f 2100/2755/1084 1989/2791/1084 1990/2792/1084
f 2100/2755/1084 1990/2792/1084 1991/2793/1084
f 2099/2794/1084 2100/2755/1084 2014/2795/1084
f 2014/2795/1084 2100/2755/1084 1991/2793/1084
f 2014/2795/1084 1991/2793/1084 1992/2796/1084
f 2014/2795/1084 1992/2796/1084 1993/2797/1084
f 2014/2795/1084 1993/2797/1084 1994/2798/1084
f 2014/2795/1084 1994/2798/1084 1995/2799/1084
f 2014/2795/1084 1995/2799/1084 1996/2800/1084
f 2014/2795/1084 1996/2800/1084 1997/2801/1084
f 2014/2795/1084 1997/2801/1084 1998/2802/1084
f 2014/2795/1084 1998/2802/1084 1999/2803/1084
f 2014/2795/1084 1999/2803/1084 2000/2804/1084
f 2014/2795/1084 2000/2804/1084 2001/2805/1084
f 2014/2795/1084 2001/2805/1084 2002/2806/1084
f 2014/2795/1084 2002/2806/1084 2003/2807/1084
f 2014/2795/1084 2003/2807/1084 2004/2808/1084
f 2014/2795/1084 2004/2808/1084 2005/2809/1084
f 2014/2795/1084 2005/2809/1084 2006/2810/1084
f 2014/2795/1084 2006/2810/1084 2007/2811/1084
f 2014/2795/1084 2007/2811/1084 2008/2812/1084
f 2014/2795/1084 2008/2812/1084 2009/2813/1084
f 2014/2795/1084 2009/2813/1084 2010/2814/1084
f 2014/2795/1084 2010/2814/1084 2011/2815/1084
f 2014/2795/1084 2011/2815/1084 2012/2816/1084
f 2014/2795/1084 2012/2816/1084 2013/2817/1084
f 2099/2794/1084 2014/2795/1084 2015/2818/1084
f 2098/2819/1084 2099/2794/1084 2015/2818/1084
f 2098/2819/1084 2015/2818/1084 2016/2820/1084
f 2097/2821/1084 2098/2819/1084 2016/2820/1084
f 2096/2822/1084 2097/2821/1084 2016/2820/1084
f 2096/2822/1084 2016/2820/1084 2017/2823/1084
f 2096/2822/1084 2017/2823/1084 2018/2824/1084
f 2096/2822/1084 2018/2824/1084 2019/2825/1084
f 2096/2822/1084 2019/2825/1084 2020/2826/1084
f 2096/2822/1084 2020/2826/1084 2021/2827/1084
f 2096/2822/1084 2021/2827/1084 2022/2828/1084
f 2096/2822/1084 2022/2828/1084 2023/2829/1084
f 2096/2822/1084 2023/2829/1084 2024/2830/1084
f 2096/2822/1084 2024/2830/1084 2025/2831/1084
f 2096/2822/1084 2025/2831/1084 2026/2832/1084
f 2096/2822/1084 2026/2832/1084 2027/2833/1084
f 2096/2822/1084 2027/2833/1084 2028/2834/1084
f 2096/2822/1084 2028/2834/1084 2029/2835/1084
f 2096/2822/1084 2029/2835/1084 2030/2836/1084
f 2096/2822/1084 2030/2836/1084 2031/2837/1084
f 2096/2822/1084 2031/2837/1084 2032/2838/1084
f 2096/2822/1084 2032/2838/1084 2033/2839/1084
f 2096/2822/1084 2033/2839/1084 2034/2840/1084
f 2096/2822/1084 2034/2840/1084 2035/2841/1084
f 2096/2822/1084 2035/2841/1084 2036/2842/1084
f 2096/2822/1084 2036/2842/1084 2037/2843/1084
f 2096/2822/1084 2037/2843/1084 2038/2844/1084
f 2095/2845/1084 2096/2822/1084 2038/2844/1084
f 2095/2845/1084 2038/2844/1084 2039/2846/1084
f 2095/2845/1084 2039/2846/1084 2040/2847/1084
f 2095/2845/1084 2040/2847/1084 2041/2848/1084
f 2095/2845/1084 2041/2848/1084 2042/2849/1084
f 2095/2845/1084 2042/2849/1084 2043/2850/1084
f 2095/2845/1084 2043/2850/1084 2044/2851/1084
f 2095/2845/1084 2044/2851/1084 2045/2852/1084
f 2095/2845/1084 2045/2852/1084 2046/2853/1084
f 2095/2845/1084 2046/2853/1084 2047/2854/1084
f 2095/2845/1084 2047/2854/1084 2048/2855/1084
f 2095/2845/1084 2048/2855/1084 2049/2856/1084
f 2095/2845/1084 2049/2856/1084 2050/2857/1084
f 2095/2845/1084 2050/2857/1084 2051/2858/1084
f 2094/2859/1084 2095/2845/1084 2051/2858/1084
f 2094/2859/1084 2051/2858/1084 2052/2860/1084
f 2094/2859/1084 2052/2860/1084 2053/2861/1084
f 2093/2862/1084 2094/2859/1084 2053/2861/1084
f 2093/2862/1084 2053/2861/1084 2054/2863/1084
f 2093/2862/1084 2054/2863/1084 2055/2864/1084
f 2092/2865/1084 2093/2862/1084 2055/2864/1084
f 2092/2865/1084 2055/2864/1084 2056/2866/1084
f 2092/2865/1084 2056/2866/1084 2057/2867/1084
f 2091/2868/1084 2092/2865/1084 2057/2867/1084
f 2091/2868/1084 2057/2867/1084 2058/2869/1084
f 2091/2868/1084 2058/2869/1084 2059/2870/1084
f 2090/2871/1084 2091/2868/1084 2059/2870/1084
f 2090/2871/1084 2059/2870/1084 2060/2872/1084
f 2090/2871/1084 2060/2872/1084 2061/2873/1084
f 2089/2874/1084 2090/2871/1084 2061/2873/1084
f 2089/2874/1084 2061/2873/1084 2062/2875/1084
f 2089/2874/1084 2062/2875/1084 2063/2876/1084
f 2088/2877/1084 2089/2874/1084 2063/2876/1084
f 2088/2877/1084 2063/2876/1084 2064/2878/1084
f 2087/2879/1084 2088/2877/1084 2064/2878/1084
f 2087/2879/1084 2064/2878/1084 2065/2880/1084
f 2086/2881/1084 2087/2879/1084 2065/2880/1084
f 2086/2881/1084 2065/2880/1084 2066/2882/1084
f 2085/2883/1084 2086/2881/1084 2066/2882/1084
f 2085/2883/1084 2066/2882/1084 2067/2884/1084
f 2084/2885/1084 2085/2883/1084 2067/2884/1084
f 2084/2885/1084 2067/2884/1084 2068/2886/1084
f 2083/2887/1084 2084/2885/1084 2068/2886/1084
f 2083/2887/1084 2068/2886/1084 2069/2888/1084
f 2082/2889/1084 2083/2887/1084 2069/2888/1084
f 2082/2889/1084 2069/2888/1084 2070/2890/1084
f 2081/2891/1084 2082/2889/1084 2070/2890/1084
f 2081/2891/1084 2070/2890/1084 2071/2892/1084
f 2080/2893/1084 2081/2891/1084 2071/2892/1084
f 2080/2893/1084 2071/2892/1084 2072/2894/1084
f 2079/2895/1084 2080/2893/1084 2072/2894/1084
f 2079/2895/1084 2072/2894/1084 2073/2896/1084
f 2078/2897/1084 2079/2895/1084 2073/2896/1084
f 2078/2897/1084 2073/2896/1084 2074/2898/1084
f 2077/2899/1084 2078/2897/1084 2074/2898/1084
f 2077/2899/1084 2074/2898/1084 2075/2900/1084
f 2076/2901/1084 2077/2899/1084 2075/2900/1084
s 1
f 2126/2902/1085 2128/2903/1086 2127/2904/1086 2125/2681/1085
f 2128/2903/1086 2130/2905/1087 2129/2906/1087 2127/2904/1086
f 2130/2905/1087 2132/2907/1088 2131/2908/1088 2129/2906/1087
f 2132/2907/1088 2134/2909/1089 2133/2910/1089 2131/2908/1088
f 2134/2909/1089 2136/2911/1090 2135/2912/1090 2133/2910/1089
f 2136/2911/1090 2138/2913/1091 2137/2914/1091 2135/2912/1090
f 2138/2913/1091 2140/2915/1092 2139/2916/1092 2137/2914/1091
f 2140/2915/1092 2142/2917/1093 2141/2918/1093 2139/2916/1092
f 2142/2917/1093 2144/2919/1094 2143/2920/1094 2141/2918/1093
f 2144/2919/1094 2146/2921/1095 2145/2922/1095 2143/2920/1094
f 2146/2921/1095 2148/2923/1096 2147/2924/1096 2145/2922/1095
f 2148/2923/1096 2150/2925/1097 2149/2926/1097 2147/2924/1096
f 2150/2925/1097 2152/2927/1098 2151/2928/1098 2149/2926/1097
f 2152/2927/1098 2154/2929/1099 2153/2930/1099 2151/2928/1098
f 2154/2929/1099 2156/2931/1100 2155/2932/1100 2153/2930/1099
f 2156/2931/1100 2158/2933/1101 2157/2934/1101 2155/2932/1100
f 2158/2933/1101 2160/2935/1102 2159/2936/1102 2157/2934/1101
f 2160/2935/1102 2162/2937/1103 2161/2938/1103 2159/2936/1102
f 2162/2937/1103 2164/2939/1104 2163/2940/1104 2161/2938/1103
f 2164/2939/1104 2166/2941/1105 2165/2942/1105 2163/2940/1104
f 2166/2941/1105 2168/2943/1106 2167/2944/1106 2165/2942/1105
f 2168/2943/1106 2170/2945/1107 2169/2946/1107 2167/2944/1106
f 2170/2945/1107 2172/2947/1108 2171/2948/1108 2169/2946/1107
f 2172/2947/1108 2174/2949/1109 2173/2950/1109 2171/2948/1108
f 2174/2949/1109 2176/2951/1110 2175/2952/1110 2173/2950/1109
f 2176/2951/1110 2178/2953/1111 2177/2954/1111 2175/2952/1110
f 2178/2953/1111 2180/2955/1112 2179/2956/1112 2177/2954/1111
f 2180/2955/1112 2182/2957/1113 2181/2958/1113 2179/2956/1112
f 2182/2957/1113 2184/2959/1114 2183/2960/1114 2181/2958/1113
f 2184/2959/1114 2186/2961/1115 2185/2962/1115 2183/2960/1114
f 2186/2961/1115 2188/2963/1116 2187/2964/1116 2185/2962/1115
f 2188/2963/1116 2190/2965/1117 2189/2966/1117 2187/2964/1116
f 2190/2965/1117 2192/2967/1118 2191/2968/1118 2189/2966/1117
f 2192/2967/1118 2194/2969/1119 2193/2970/1119 2191/2968/1118
f 2194/2969/1119 2196/2971/1120 2195/2972/1120 2193/2970/1119
f 2196/2971/1120 2198/2973/1121 2197/2974/1121 2195/2972/1120
f 2198/2973/1121 2200/2975/1122 2199/2976/1122 2197/2974/1121
f 2200/2975/1122 2202/2977/1123 2201/2978/1123 2199/2976/1122
f 2202/2977/1123 2204/2979/1124 2203/2980/1124 2201/2978/1123
f 2204/2979/1124 2206/2981/1125 2205/2982/1125 2203/2980/1124
f 2206/2981/1125 2208/2983/1126 2207/2984/1126 2205/2982/1125
f 2208/2983/1126 2210/2985/1127 2209/2986/1127 2207/2984/1126
f 2210/2985/1127 2212/2987/1128 2211/2988/1128 2209/2986/1127
f 2212/2987/1128 2214/2989/1129 2213/2990/1129 2211/2988/1128
f 2214/2989/1129 2216/2991/1130 2215/2992/1130 2213/2990/1129
f 2216/2991/1130 2218/2993/1131 2217/2994/1131 2215/2992/1130
f 2218/2993/1131 2220/2995/1132 2219/2996/1132 2217/2994/1131
f 2220/2995/1132 2222/2997/1133 2221/2998/1133 2219/2996/1132
f 2222/2997/1133 2224/2999/1108 2223/3000/1108 2221/2998/1133
f 2224/2999/1108 2226/3001/1134 2225/3002/1134 2223/3000/1108
f 2226/3001/1134 2228/3003/1135 2227/3004/1135 2225/3002/1134
f 2228/3003/1135 2230/3005/1135 2229/3006/1135 2227/3004/1135
f 2230/3005/1135 2232/3007/1135 2231/3008/1135 2229/3006/1135
f 2232/3007/1135 2234/3009/1135 2233/3010/1135 2231/3008/1135
f 2234/3009/1135 2236/3011/1135 2235/3012/1135 2233/3010/1135
f 2236/3011/1135 2238/3013/1135 2237/3014/1135 2235/3012/1135
f 2238/3013/1135 2240/3015/1135 2239/3016/1135 2237/3014/1135
f 2240/3015/1135 2242/3017/1135 2241/3018/1135 2239/3016/1135
f 2242/3017/1135 2244/3019/1135 2243/3020/1135 2241/3018/1135
f 2244/3019/1135 2246/3021/1135 2245/3022/1135 2243/3020/1135
f 2246/3021/1135 2248/3023/1135 2247/3024/1135 2245/3022/1135
f 2248/3023/1135 2250/3025/1135 2249/3026/1135 2247/3024/1135
f 2250/3025/1135 2252/3027/1136 2251/3028/1136 2249/3026/1135
f 2252/3027/1136 2254/3029/1137 2253/3030/1137 2251/3028/1136
f 2254/3029/1137 2256/3031/1138 2255/3032/1138 2253/3030/1137
f 2256/3031/1138 2258/3033/1139 2257/3034/1139 2255/3032/1138
f 2258/3033/1139 2260/3035/1090 2259/3036/1090 2257/3034/1139
f 2260/3035/1090 2262/3037/1140 2261/3038/1140 2259/3036/1090
f 2262/3037/1140 2264/3039/1141 2263/3040/1141 2261/3038/1140
f 2264/3039/1141 2266/3041/1142 2265/3042/1142 2263/3040/1141
f 2266/3041/1142 2268/3043/1143 2267/3044/1143 2265/3042/1142
f 2268/3043/1143 2270/3045/1144 2269/3046/1144 2267/3044/1143
f 2270/3045/1144 2272/3047/1145 2271/3048/1145 2269/3046/1144
f 2272/3047/1145 2274/3049/1146 2273/3050/1146 2271/3048/1145
f 2274/3049/1146 2276/3051/1147 2275/3052/1147 2273/3050/1146
f 2276/3051/1147 2278/3053/1148 2277/3054/1148 2275/3052/1147
f 2278/3053/1148 2280/3055/1149 2279/3056/1149 2277/3054/1148
f 2280/3055/1149 2282/3057/1150 2281/3058/1150 2279/3056/1149
f 2282/3057/1150 2284/3059/1151 2283/3060/1151 2281/3058/1150
f 2284/3059/1151 2286/3061/1152 2285/3062/1152 2283/3060/1151
f 2286/3061/1152 2288/3063/1153 2287/3064/1153 2285/3062/1152
f 2288/3063/1153 2290/3065/1154 2289/3066/1154 2287/3064/1153
f 2290/3065/1154 2292/3067/1155 2291/3068/1155 2289/3066/1154
f 2292/3067/1155 2294/3069/1156 2293/3070/1156 2291/3068/1155
f 2294/3069/1156 2296/3071/1157 2295/3072/1157 2293/3070/1156
f 2296/3071/1157 2298/3073/1108 2297/3074/1108 2295/3072/1157
f 2298/3073/1108 2300/3075/1158 2299/3076/1158 2297/3074/1108
f 2300/3075/1158 2302/3077/1159 2301/3078/1159 2299/3076/1158
f 2302/3077/1159 2304/3079/1160 2303/3080/1160 2301/3078/1159
f 2304/3079/1160 2306/3081/1161 2305/3082/1161 2303/3080/1160
f 2306/3081/1161 2308/3083/1162 2307/3084/1162 2305/3082/1161
f 2308/3083/1162 2310/3085/1163 2309/3086/1163 2307/3084/1162
f 2310/3085/1163 2312/3087/1164 2311/3088/1164 2309/3086/1163
f 2312/3087/1164 2314/3089/1165 2313/3090/1165 2311/3088/1164
f 2314/3089/1165 2316/3091/1166 2315/3092/1166 2313/3090/1165
f 2316/3091/1166 2318/3093/1167 2317/3094/1167 2315/3092/1166
f 2318/3093/1167 2320/3095/1168 2319/3096/1168 2317/3094/1167
f 2320/3095/1168 2322/3097/1169 2321/3098/1169 2319/3096/1168
f 2322/3097/1169 2324/3099/1170 2323/3100/1170 2321/3098/1169
f 2324/3099/1170 2326/3101/1171 2325/3102/1171 2323/3100/1170
f 2326/3101/1171 2328/3103/1172 2327/3104/1172 2325/3102/1171
f 2328/3103/1172 2330/3105/1173 2329/3106/1173 2327/3104/1172
f 2330/3105/1173 2332/3107/1174 2331/3108/1174 2329/3106/1173
f 2332/3107/1174 2334/3109/1175 2333/3110/1175 2331/3108/1174
f 2334/3109/1175 2336/3111/1176 2335/3112/1176 2333/3110/1175
f 2336/3111/1176 2338/3113/1177 2337/3114/1177 2335/3112/1176
f 2338/3113/1177 2340/3115/1178 2339/3116/1178 2337/3114/1177
f 2340/3115/1178 2342/3117/1179 2341/3118/1179 2339/3116/1178
f 2342/3117/1179 2344/3119/1180 2343/3120/1180 2341/3118/1179
f 2344/3119/1180 2346/3121/1132 2345/3122/1132 2343/3120/1180
f 2346/3121/1132 2348/3123/1133 2347/3124/1133 2345/3122/1132
f 2348/3123/1133 2350/3125/1108 2349/3126/1108 2347/3124/1133
f 2350/3125/1108 2352/3127/1134 2351/3128/1134 2349/3126/1108
f 2352/3127/1134 2354/3129/1135 2353/3130/1135 2351/3128/1134
f 2354/3129/1135 2356/3131/1135 2355/3132/1135 2353/3130/1135
f 2356/3131/1135 2358/3133/1135 2357/3134/1135 2355/3132/1135
f 2358/3133/1135 2360/3135/1135 2359/3136/1135 2357/3134/1135
f 2360/3135/1135 2362/3137/1135 2361/3138/1135 2359/3136/1135
f 2362/3137/1135 2364/3139/1135 2363/3140/1135 2361/3138/1135
f 2364/3139/1135 2366/3141/1135 2365/3142/1135 2363/3140/1135
f 2366/3141/1135 2368/3143/1135 2367/3144/1135 2365/3142/1135
f 2368/3143/1135 2370/3145/1135 2369/3146/1135 2367/3144/1135
f 2370/3145/1135 2372/3147/1135 2371/3148/1135 2369/3146/1135
f 2372/3147/1135 2374/3149/1135 2373/3150/1135 2371/3148/1135
f 2374/3149/1135 2376/3151/1135 2375/3152/1135 2373/3150/1135
f 2376/3151/1135 2378/3153/1085 2377/3154/1085 2375/3152/1135
f 2378/3153/1085 2380/3155/1181 2379/3156/1181 2377/3154/1085
f 2380/3155/1181 2382/3157/1182 2381/3158/1182 2379/3156/1181
f 2382/3157/1182 2384/3159/1183 2383/3160/1183 2381/3158/1182
f 2384/3159/1183 2386/3161/1184 2385/3162/1184 2383/3160/1183
f 2386/3161/1184 2388/3163/1185 2387/3164/1185 2385/3162/1184
f 2388/3163/1185 2390/3165/1186 2389/3166/1186 2387/3164/1185
f 2390/3165/1186 2392/3167/1187 2391/3168/1187 2389/3166/1186
f 2392/3167/1187 2394/3169/1188 2393/3170/1188 2391/3168/1187
f 2394/3169/1188 2396/3171/1189 2395/3172/1189 2393/3170/1188
f 2396/3171/1189 2398/3173/1190 2397/3174/1190 2395/3172/1189
f 2398/3173/1190 2400/3175/1191 2399/3176/1191 2397/3174/1190
f 2400/3175/1191 2402/3177/1192 2401/3178/1192 2399/3176/1191
f 2402/3177/1192 2404/3179/1193 2403/3180/1193 2401/3178/1192
f 2404/3179/1193 2406/3181/1194 2405/3182/1194 2403/3180/1193
f 2406/3181/1194 2408/3183/1195 2407/3184/1195 2405/3182/1194
f 2408/3183/1195 2410/3185/1196 2409/3186/1196 2407/3184/1195
f 2410/3185/1196 2412/3187/1197 2411/3188/1197 2409/3186/1196
f 2412/3187/1197 2414/3189/1198 2413/3190/1198 2411/3188/1197
f 2414/3189/1198 2416/3191/1199 2415/3192/1199 2413/3190/1198
f 2416/3191/1199 2418/3193/1200 2417/3194/1200 2415/3192/1199
f 2418/3193/1200 2420/3195/1201 2419/3196/1201 2417/3194/1200
f 2420/3195/1201 2422/3197/1202 2421/3198/1202 2419/3196/1201
f 2422/3197/1202 2424/3199/1108 2423/3200/1108 2421/3198/1202
f 2424/3199/1108 2426/3201/1203 2425/3202/1203 2423/3200/1108
f 2426/3201/1203 2428/3203/1204 2427/3204/1204 2425/3202/1203
f 2428/3203/1204 2430/3205/1205 2429/3206/1205 2427/3204/1204
f 2430/3205/1205 2432/3207/1206 2431/3208/1206 2429/3206/1205
f 2432/3207/1206 2434/3209/1207 2433/3210/1207 2431/3208/1206
f 2434/3209/1207 2436/3211/1208 2435/3212/1208 2433/3210/1207
f 2436/3211/1208 2438/3213/1209 2437/3214/1209 2435/3212/1208
f 2438/3213/1209 2440/3215/1210 2439/3216/1210 2437/3214/1209
f 2440/3215/1210 2442/3217/1211 2441/3218/1211 2439/3216/1210
f 2442/3217/1211 2444/3219/1212 2443/3220/1212 2441/3218/1211
f 2444/3219/1212 2446/3221/1213 2445/3222/1213 2443/3220/1212
f 2446/3221/1213 2448/3223/1214 2447/3224/1214 2445/3222/1213
f 2448/3223/1214 2450/3225/1215 2449/3226/1215 2447/3224/1214
f 2450/3225/1215 2452/3227/1216 2451/3228/1216 2449/3226/1215
f 2452/3227/1216 2454/3229/1217 2453/3230/1217 2451/3228/1216
f 2454/3229/1217 2456/3231/1218 2455/3232/1218 2453/3230/1217
f 2456/3231/1218 2458/3233/1219 2457/3234/1219 2455/3232/1218
f 2458/3233/1219 2460/3235/1220 2459/3236/1220 2457/3234/1219
f 2460/3235/1220 2462/3237/1221 2461/3238/1221 2459/3236/1220
f 2462/3237/1221 2464/3239/1222 2463/3240/1222 2461/3238/1221
f 2464/3239/1222 2466/3241/1223 2465/3242/1223 2463/3240/1222
f 2466/3241/1223 2468/3243/1224 2467/3244/1224 2465/3242/1223
f 2468/3243/1224 2470/3245/1131 2469/3246/1131 2467/3244/1224
f 2470/3245/1131 2472/3247/1132 2471/3248/1132 2469/3246/1131
f 2472/3247/1132 2474/3249/1225 2473/3250/1225 2471/3248/1132
f 2474/3249/1225 2476/3251/1226 2475/3252/1226 2473/3250/1225
f 2476/3251/1226 2478/3253/1227 2477/3254/1227 2475/3252/1226
f 2478/3253/1227 2480/3255/1228 2479/3256/1228 2477/3254/1227
f 2480/3255/1228 2482/3257/1229 2481/3258/1229 2479/3256/1228
f 2482/3257/1229 2484/3259/1230 2483/3260/1230 2481/3258/1229
f 2484/3259/1230 2486/3261/1231 2485/3262/1231 2483/3260/1230
f 2486/3261/1231 2488/3263/1232 2487/3264/1232 2485/3262/1231
f 2488/3263/1232 2490/3265/1233 2489/3266/1233 2487/3264/1232
f 2490/3265/1233 2492/3267/1234 2491/3268/1234 2489/3266/1233
f 2492/3267/1234 2494/3269/1235 2493/3270/1235 2491/3268/1234
f 2494/3269/1235 2496/3271/1236 2495/3272/1236 2493/3270/1235
f 2496/3271/1236 2498/3273/1237 2497/3274/1237 2495/3272/1236
f 2498/3273/1237 2500/3275/1238 2499/3276/1238 2497/3274/1237
f 2500/3275/1238 2502/3277/1239 2501/3278/1239 2499/3276/1238
f 2502/3277/1239 2504/3279/1240 2503/3280/1240 2501/3278/1239
f 2504/3279/1240 2506/3281/1241 2505/3282/1241 2503/3280/1240
f 2506/3281/1241 2508/3283/1242 2507/3284/1242 2505/3282/1241
f 2508/3283/1242 2510/3285/1243 2509/3286/1243 2507/3284/1242
f 2510/3285/1243 2512/3287/1244 2511/3288/1244 2509/3286/1243
f 2512/3287/1244 2514/3289/1245 2513/3290/1245 2511/3288/1244
f 2514/3289/1245 2516/3291/1246 2515/3292/1246 2513/3290/1245
f 2516/3291/1246 2518/3293/1247 2517/3294/1247 2515/3292/1246
f 2518/3293/1247 2520/3295/1248 2519/3296/1248 2517/3294/1247
f 2520/3295/1248 2522/3297/1249 2521/3298/1249 2519/3296/1248
f 2522/3297/1249 2524/3299/1250 2523/3300/1250 2521/3298/1249
f 2524/3299/1250 2526/3301/1251 2525/3302/1251 2523/3300/1250
f 2526/3301/1251 2528/3303/1252 2527/3304/1252 2525/3302/1251
f 2528/3303/1252 2530/3305/1253 2529/3306/1253 2527/3304/1252
f 2530/3305/1253 2532/3307/1254 2531/3308/1254 2529/3306/1253
f 2532/3307/1254 2534/3309/1255 2533/3310/1255 2531/3308/1254
f 2534/3309/1255 2536/3311/1256 2535/3312/1256 2533/3310/1255
f 2536/3311/1256 2538/3313/1257 2537/3314/1257 2535/3312/1256
f 2538/3313/1257 2540/3315/1258 2539/3316/1258 2537/3314/1257
f 2540/3315/1258 2542/3317/1259 2541/3318/1259 2539/3316/1258
f 2542/3317/1259 2544/3319/1260 2543/3320/1260 2541/3318/1259
f 2544/3319/1260 2546/3321/1261 2545/3322/1261 2543/3320/1260
f 2546/3321/1261 2548/3323/1262 2547/3324/1262 2545/3322/1261
f 2548/3323/1262 2550/3325/1263 2549/3326/1263 2547/3324/1262
f 2550/3325/1263 2552/3327/1264 2551/3328/1264 2549/3326/1263
f 2552/3327/1264 2554/3329/1265 2553/3330/1265 2551/3328/1264
f 2554/3329/1265 2556/3331/1266 2555/3332/1266 2553/3330/1265
f 2556/3331/1266 2558/3333/1267 2557/3334/1267 2555/3332/1266
f 2558/3333/1267 2560/3335/1268 2559/3336/1268 2557/3334/1267
f 2560/3335/1268 2562/3337/1269 2561/3338/1269 2559/3336/1268
f 2562/3337/1269 2564/3339/1270 2563/3340/1270 2561/3338/1269
f 2564/3339/1270 2566/3341/1271 2565/3342/1271 2563/3340/1270
f 2566/3341/1271 2568/3343/1135 2567/3344/1135 2565/3342/1271
f 2568/3343/1135 2126/3345/1085 2125/2682/1085 2567/3344/1135
o Curve
v 2.566597 -6.004926 -14.942425
v 4.449364 -6.004926 -14.941921
v 5.994839 -6.004926 -14.940556
v 7.236935 -6.004926 -14.937893
v 8.209560 -6.004926 -14.933506
v 8.946629 -6.004926 -14.926960
v 9.482044 -6.004926 -14.917824
v 9.849724 -6.004926 -14.905666
v 10.083576 -6.004926 -14.890057
v 10.217510 -6.004926 -14.870564
v 10.285435 -6.004926 -14.846752
v 10.321262 -6.004926 -14.818195
v 10.348522 -6.004926 -14.788109
v 10.371487 -6.004926 -14.752018
v 10.390522 -6.004926 -14.702633
v 10.405994 -6.004926 -14.632660
v 10.418274 -6.004926 -14.534805
v 10.427723 -6.004926 -14.401775
v 10.434711 -6.004926 -14.226276
v 10.439606 -6.004926 -14.001011
v 10.442776 -6.004926 -13.718685
v 10.444584 -6.004926 -13.372005
v 10.445400 -6.004926 -12.953678
v 10.445591 -6.004926 -12.456409
v 10.445400 -6.004926 -11.959148
v 10.444584 -6.004926 -11.540821
v 10.442776 -6.004926 -11.194141
v 10.439606 -6.004926 -10.911816
v 10.434711 -6.004926 -10.686550
v 10.427723 -6.004926 -10.511047
v 10.418274 -6.004926 -10.378017
v 10.405994 -6.004926 -10.280163
v 10.390522 -6.004926 -10.210190
v 10.371487 -6.004926 -10.160805
v 10.348522 -6.004926 -10.124714
v 10.321262 -6.004926 -10.094624
v 10.286770 -6.004926 -10.066063
v 10.228161 -6.004926 -10.042252
v 10.119518 -6.004926 -10.022758
v 9.934917 -6.004926 -10.007149
v 9.648434 -6.004926 -9.994991
v 9.234146 -6.004926 -9.985855
v 8.666126 -6.004926 -9.979309
v 7.918453 -6.004926 -9.974922
v 6.965202 -6.004926 -9.972260
v 5.780453 -6.004926 -9.970894
v 4.338276 -6.004926 -9.970390
v 2.612751 -6.004926 -9.970318
v -4.971430 -6.004926 -9.970318
v -4.971430 -6.004926 -5.806114
v -4.971430 -6.004926 -1.641907
v -4.872347 -6.004926 -1.641907
v -4.598431 -6.004926 -1.641907
v -4.184643 -6.004926 -1.641907
v -3.665951 -6.004926 -1.641907
v -3.077322 -6.004926 -1.641907
v -2.453726 -6.004926 -1.641907
v -1.830130 -6.004926 -1.641907
v -1.241501 -6.004926 -1.641907
v -0.722809 -6.004926 -1.641907
v -0.309021 -6.004926 -1.641907
v -0.035105 -6.004926 -1.641907
v 0.063971 -6.004926 -1.641907
v 1.203922 -6.004926 -1.641834
v 2.157877 -6.004926 -1.641331
v 2.942905 -6.004926 -1.639965
v 3.576082 -6.004926 -1.637302
v 4.074482 -6.004926 -1.632915
v 4.455177 -6.004926 -1.626369
v 4.735241 -6.004926 -1.617233
v 4.931751 -6.004926 -1.605076
v 5.061779 -6.004926 -1.589466
v 5.142395 -6.004926 -1.569973
v 5.190678 -6.004926 -1.546162
v 5.223701 -6.004926 -1.517605
v 5.250961 -6.004926 -1.487659
v 5.273922 -6.004926 -1.452576
v 5.292957 -6.004926 -1.405926
v 5.308430 -6.004926 -1.341278
v 5.320709 -6.004926 -1.252201
v 5.330158 -6.004926 -1.132263
v 5.337147 -6.004926 -0.975033
v 5.342045 -6.004926 -0.774082
v 5.345215 -6.004926 -0.522976
v 5.347023 -6.004926 -0.215286
v 5.347839 -6.004926 0.155418
v 5.348030 -6.004926 0.595570
v 5.347836 -6.004926 1.035728
v 5.347019 -6.004926 1.406433
v 5.345211 -6.004926 1.714123
v 5.342041 -6.004926 1.965229
v 5.337143 -6.004926 2.166180
v 5.330154 -6.004926 2.323410
v 5.320705 -6.004926 2.443348
v 5.308426 -6.004926 2.532425
v 5.292953 -6.004926 2.597073
v 5.273918 -6.004926 2.643723
v 5.250957 -6.004926 2.678806
v 5.223701 -6.004926 2.708752
v 5.190670 -6.004926 2.737309
v 5.142387 -6.004926 2.761120
v 5.061771 -6.004926 2.780613
v 4.931747 -6.004926 2.796223
v 4.735241 -6.004926 2.808380
v 4.455177 -6.004926 2.817516
v 4.074482 -6.004926 2.824062
v 3.576084 -6.004926 2.828451
v 2.942907 -6.004926 2.831112
v 2.157879 -6.004926 2.832479
v 1.203924 -6.004926 2.832983
v 0.063971 -6.004926 2.833055
v -4.971430 -6.004926 2.833055
v -4.971430 -6.004926 7.618782
v -4.971430 -6.004926 12.404507
v -4.823427 -6.004926 12.404507
v -4.414244 -6.004926 12.404507
v -3.796116 -6.004926 12.404507
v -3.021278 -6.004926 12.404507
v -2.141968 -6.004926 12.404507
v -1.210423 -6.004926 12.404507
v -0.278877 -6.004926 12.404507
v 0.600433 -6.004926 12.404507
v 1.375271 -6.004926 12.404507
v 1.993399 -6.004926 12.404507
v 2.402582 -6.004926 12.404507
v 2.550585 -6.004926 12.404507
v 4.261827 -6.004926 12.404577
v 5.692097 -6.004926 12.405081
v 6.867100 -6.004926 12.406448
v 7.812542 -6.004926 12.409109
v 8.554134 -6.004926 12.413498
v 9.117584 -6.004926 12.420044
v 9.528599 -6.004926 12.429180
v 9.812885 -6.004926 12.441338
v 9.996155 -6.004926 12.456947
v 10.104115 -6.004926 12.476442
v 10.162468 -6.004926 12.500254
v 10.196930 -6.004926 12.528812
v 10.224194 -6.004926 12.558941
v 10.247158 -6.004926 12.595282
v 10.266193 -6.004926 12.645350
v 10.281666 -6.004926 12.716652
v 10.293945 -6.004926 12.816700
v 10.303394 -6.004926 12.953003
v 10.310383 -6.004926 13.133072
v 10.315277 -6.004926 13.364416
v 10.318447 -6.004926 13.654547
v 10.320255 -6.004926 14.010973
v 10.321072 -6.004926 14.441204
v 10.321262 -6.004926 14.952751
v 10.321068 -6.004926 15.464298
v 10.320251 -6.004926 15.894529
v 10.318443 -6.004926 16.250956
v 10.315273 -6.004926 16.541086
v 10.310379 -6.004926 16.772430
v 10.303391 -6.004926 16.952499
v 10.293941 -6.004926 17.088802
v 10.281662 -6.004926 17.188850
v 10.266190 -6.004926 17.260153
v 10.247154 -6.004926 17.310221
v 10.224190 -6.004926 17.346563
v 10.196930 -6.004926 17.376690
v 10.161251 -6.004926 17.405247
v 10.093891 -6.004926 17.429058
v 9.961086 -6.004926 17.448553
v 9.729076 -6.004926 17.464163
v 9.364101 -6.004926 17.476320
v 8.832401 -6.004926 17.485456
v 8.100216 -6.004926 17.492002
v 7.133789 -6.004926 17.496391
v 5.899361 -6.004926 17.499052
v 4.363169 -6.004926 17.500420
v 2.491457 -6.004926 17.500923
v 0.250465 -6.004926 17.500996
v -1.981504 -6.004926 17.500807
v -3.847561 -6.004926 17.499990
v -5.380945 -6.004926 17.498180
v -6.614901 -6.004926 17.495012
v -7.582666 -6.004926 17.490116
v -8.317484 -6.004926 17.483128
v -8.852596 -6.004926 17.473679
v -9.221243 -6.004926 17.461403
v -9.456665 -6.004926 17.445932
v -9.592104 -6.004926 17.426901
v -9.660803 -6.004926 17.403942
v -9.696001 -6.004926 17.376690
v -9.724564 -6.004926 17.336277
v -9.748379 -6.004926 17.240875
v -9.767878 -6.004926 17.036016
v -9.783491 -6.004926 16.667233
v -9.795650 -6.004926 16.080051
v -9.804789 -6.004926 15.220005
v -9.811337 -6.004926 14.032623
v -9.815725 -6.004926 12.463436
v -9.818388 -6.004926 10.457975
v -9.819756 -6.004926 7.961769
v -9.820259 -6.004926 4.920349
v -9.820332 -6.004926 1.279247
v -9.820261 -6.004926 -2.373604
v -9.819757 -6.004926 -5.422695
v -9.818390 -6.004926 -7.923077
v -9.815727 -6.004926 -9.929802
v -9.811338 -6.004926 -11.497921
v -9.804790 -6.004926 -12.682487
v -9.795652 -6.004926 -13.538551
v -9.783493 -6.004926 -14.121166
v -9.767879 -6.004926 -14.485386
v -9.748381 -6.004926 -14.686264
v -9.724566 -6.004926 -14.778851
v -9.696001 -6.004926 -14.818195
v -9.660172 -6.004926 -14.846756
v -9.592247 -6.004926 -14.870567
v -9.458315 -6.004926 -14.890060
v -9.224464 -6.004926 -14.905670
v -8.856785 -6.004926 -14.917828
v -8.321367 -6.004926 -14.926964
v -7.584301 -6.004926 -14.933510
v -6.611675 -6.004926 -14.937897
v -5.369579 -6.004926 -14.940559
v -3.824102 -6.004926 -14.941925
v -1.941336 -6.004926 -14.942429
v 0.312632 -6.004926 -14.942501
v 2.566597 -7.203732 -14.942425
v 4.449364 -7.203732 -14.941921
v 5.994839 -7.203732 -14.940556
v 7.236935 -7.203732 -14.937893
v 8.209560 -7.203732 -14.933506
v 8.946629 -7.203732 -14.926960
v 9.482044 -7.203732 -14.917824
v 9.849724 -7.203732 -14.905666
v 10.083576 -7.203732 -14.890057
v 10.217510 -7.203732 -14.870564
v 10.285435 -7.203732 -14.846752
v 10.321262 -7.203732 -14.818195
v 10.348522 -7.203732 -14.788109
v 10.371487 -7.203732 -14.752018
v 10.390522 -7.203732 -14.702633
v 10.405994 -7.203732 -14.632660
v 10.418274 -7.203732 -14.534805
v 10.427723 -7.203732 -14.401775
v 10.434711 -7.203732 -14.226276
v 10.439606 -7.203732 -14.001011
v 10.442776 -7.203732 -13.718685
v 10.444584 -7.203732 -13.372005
v 10.445400 -7.203732 -12.953678
v 10.445591 -7.203732 -12.456409
v 10.445400 -7.203732 -11.959148
v 10.444584 -7.203732 -11.540821
v 10.442776 -7.203732 -11.194141
v 10.439606 -7.203732 -10.911816
v 10.434711 -7.203732 -10.686550
v 10.427723 -7.203732 -10.511047
v 10.418274 -7.203732 -10.378017
v 10.405994 -7.203732 -10.280163
v 10.390522 -7.203732 -10.210190
v 10.371487 -7.203732 -10.160805
v 10.348522 -7.203732 -10.124714
v 10.321262 -7.203732 -10.094624
v 10.286770 -7.203732 -10.066063
v 10.228161 -7.203732 -10.042252
v 10.119518 -7.203732 -10.022758
v 9.934917 -7.203732 -10.007149
v 9.648434 -7.203732 -9.994991
v 9.234146 -7.203732 -9.985855
v 8.666126 -7.203732 -9.979309
v 7.918453 -7.203732 -9.974922
v 6.965202 -7.203732 -9.972260
v 5.780453 -7.203732 -9.970894
v 4.338276 -7.203732 -9.970390
v 2.612751 -7.203732 -9.970318
v -4.971430 -7.203732 -9.970318
v -4.971430 -7.203732 -5.806114
v -4.971430 -7.203732 -1.641907
v -4.872347 -7.203732 -1.641907
v -4.598431 -7.203732 -1.641907
v -4.184643 -7.203732 -1.641907
v -3.665951 -7.203732 -1.641907
v -3.077322 -7.203732 -1.641907
v -2.453726 -7.203732 -1.641907
v -1.830130 -7.203732 -1.641907
v -1.241501 -7.203732 -1.641907
v -0.722809 -7.203732 -1.641907
v -0.309021 -7.203732 -1.641907
v -0.035105 -7.203732 -1.641907
v 0.063971 -7.203732 -1.641907
v 1.203922 -7.203732 -1.641834
v 2.157877 -7.203732 -1.641331
v 2.942905 -7.203732 -1.639965
v 3.576082 -7.203732 -1.637302
v 4.074482 -7.203732 -1.632915
v 4.455177 -7.203732 -1.626369
v 4.735241 -7.203732 -1.617233
v 4.931751 -7.203732 -1.605076
v 5.061779 -7.203732 -1.589466
v 5.142395 -7.203732 -1.569973
v 5.190678 -7.203732 -1.546162
v 5.223701 -7.203732 -1.517605
v 5.250961 -7.203732 -1.487659
v 5.273922 -7.203732 -1.452576
v 5.292957 -7.203732 -1.405926
v 5.308430 -7.203732 -1.341278
v 5.320709 -7.203732 -1.252201
v 5.330158 -7.203732 -1.132263
v 5.337147 -7.203732 -0.975033
v 5.342045 -7.203732 -0.774082
v 5.345215 -7.203732 -0.522976
v 5.347023 -7.203732 -0.215286
v 5.347839 -7.203732 0.155418
v 5.348030 -7.203732 0.595570
v 5.347836 -7.203732 1.035728
v 5.347019 -7.203732 1.406433
v 5.345211 -7.203732 1.714123
v 5.342041 -7.203732 1.965229
v 5.337143 -7.203732 2.166180
v 5.330154 -7.203732 2.323410
v 5.320705 -7.203732 2.443348
v 5.308426 -7.203732 2.532425
v 5.292953 -7.203732 2.597073
v 5.273918 -7.203732 2.643723
v 5.250957 -7.203732 2.678806
v 5.223701 -7.203732 2.708752
v 5.190670 -7.203732 2.737309
v 5.142387 -7.203732 2.761120
v 5.061771 -7.203732 2.780613
v 4.931747 -7.203732 2.796223
v 4.735241 -7.203732 2.808380
v 4.455177 -7.203732 2.817516
v 4.074482 -7.203732 2.824062
v 3.576084 -7.203732 2.828451
v 2.942907 -7.203732 2.831112
v 2.157879 -7.203732 2.832479
v 1.203924 -7.203732 2.832983
v 0.063971 -7.203732 2.833055
v -4.971430 -7.203732 2.833055
v -4.971430 -7.203732 7.618782
v -4.971430 -7.203732 12.404507
v -4.823427 -7.203732 12.404507
v -4.414244 -7.203732 12.404507
v -3.796116 -7.203732 12.404507
v -3.021278 -7.203732 12.404507
v -2.141968 -7.203732 12.404507
v -1.210423 -7.203732 12.404507
v -0.278877 -7.203732 12.404507
v 0.600433 -7.203732 12.404507
v 1.375271 -7.203732 12.404507
v 1.993399 -7.203732 12.404507
v 2.402582 -7.203732 12.404507
v 2.550585 -7.203732 12.404507
v 4.261827 -7.203732 12.404577
v 5.692097 -7.203732 12.405081
v 6.867100 -7.203732 12.406448
v 7.812542 -7.203732 12.409109
v 8.554134 -7.203732 12.413498
v 9.117584 -7.203732 12.420044
v 9.528599 -7.203732 12.429180
v 9.812885 -7.203732 12.441338
v 9.996155 -7.203732 12.456947
v 10.104115 -7.203732 12.476442
v 10.162468 -7.203732 12.500254
v 10.196930 -7.203732 12.528812
v 10.224194 -7.203732 12.558941
v 10.247158 -7.203732 12.595282
v 10.266193 -7.203732 12.645350
v 10.281666 -7.203732 12.716652
v 10.293945 -7.203732 12.816700
v 10.303394 -7.203732 12.953003
v 10.310383 -7.203732 13.133072
v 10.315277 -7.203732 13.364416
v 10.318447 -7.203732 13.654547
v 10.320255 -7.203732 14.010973
v 10.321072 -7.203732 14.441204
v 10.321262 -7.203732 14.952751
v 10.321068 -7.203732 15.464298
v 10.320251 -7.203732 15.894529
v 10.318443 -7.203732 16.250956
v 10.315273 -7.203732 16.541086
v 10.310379 -7.203732 16.772430
v 10.303391 -7.203732 16.952499
v 10.293941 -7.203732 17.088802
v 10.281662 -7.203732 17.188850
v 10.266190 -7.203732 17.260153
v 10.247154 -7.203732 17.310221
v 10.224190 -7.203732 17.346563
v 10.196930 -7.203732 17.376690
v 10.161251 -7.203732 17.405247
v 10.093891 -7.203732 17.429058
v 9.961086 -7.203732 17.448553
v 9.729076 -7.203732 17.464163
v 9.364101 -7.203732 17.476320
v 8.832401 -7.203732 17.485456
v 8.100216 -7.203732 17.492002
v 7.133789 -7.203732 17.496391
v 5.899361 -7.203732 17.499052
v 4.363169 -7.203732 17.500420
v 2.491457 -7.203732 17.500923
v 0.250465 -7.203732 17.500996
v -1.981504 -7.203732 17.500807
v -3.847561 -7.203732 17.499990
v -5.380945 -7.203732 17.498180
v -6.614901 -7.203732 17.495012
v -7.582666 -7.203732 17.490116
v -8.317484 -7.203732 17.483128
v -8.852596 -7.203732 17.473679
v -9.221243 -7.203732 17.461403
v -9.456665 -7.203732 17.445932
v -9.592104 -7.203732 17.426901
v -9.660803 -7.203732 17.403942
v -9.696001 -7.203732 17.376690
v -9.724564 -7.203732 17.336277
v -9.748379 -7.203732 17.240875
v -9.767878 -7.203732 17.036016
v -9.783491 -7.203732 16.667233
v -9.795650 -7.203732 16.080051
v -9.804789 -7.203732 15.220005
v -9.811337 -7.203732 14.032623
v -9.815725 -7.203732 12.463436
v -9.818388 -7.203732 10.457975
v -9.819756 -7.203732 7.961769
v -9.820259 -7.203732 4.920349
v -9.820332 -7.203732 1.279247
v -9.820261 -7.203732 -2.373604
v -9.819757 -7.203732 -5.422695
v -9.818390 -7.203732 -7.923077
v -9.815727 -7.203732 -9.929802
v -9.811338 -7.203732 -11.497921
v -9.804790 -7.203732 -12.682487
v -9.795652 -7.203732 -13.538551
v -9.783493 -7.203732 -14.121166
v -9.767879 -7.203732 -14.485386
v -9.748381 -7.203732 -14.686264
v -9.724566 -7.203732 -14.778851
v -9.696001 -7.203732 -14.818195
v -9.660172 -7.203732 -14.846756
v -9.592247 -7.203732 -14.870567
v -9.458315 -7.203732 -14.890060
v -9.224464 -7.203732 -14.905670
v -8.856785 -7.203732 -14.917828
v -8.321367 -7.203732 -14.926964
v -7.584301 -7.203732 -14.933510
v -6.611675 -7.203732 -14.937897
v -5.369579 -7.203732 -14.940559
v -3.824102 -7.203732 -14.941925
v -1.941336 -7.203732 -14.942429
v 0.312632 -7.203732 -14.942501
v 2.566597 -7.203732 -14.942425
v 2.566597 -6.004926 -14.942425
v 4.449364 -7.203732 -14.941921
v 4.449364 -6.004926 -14.941921
v 5.994839 -7.203732 -14.940556
v 5.994839 -6.004926 -14.940556
v 7.236935 -7.203732 -14.937893
v 7.236935 -6.004926 -14.937893
v 8.209560 -7.203732 -14.933506
v 8.209560 -6.004926 -14.933506
v 8.946629 -7.203732 -14.926960
v 8.946629 -6.004926 -14.926960
v 9.482044 -7.203732 -14.917824
v 9.482044 -6.004926 -14.917824
v 9.849724 -7.203732 -14.905666
v 9.849724 -6.004926 -14.905666
v 10.083576 -7.203732 -14.890057
v 10.083576 -6.004926 -14.890057
v 10.217510 -7.203732 -14.870564
v 10.217510 -6.004926 -14.870564
v 10.285435 -7.203732 -14.846752
v 10.285435 -6.004926 -14.846752
v 10.321262 -7.203732 -14.818195
v 10.321262 -6.004926 -14.818195
v 10.348522 -7.203732 -14.788109
v 10.348522 -6.004926 -14.788109
v 10.371487 -7.203732 -14.752018
v 10.371487 -6.004926 -14.752018
v 10.390522 -7.203732 -14.702633
v 10.390522 -6.004926 -14.702633
v 10.405994 -7.203732 -14.632660
v 10.405994 -6.004926 -14.632660
v 10.418274 -7.203732 -14.534805
v 10.418274 -6.004926 -14.534805
v 10.427723 -7.203732 -14.401775
v 10.427723 -6.004926 -14.401775
v 10.434711 -7.203732 -14.226276
v 10.434711 -6.004926 -14.226276
v 10.439606 -7.203732 -14.001011
v 10.439606 -6.004926 -14.001011
v 10.442776 -7.203732 -13.718685
v 10.442776 -6.004926 -13.718685
v 10.444584 -7.203732 -13.372005
v 10.444584 -6.004926 -13.372005
v 10.445400 -7.203732 -12.953678
v 10.445400 -6.004926 -12.953678
v 10.445591 -7.203732 -12.456409
v 10.445591 -6.004926 -12.456409
v 10.445400 -7.203732 -11.959148
v 10.445400 -6.004926 -11.959148
v 10.444584 -7.203732 -11.540821
v 10.444584 -6.004926 -11.540821
v 10.442776 -7.203732 -11.194141
v 10.442776 -6.004926 -11.194141
v 10.439606 -7.203732 -10.911816
v 10.439606 -6.004926 -10.911816
v 10.434711 -7.203732 -10.686550
v 10.434711 -6.004926 -10.686550
v 10.427723 -7.203732 -10.511047
v 10.427723 -6.004926 -10.511047
v 10.418274 -7.203732 -10.378017
v 10.418274 -6.004926 -10.378017
v 10.405994 -7.203732 -10.280163
v 10.405994 -6.004926 -10.280163
v 10.390522 -7.203732 -10.210190
v 10.390522 -6.004926 -10.210190
v 10.371487 -7.203732 -10.160805
v 10.371487 -6.004926 -10.160805
v 10.348522 -7.203732 -10.124714
v 10.348522 -6.004926 -10.124714
v 10.321262 -7.203732 -10.094624
v 10.321262 -6.004926 -10.094624
v 10.286770 -7.203732 -10.066063
v 10.286770 -6.004926 -10.066063
v 10.228161 -7.203732 -10.042252
v 10.228161 -6.004926 -10.042252
v 10.119518 -7.203732 -10.022758
v 10.119518 -6.004926 -10.022758
v 9.934917 -7.203732 -10.007149
v 9.934917 -6.004926 -10.007149
v 9.648434 -7.203732 -9.994991
v 9.648434 -6.004926 -9.994991
v 9.234146 -7.203732 -9.985855
v 9.234146 -6.004926 -9.985855
v 8.666126 -7.203732 -9.979309
v 8.666126 -6.004926 -9.979309
v 7.918453 -7.203732 -9.974922
v 7.918453 -6.004926 -9.974922
v 6.965202 -7.203732 -9.972260
v 6.965202 -6.004926 -9.972260
v 5.780453 -7.203732 -9.970894
v 5.780453 -6.004926 -9.970894
v 4.338276 -7.203732 -9.970390
v 4.338276 -6.004926 -9.970390
v 2.612751 -7.203732 -9.970318
v 2.612751 -6.004926 -9.970318
v -4.971430 -7.203732 -9.970318
v -4.971430 -6.004926 -9.970318
v -4.971430 -7.203732 -5.806114
v -4.971430 -6.004926 -5.806114
v -4.971430 -7.203732 -1.641907
v -4.971430 -6.004926 -1.641907
v -4.872347 -7.203732 -1.641907
v -4.872347 -6.004926 -1.641907
v -4.598431 -7.203732 -1.641907
v -4.598431 -6.004926 -1.641907
v -4.184643 -7.203732 -1.641907
v -4.184643 -6.004926 -1.641907
v -3.665951 -7.203732 -1.641907
v -3.665951 -6.004926 -1.641907
v -3.077322 -7.203732 -1.641907
v -3.077322 -6.004926 -1.641907
v -2.453726 -7.203732 -1.641907
v -2.453726 -6.004926 -1.641907
v -1.830130 -7.203732 -1.641907
v -1.830130 -6.004926 -1.641907
v -1.241501 -7.203732 -1.641907
v -1.241501 -6.004926 -1.641907
v -0.722809 -7.203732 -1.641907
v -0.722809 -6.004926 -1.641907
v -0.309021 -7.203732 -1.641907
v -0.309021 -6.004926 -1.641907
v -0.035105 -7.203732 -1.641907
v -0.035105 -6.004926 -1.641907
v 0.063971 -7.203732 -1.641907
v 0.063971 -6.004926 -1.641907
v 1.203922 -7.203732 -1.641834
v 1.203922 -6.004926 -1.641834
v 2.157877 -7.203732 -1.641331
v 2.157877 -6.004926 -1.641331
v 2.942905 -7.203732 -1.639965
v 2.942905 -6.004926 -1.639965
v 3.576082 -7.203732 -1.637302
v 3.576082 -6.004926 -1.637302
v 4.074482 -7.203732 -1.632915
v 4.074482 -6.004926 -1.632915
v 4.455177 -7.203732 -1.626369
v 4.455177 -6.004926 -1.626369
v 4.735241 -7.203732 -1.617233
v 4.735241 -6.004926 -1.617233
v 4.931751 -7.203732 -1.605076
v 4.931751 -6.004926 -1.605076
v 5.061779 -7.203732 -1.589466
v 5.061779 -6.004926 -1.589466
v 5.142395 -7.203732 -1.569973
v 5.142395 -6.004926 -1.569973
v 5.190678 -7.203732 -1.546162
v 5.190678 -6.004926 -1.546162
v 5.223701 -7.203732 -1.517605
v 5.223701 -6.004926 -1.517605
v 5.250961 -7.203732 -1.487659
v 5.250961 -6.004926 -1.487659
v 5.273922 -7.203732 -1.452576
v 5.273922 -6.004926 -1.452576
v 5.292957 -7.203732 -1.405926
v 5.292957 -6.004926 -1.405926
v 5.308430 -7.203732 -1.341278
v 5.308430 -6.004926 -1.341278
v 5.320709 -7.203732 -1.252201
v 5.320709 -6.004926 -1.252201
v 5.330158 -7.203732 -1.132263
v 5.330158 -6.004926 -1.132263
v 5.337147 -7.203732 -0.975033
v 5.337147 -6.004926 -0.975033
v 5.342045 -7.203732 -0.774082
v 5.342045 -6.004926 -0.774082
v 5.345215 -7.203732 -0.522976
v 5.345215 -6.004926 -0.522976
v 5.347023 -7.203732 -0.215286
v 5.347023 -6.004926 -0.215286
v 5.347839 -7.203732 0.155418
v 5.347839 -6.004926 0.155418
v 5.348030 -7.203732 0.595570
v 5.348030 -6.004926 0.595570
v 5.347836 -7.203732 1.035728
v 5.347836 -6.004926 1.035728
v 5.347019 -7.203732 1.406433
v 5.347019 -6.004926 1.406433
v 5.345211 -7.203732 1.714123
v 5.345211 -6.004926 1.714123
v 5.342041 -7.203732 1.965229
v 5.342041 -6.004926 1.965229
v 5.337143 -7.203732 2.166180
v 5.337143 -6.004926 2.166180
v 5.330154 -7.203732 2.323410
v 5.330154 -6.004926 2.323410
v 5.320705 -7.203732 2.443348
v 5.320705 -6.004926 2.443348
v 5.308426 -7.203732 2.532425
v 5.308426 -6.004926 2.532425
v 5.292953 -7.203732 2.597073
v 5.292953 -6.004926 2.597073
v 5.273918 -7.203732 2.643723
v 5.273918 -6.004926 2.643723
v 5.250957 -7.203732 2.678806
v 5.250957 -6.004926 2.678806
v 5.223701 -7.203732 2.708752
v 5.223701 -6.004926 2.708752
v 5.190670 -7.203732 2.737309
v 5.190670 -6.004926 2.737309
v 5.142387 -7.203732 2.761120
v 5.142387 -6.004926 2.761120
v 5.061771 -7.203732 2.780613
v 5.061771 -6.004926 2.780613
v 4.931747 -7.203732 2.796223
v 4.931747 -6.004926 2.796223
v 4.735241 -7.203732 2.808380
v 4.735241 -6.004926 2.808380
v 4.455177 -7.203732 2.817516
v 4.455177 -6.004926 2.817516
v 4.074482 -7.203732 2.824062
v 4.074482 -6.004926 2.824062
v 3.576084 -7.203732 2.828451
v 3.576084 -6.004926 2.828451
v 2.942907 -7.203732 2.831112
v 2.942907 -6.004926 2.831112
v 2.157879 -7.203732 2.832479
v 2.157879 -6.004926 2.832479
v 1.203924 -7.203732 2.832983
v 1.203924 -6.004926 2.832983
v 0.063971 -7.203732 2.833055
v 0.063971 -6.004926 2.833055
v -4.971430 -7.203732 2.833055
v -4.971430 -6.004926 2.833055
v -4.971430 -7.203732 7.618782
v -4.971430 -6.004926 7.618782
v -4.971430 -7.203732 12.404507
v -4.971430 -6.004926 12.404507
v -4.823427 -7.203732 12.404507
v -4.823427 -6.004926 12.404507
v -4.414244 -7.203732 12.404507
v -4.414244 -6.004926 12.404507
v -3.796116 -7.203732 12.404507
v -3.796116 -6.004926 12.404507
v -3.021278 -7.203732 12.404507
v -3.021278 -6.004926 12.404507
v -2.141968 -7.203732 12.404507
v -2.141968 -6.004926 12.404507
v -1.210423 -7.203732 12.404507
v -1.210423 -6.004926 12.404507
v -0.278877 -7.203732 12.404507
v -0.278877 -6.004926 12.404507
v 0.600433 -7.203732 12.404507
v 0.600433 -6.004926 12.404507
v 1.375271 -7.203732 12.404507
v 1.375271 -6.004926 12.404507
v 1.993399 -7.203732 12.404507
v 1.993399 -6.004926 12.404507
v 2.402582 -7.203732 12.404507
v 2.402582 -6.004926 12.404507
v 2.550585 -7.203732 12.404507
v 2.550585 -6.004926 12.404507
v 4.261827 -7.203732 12.404577
v 4.261827 -6.004926 12.404577
v 5.692097 -7.203732 12.405081
v 5.692097 -6.004926 12.405081
v 6.867100 -7.203732 12.406448
v 6.867100 -6.004926 12.406448
v 7.812542 -7.203732 12.409109
v 7.812542 -6.004926 12.409109
v 8.554134 -7.203732 12.413498
v 8.554134 -6.004926 12.413498
v 9.117584 -7.203732 12.420044
v 9.117584 -6.004926 12.420044
v 9.528599 -7.203732 12.429180
v 9.528599 -6.004926 12.429180
v 9.812885 -7.203732 12.441338
v 9.812885 -6.004926 12.441338
v 9.996155 -7.203732 12.456947
v 9.996155 -6.004926 12.456947
v 10.104115 -7.203732 12.476442
v 10.104115 -6.004926 12.476442
v 10.162468 -7.203732 12.500254
v 10.162468 -6.004926 12.500254
v 10.196930 -7.203732 12.528812
v 10.196930 -6.004926 12.528812
v 10.224194 -7.203732 12.558941
v 10.224194 -6.004926 12.558941
v 10.247158 -7.203732 12.595282
v 10.247158 -6.004926 12.595282
v 10.266193 -7.203732 12.645350
v 10.266193 -6.004926 12.645350
v 10.281666 -7.203732 12.716652
v 10.281666 -6.004926 12.716652
v 10.293945 -7.203732 12.816700
v 10.293945 -6.004926 12.816700
v 10.303394 -7.203732 12.953003
v 10.303394 -6.004926 12.953003
v 10.310383 -7.203732 13.133072
v 10.310383 -6.004926 13.133072
v 10.315277 -7.203732 13.364416
v 10.315277 -6.004926 13.364416
v 10.318447 -7.203732 13.654547
v 10.318447 -6.004926 13.654547
v 10.320255 -7.203732 14.010973
v 10.320255 -6.004926 14.010973
v 10.321072 -7.203732 14.441204
v 10.321072 -6.004926 14.441204
v 10.321262 -7.203732 14.952751
v 10.321262 -6.004926 14.952751
v 10.321068 -7.203732 15.464298
v 10.321068 -6.004926 15.464298
v 10.320251 -7.203732 15.894529
v 10.320251 -6.004926 15.894529
v 10.318443 -7.203732 16.250956
v 10.318443 -6.004926 16.250956
v 10.315273 -7.203732 16.541086
v 10.315273 -6.004926 16.541086
v 10.310379 -7.203732 16.772430
v 10.310379 -6.004926 16.772430
v 10.303391 -7.203732 16.952499
v 10.303391 -6.004926 16.952499
v 10.293941 -7.203732 17.088802
v 10.293941 -6.004926 17.088802
v 10.281662 -7.203732 17.188850
v 10.281662 -6.004926 17.188850
v 10.266190 -7.203732 17.260153
v 10.266190 -6.004926 17.260153
v 10.247154 -7.203732 17.310221
v 10.247154 -6.004926 17.310221
v 10.224190 -7.203732 17.346563
v 10.224190 -6.004926 17.346563
v 10.196930 -7.203732 17.376690
v 10.196930 -6.004926 17.376690
v 10.161251 -7.203732 17.405247
v 10.161251 -6.004926 17.405247
v 10.093891 -7.203732 17.429058
v 10.093891 -6.004926 17.429058
v 9.961086 -7.203732 17.448553
v 9.961086 -6.004926 17.448553
v 9.729076 -7.203732 17.464163
v 9.729076 -6.004926 17.464163
v 9.364101 -7.203732 17.476320
v 9.364101 -6.004926 17.476320
v 8.832401 -7.203732 17.485456
v 8.832401 -6.004926 17.485456
v 8.100216 -7.203732 17.492002
v 8.100216 -6.004926 17.492002
v 7.133789 -7.203732 17.496391
v 7.133789 -6.004926 17.496391
v 5.899361 -7.203732 17.499052
v 5.899361 -6.004926 17.499052
v 4.363169 -7.203732 17.500420
v 4.363169 -6.004926 17.500420
v 2.491457 -7.203732 17.500923
v 2.491457 -6.004926 17.500923
v 0.250465 -7.203732 17.500996
v 0.250465 -6.004926 17.500996
v -1.981504 -7.203732 17.500807
v -1.981504 -6.004926 17.500807
v -3.847561 -7.203732 17.499990
v -3.847561 -6.004926 17.499990
v -5.380945 -7.203732 17.498180
v -5.380945 -6.004926 17.498180
v -6.614901 -7.203732 17.495012
v -6.614901 -6.004926 17.495012
v -7.582666 -7.203732 17.490116
v -7.582666 -6.004926 17.490116
v -8.317484 -7.203732 17.483128
v -8.317484 -6.004926 17.483128
v -8.852596 -7.203732 17.473679
v -8.852596 -6.004926 17.473679
v -9.221243 -7.203732 17.461403
v -9.221243 -6.004926 17.461403
v -9.456665 -7.203732 17.445932
v -9.456665 -6.004926 17.445932
v -9.592104 -7.203732 17.426901
v -9.592104 -6.004926 17.426901
v -9.660803 -7.203732 17.403942
v -9.660803 -6.004926 17.403942
v -9.696001 -7.203732 17.376690
v -9.696001 -6.004926 17.376690
v -9.724564 -7.203732 17.336277
v -9.724564 -6.004926 17.336277
v -9.748379 -7.203732 17.240875
v -9.748379 -6.004926 17.240875
v -9.767878 -7.203732 17.036016
v -9.767878 -6.004926 17.036016
v -9.783491 -7.203732 16.667233
v -9.783491 -6.004926 16.667233
v -9.795650 -7.203732 16.080051
v -9.795650 -6.004926 16.080051
v -9.804789 -7.203732 15.220005
v -9.804789 -6.004926 15.220005
v -9.811337 -7.203732 14.032623
v -9.811337 -6.004926 14.032623
v -9.815725 -7.203732 12.463436
v -9.815725 -6.004926 12.463436
v -9.818388 -7.203732 10.457975
v -9.818388 -6.004926 10.457975
v -9.819756 -7.203732 7.961769
v -9.819756 -6.004926 7.961769
v -9.820259 -7.203732 4.920349
v -9.820259 -6.004926 4.920349
v -9.820332 -7.203732 1.279247
v -9.820332 -6.004926 1.279247
v -9.820261 -7.203732 -2.373604
v -9.820261 -6.004926 -2.373604
v -9.819757 -7.203732 -5.422695
v -9.819757 -6.004926 -5.422695
v -9.818390 -7.203732 -7.923077
v -9.818390 -6.004926 -7.923077
v -9.815727 -7.203732 -9.929802
v -9.815727 -6.004926 -9.929802
v -9.811338 -7.203732 -11.497921
v -9.811338 -6.004926 -11.497921
v -9.804790 -7.203732 -12.682487
v -9.804790 -6.004926 -12.682487
v -9.795652 -7.203732 -13.538551
v -9.795652 -6.004926 -13.538551
v -9.783493 -7.203732 -14.121166
v -9.783493 -6.004926 -14.121166
v -9.767879 -7.203732 -14.485386
v -9.767879 -6.004926 -14.485386
v -9.748381 -7.203732 -14.686264
v -9.748381 -6.004926 -14.686264
v -9.724566 -7.203732 -14.778851
v -9.724566 -6.004926 -14.778851
v -9.696001 -7.203732 -14.818195
v -9.696001 -6.004926 -14.818195
v -9.660172 -7.203732 -14.846756
v -9.660172 -6.004926 -14.846756
v -9.592247 -7.203732 -14.870567
v -9.592247 -6.004926 -14.870567
v -9.458315 -7.203732 -14.890060
v -9.458315 -6.004926 -14.890060
v -9.224464 -7.203732 -14.905670
v -9.224464 -6.004926 -14.905670
v -8.856785 -7.203732 -14.917828
v -8.856785 -6.004926 -14.917828
v -8.321367 -7.203732 -14.926964
v -8.321367 -6.004926 -14.926964
v -7.584301 -7.203732 -14.933510
v -7.584301 -6.004926 -14.933510
v -6.611675 -7.203732 -14.937897
v -6.611675 -6.004926 -14.937897
v -5.369579 -7.203732 -14.940559
v -5.369579 -6.004926 -14.940559
v -3.824102 -7.203732 -14.941925
v -3.824102 -6.004926 -14.941925
v -1.941336 -7.203732 -14.942429
v -1.941336 -6.004926 -14.942429
v 0.312632 -7.203732 -14.942501
v 0.312632 -6.004926 -14.942501
vn -0.0000 1.0000 -0.0000
vn -0.0000 -1.0000 -0.0000
vn 0.0002 -0.0000 -1.0000
vn 0.0006 -0.0000 -1.0000
vn 0.0015 -0.0000 -1.0000
vn 0.0033 -0.0000 -1.0000
vn 0.0067 -0.0000 -1.0000
vn 0.0130 -0.0000 -0.9999
vn 0.0251 -0.0000 -0.9997
vn 0.0498 -0.0000 -0.9988
vn 0.1054 -0.0000 -0.9944
vn 0.2385 -0.0000 -0.9711
vn 0.4839 -0.0000 -0.8751
vn 0.6844 -0.0000 -0.7291
vn 0.7952 -0.0000 -0.6063
vn 0.8928 -0.0000 -0.4505
vn 0.9574 -0.0000 -0.2886
vn 0.9854 -0.0000 -0.1704
vn 0.9952 -0.0000 -0.0977
vn 0.9985 -0.0000 -0.0553
vn 0.9995 -0.0000 -0.0308
vn 0.9999 -0.0000 -0.0165
vn 1.0000 -0.0000 -0.0082
vn 1.0000 -0.0000 -0.0036
vn 1.0000 -0.0000 -0.0012
vn 1.0000 -0.0000 -0.0000
vn 1.0000 -0.0000 0.0012
vn 1.0000 -0.0000 0.0036
vn 1.0000 -0.0000 0.0082
vn 0.9999 -0.0000 0.0165
vn 0.9995 -0.0000 0.0308
vn 0.9985 -0.0000 0.0553
vn 0.9952 -0.0000 0.0977
vn 0.9854 -0.0000 0.1704
vn 0.9574 -0.0000 0.2886
vn 0.8928 -0.0000 0.4505
vn 0.7953 -0.0000 0.6063
vn 0.6912 -0.0000 0.7227
vn 0.5131 -0.0000 0.8584
vn 0.2780 -0.0000 0.9606
vn 0.1306 -0.0000 0.9914
vn 0.0633 -0.0000 0.9980
vn 0.0322 -0.0000 0.9995
vn 0.0168 -0.0000 0.9999
vn 0.0087 -0.0000 1.0000
vn 0.0043 -0.0000 1.0000
vn 0.0020 -0.0000 1.0000
vn 0.0008 -0.0000 1.0000
vn 0.0002 -0.0000 1.0000
vn -0.0000 -0.0000 1.0000
vn 0.7071 -0.0000 0.7071
vn 0.7071 -0.0000 -0.7071
vn -0.0000 -0.0000 -1.0000
vn 0.0003 -0.0000 -1.0000
vn 0.0011 -0.0000 -1.0000
vn 0.0030 -0.0000 -1.0000
vn 0.0065 -0.0000 -1.0000
vn 0.0249 -0.0000 -0.9997
vn 0.0472 -0.0000 -0.9989
vn 0.0905 -0.0000 -0.9959
vn 0.1774 -0.0000 -0.9841
vn 0.3407 -0.0000 -0.9402
vn 0.5527 -0.0000 -0.8334
vn 0.6980 -0.0000 -0.7161
vn 0.7906 -0.0000 -0.6123
vn 0.8854 -0.0000 -0.4649
vn 0.9520 -0.0000 -0.3062
vn 0.9828 -0.0000 -0.1849
vn 0.9942 -0.0000 -0.1076
vn 0.9981 -0.0000 -0.0615
vn 0.9994 -0.0000 -0.0344
vn 0.9998 -0.0000 -0.0185
vn 1.0000 -0.0000 -0.0092
vn 1.0000 -0.0000 -0.0040
vn 1.0000 -0.0000 -0.0013
vn 1.0000 -0.0000 0.0013
vn 1.0000 -0.0000 0.0040
vn 1.0000 -0.0000 0.0092
vn 0.9998 -0.0000 0.0185
vn 0.9994 -0.0000 0.0344
vn 0.9981 -0.0000 0.0615
vn 0.9942 -0.0000 0.1076
vn 0.9828 -0.0000 0.1849
vn 0.9520 -0.0000 0.3062
vn 0.8854 -0.0000 0.4648
vn 0.7906 -0.0000 0.6123
vn 0.6980 -0.0000 0.7161
vn 0.5526 -0.0000 0.8334
vn 0.3407 -0.0000 0.9402
vn 0.1774 -0.0000 0.9841
vn 0.0905 -0.0000 0.9959
vn 0.0472 -0.0000 0.9989
vn 0.0249 -0.0000 0.9997
vn 0.0130 -0.0000 0.9999
vn 0.0065 -0.0000 1.0000
vn 0.0030 -0.0000 1.0000
vn 0.0011 -0.0000 1.0000
vn 0.0003 -0.0000 1.0000
vn 0.0008 -0.0000 -1.0000
vn 0.0020 -0.0000 -1.0000
vn 0.0044 -0.0000 -1.0000
vn 0.0088 -0.0000 -1.0000
vn 0.0169 -0.0000 -0.9999
vn 0.0325 -0.0000 -0.9995
vn 0.0638 -0.0000 -0.9980
vn 0.1314 -0.0000 -0.9913
vn 0.2793 -0.0000 -0.9602
vn 0.5139 -0.0000 -0.8579
vn 0.6916 -0.0000 -0.7223
vn 0.7964 -0.0000 -0.6048
vn 0.8945 -0.0000 -0.4470
vn 0.9587 -0.0000 -0.2845
vn 0.9859 -0.0000 -0.1671
vn 0.9954 -0.0000 -0.0955
vn 0.9985 -0.0000 -0.0540
vn 0.9996 -0.0000 -0.0300
vn 0.9999 -0.0000 -0.0160
vn 1.0000 -0.0000 -0.0080
vn 1.0000 -0.0000 -0.0035
vn 1.0000 -0.0000 -0.0011
vn 1.0000 -0.0000 0.0011
vn 1.0000 -0.0000 0.0035
vn 1.0000 -0.0000 0.0080
vn 0.9999 -0.0000 0.0160
vn 0.9996 -0.0000 0.0300
vn 0.9985 -0.0000 0.0540
vn 0.9954 -0.0000 0.0955
vn 0.9859 -0.0000 0.1671
vn 0.9587 -0.0000 0.2845
vn 0.8945 -0.0000 0.4470
vn 0.7964 -0.0000 0.6048
vn 0.6854 -0.0000 0.7282
vn 0.4859 -0.0000 0.8740
vn 0.2404 -0.0000 0.9707
vn 0.1063 -0.0000 0.9943
vn 0.0502 -0.0000 0.9987
vn 0.0252 -0.0000 0.9997
vn 0.0131 -0.0000 0.9999
vn 0.0067 -0.0000 1.0000
vn 0.0033 -0.0000 1.0000
vn 0.0015 -0.0000 1.0000
vn 0.0006 -0.0000 1.0000
vn -0.0003 -0.0000 1.0000
vn -0.0008 -0.0000 1.0000
vn -0.0019 -0.0000 1.0000
vn -0.0038 -0.0000 1.0000
vn -0.0073 -0.0000 1.0000
vn -0.0136 -0.0000 0.9999
vn -0.0255 -0.0000 0.9997
vn -0.0494 -0.0000 0.9988
vn -0.1024 -0.0000 0.9947
vn -0.2290 -0.0000 0.9734
vn -0.4712 -0.0000 0.8820
vn -0.7223 -0.0000 0.6915
vn -0.9090 -0.0000 0.4168
vn -0.9856 -0.0000 0.1690
vn -0.9976 -0.0000 0.0685
vn -0.9995 -0.0000 0.0315
vn -0.9999 -0.0000 0.0157
vn -1.0000 -0.0000 0.0081
vn -1.0000 -0.0000 0.0042
vn -1.0000 -0.0000 0.0021
vn -1.0000 -0.0000 0.0009
vn -1.0000 -0.0000 0.0004
vn -1.0000 -0.0000 0.0001
vn -1.0000 -0.0000 -0.0000
vn -1.0000 -0.0000 -0.0001
vn -1.0000 -0.0000 -0.0004
vn -1.0000 -0.0000 -0.0009
vn -1.0000 -0.0000 -0.0021
vn -1.0000 -0.0000 -0.0042
vn -1.0000 -0.0000 -0.0081
vn -0.9999 -0.0000 -0.0158
vn -0.9995 -0.0000 -0.0319
vn -0.9976 -0.0000 -0.0697
vn -0.9849 -0.0000 -0.1734
vn -0.9048 -0.0000 -0.4258
vn -0.7229 -0.0000 -0.6910
vn -0.4839 -0.0000 -0.8751
vn -0.2385 -0.0000 -0.9711
vn -0.1054 -0.0000 -0.9944
vn -0.0498 -0.0000 -0.9988
vn -0.0251 -0.0000 -0.9997
vn -0.0130 -0.0000 -0.9999
vn -0.0067 -0.0000 -1.0000
vn -0.0033 -0.0000 -1.0000
vn -0.0015 -0.0000 -1.0000
vn -0.0006 -0.0000 -1.0000
vn -0.0001 -0.0000 -1.0000
vt 0.995475 0.000000
vt 0.000000 0.000000
vt 1.000000 0.000000
vt 0.990950 0.000000
vt 0.004525 0.000000
vt 0.986425 0.000000
vt 0.009050 0.000000
vt 0.981900 0.000000
vt 0.013575 0.000000
vt 0.977376 0.000000
vt 0.018100 0.000000
vt 0.972851 0.000000
vt 0.022624 0.000000
vt 0.968326 0.000000
vt 0.027149 0.000000
vt 0.963801 0.000000
vt 0.031674 0.000000
vt 0.959276 0.000000
vt 0.036199 0.000000
vt 0.954751 0.000000
vt 0.040724 0.000000
vt 0.950226 0.000000
vt 0.045249 0.000000
vt 0.945701 0.000000
vt 0.049774 0.000000
vt 0.941176 0.000000
vt 0.054299 0.000000
vt 0.058824 0.000000
vt 0.936652 0.000000
vt 0.063348 0.000000
vt 0.067873 0.000000
vt 0.932127 0.000000
vt 0.072398 0.000000
vt 0.076923 0.000000
vt 0.927602 0.000000
vt 0.081448 0.000000
vt 0.085973 0.000000
vt 0.923077 0.000000
vt 0.090498 0.000000
vt 0.095023 0.000000
vt 0.918552 0.000000
vt 0.099548 0.000000
vt 0.104072 0.000000
vt 0.914027 0.000000
vt 0.108597 0.000000
vt 0.113122 0.000000
vt 0.117647 0.000000
vt 0.909502 0.000000
vt 0.122172 0.000000
vt 0.126697 0.000000
vt 0.131222 0.000000
vt 0.135747 0.000000
vt 0.140271 0.000000
vt 0.144796 0.000000
vt 0.149321 0.000000
vt 0.153846 0.000000
vt 0.217195 0.000000
vt 0.158371 0.000000
vt 0.162896 0.000000
vt 0.167421 0.000000
vt 0.171946 0.000000
vt 0.176471 0.000000
vt 0.180995 0.000000
vt 0.185520 0.000000
vt 0.190045 0.000000
vt 0.194570 0.000000
vt 0.199095 0.000000
vt 0.203620 0.000000
vt 0.208145 0.000000
vt 0.212670 0.000000
vt 0.221719 0.000000
vt 0.904977 0.000000
vt 0.900452 0.000000
vt 0.226244 0.000000
vt 0.895928 0.000000
vt 0.891403 0.000000
vt 0.230769 0.000000
vt 0.235294 0.000000
vt 0.239819 0.000000
vt 0.244344 0.000000
vt 0.248869 0.000000
vt 0.253394 0.000000
vt 0.257919 0.000000
vt 0.262443 0.000000
vt 0.266968 0.000000
vt 0.271493 0.000000
vt 0.276018 0.000000
vt 0.280543 0.000000
vt 0.285068 0.000000
vt 0.289593 0.000000
vt 0.294118 0.000000
vt 0.298643 0.000000
vt 0.303167 0.000000
vt 0.307692 0.000000
vt 0.312217 0.000000
vt 0.316742 0.000000
vt 0.321267 0.000000
vt 0.325792 0.000000
vt 0.330317 0.000000
vt 0.334842 0.000000
vt 0.339367 0.000000
vt 0.343891 0.000000
vt 0.348416 0.000000
vt 0.352941 0.000000
vt 0.357466 0.000000
vt 0.361991 0.000000
vt 0.366516 0.000000
vt 0.371041 0.000000
vt 0.375566 0.000000
vt 0.380091 0.000000
vt 0.384615 0.000000
vt 0.389140 0.000000
vt 0.393665 0.000000
vt 0.398190 0.000000
vt 0.886878 0.000000
vt 0.502262 0.000000
vt 0.402715 0.000000
vt 0.407240 0.000000
vt 0.411765 0.000000
vt 0.416290 0.000000
vt 0.420814 0.000000
vt 0.425339 0.000000
vt 0.429864 0.000000
vt 0.434389 0.000000
vt 0.438914 0.000000
vt 0.443439 0.000000
vt 0.447964 0.000000
vt 0.452489 0.000000
vt 0.457014 0.000000
vt 0.461538 0.000000
vt 0.466063 0.000000
vt 0.470588 0.000000
vt 0.475113 0.000000
vt 0.479638 0.000000
vt 0.484163 0.000000
vt 0.488688 0.000000
vt 0.493213 0.000000
vt 0.497738 0.000000
vt 0.506787 0.000000
vt 0.882353 0.000000
vt 0.511312 0.000000
vt 0.877828 0.000000
vt 0.873303 0.000000
vt 0.515837 0.000000
vt 0.520362 0.000000
vt 0.524887 0.000000
vt 0.529412 0.000000
vt 0.533937 0.000000
vt 0.538462 0.000000
vt 0.542986 0.000000
vt 0.547511 0.000000
vt 0.552036 0.000000
vt 0.556561 0.000000
vt 0.561086 0.000000
vt 0.565611 0.000000
vt 0.570136 0.000000
vt 0.574661 0.000000
vt 0.579186 0.000000
vt 0.583710 0.000000
vt 0.588235 0.000000
vt 0.592760 0.000000
vt 0.597285 0.000000
vt 0.601810 0.000000
vt 0.606335 0.000000
vt 0.610860 0.000000
vt 0.868778 0.000000
vt 0.615385 0.000000
vt 0.619910 0.000000
vt 0.624434 0.000000
vt 0.628959 0.000000
vt 0.633484 0.000000
vt 0.638009 0.000000
vt 0.642534 0.000000
vt 0.647059 0.000000
vt 0.651584 0.000000
vt 0.656109 0.000000
vt 0.660634 0.000000
vt 0.665158 0.000000
vt 0.669683 0.000000
vt 0.864253 0.000000
vt 0.674208 0.000000
vt 0.678733 0.000000
vt 0.859729 0.000000
vt 0.683258 0.000000
vt 0.687783 0.000000
vt 0.855204 0.000000
vt 0.692308 0.000000
vt 0.696833 0.000000
vt 0.850679 0.000000
vt 0.701357 0.000000
vt 0.705882 0.000000
vt 0.846154 0.000000
vt 0.710407 0.000000
vt 0.714932 0.000000
vt 0.841629 0.000000
vt 0.719457 0.000000
vt 0.723982 0.000000
vt 0.837104 0.000000
vt 0.728507 0.000000
vt 0.832579 0.000000
vt 0.733032 0.000000
vt 0.828054 0.000000
vt 0.737557 0.000000
vt 0.823529 0.000000
vt 0.742081 0.000000
vt 0.819005 0.000000
vt 0.746606 0.000000
vt 0.814480 0.000000
vt 0.751131 0.000000
vt 0.809955 0.000000
vt 0.755656 0.000000
vt 0.805430 0.000000
vt 0.760181 0.000000
vt 0.800905 0.000000
vt 0.764706 0.000000
vt 0.796380 0.000000
vt 0.769231 0.000000
vt 0.791855 0.000000
vt 0.773756 0.000000
vt 0.787330 0.000000
vt 0.778281 0.000000
vt 0.782805 0.000000
vt 0.000000 1.000000
vt 0.004505 1.000000
vt 0.004505 0.000000
vt 0.009009 1.000000
vt 0.009009 0.000000
vt 0.013514 1.000000
vt 0.013514 0.000000
vt 0.018018 1.000000
vt 0.018018 0.000000
vt 0.022523 1.000000
vt 0.022523 0.000000
vt 0.027027 1.000000
vt 0.027027 0.000000
vt 0.031532 1.000000
vt 0.031532 0.000000
vt 0.036036 1.000000
vt 0.036036 0.000000
vt 0.040541 1.000000
vt 0.040541 0.000000
vt 0.045045 1.000000
vt 0.045045 0.000000
vt 0.049550 1.000000
vt 0.049550 0.000000
vt 0.054054 1.000000
vt 0.054054 0.000000
vt 0.058559 1.000000
vt 0.058559 0.000000
vt 0.063063 1.000000
vt 0.063063 0.000000
vt 0.067568 1.000000
vt 0.067568 0.000000
vt 0.072072 1.000000
vt 0.072072 0.000000
vt 0.076577 1.000000
vt 0.076577 0.000000
vt 0.081081 1.000000
vt 0.081081 0.000000
vt 0.085586 1.000000
vt 0.085586 0.000000
vt 0.090090 1.000000
vt 0.090090 0.000000
vt 0.094595 1.000000
vt 0.094595 0.000000
vt 0.099099 1.000000
vt 0.099099 0.000000
vt 0.103604 1.000000
vt 0.103604 0.000000
vt 0.108108 1.000000
vt 0.108108 0.000000
vt 0.112613 1.000000
vt 0.112613 0.000000
vt 0.117117 1.000000
vt 0.117117 0.000000
vt 0.121622 1.000000
vt 0.121622 0.000000
vt 0.126126 1.000000
vt 0.126126 0.000000
vt 0.130631 1.000000
vt 0.130631 0.000000
vt 0.135135 1.000000
vt 0.135135 0.000000
vt 0.139640 1.000000
vt 0.139640 0.000000
vt 0.144144 1.000000
vt 0.144144 0.000000
vt 0.148649 1.000000
vt 0.148649 0.000000
vt 0.153153 1.000000
vt 0.153153 0.000000
vt 0.157658 1.000000
vt 0.157658 0.000000
vt 0.162162 1.000000
vt 0.162162 0.000000
vt 0.166667 1.000000
vt 0.166667 0.000000
vt 0.171171 1.000000
vt 0.171171 0.000000
vt 0.175676 1.000000
vt 0.175676 0.000000
vt 0.180180 1.000000
vt 0.180180 0.000000
vt 0.184685 1.000000
vt 0.184685 0.000000
vt 0.189189 1.000000
vt 0.189189 0.000000
vt 0.193694 1.000000
vt 0.193694 0.000000
vt 0.198198 1.000000
vt 0.198198 0.000000
vt 0.202703 1.000000
vt 0.202703 0.000000
vt 0.207207 1.000000
vt 0.207207 0.000000
vt 0.211712 1.000000
vt 0.211712 0.000000
vt 0.216216 1.000000
vt 0.216216 0.000000
vt 0.220721 1.000000
vt 0.220721 0.000000
vt 0.225225 1.000000
vt 0.225225 0.000000
vt 0.229730 1.000000
vt 0.229730 0.000000
vt 0.234234 1.000000
vt 0.234234 0.000000
vt 0.238739 1.000000
vt 0.238739 0.000000
vt 0.243243 1.000000
vt 0.243243 0.000000
vt 0.247748 1.000000
vt 0.247748 0.000000
vt 0.252252 1.000000
vt 0.252252 0.000000
vt 0.256757 1.000000
vt 0.256757 0.000000
vt 0.261261 1.000000
vt 0.261261 0.000000
vt 0.265766 1.000000
vt 0.265766 0.000000
vt 0.270270 1.000000
vt 0.270270 0.000000
vt 0.274775 1.000000
vt 0.274775 0.000000
vt 0.279279 1.000000
vt 0.279279 0.000000
vt 0.283784 1.000000
vt 0.283784 0.000000
vt 0.288288 1.000000
vt 0.288288 0.000000
vt 0.292793 1.000000
vt 0.292793 0.000000
vt 0.297297 1.000000
vt 0.297297 0.000000
vt 0.301802 1.000000
vt 0.301802 0.000000
vt 0.306306 1.000000
vt 0.306306 0.000000
vt 0.310811 1.000000
vt 0.310811 0.000000
vt 0.315315 1.000000
vt 0.315315 0.000000
vt 0.319820 1.000000
vt 0.319820 0.000000
vt 0.324324 1.000000
vt 0.324324 0.000000
vt 0.328829 1.000000
vt 0.328829 0.000000
vt 0.333333 1.000000
vt 0.333333 0.000000
vt 0.337838 1.000000
vt 0.337838 0.000000
vt 0.342342 1.000000
vt 0.342342 0.000000
vt 0.346847 1.000000
vt 0.346847 0.000000
vt 0.351351 1.000000
vt 0.351351 0.000000
vt 0.355856 1.000000
vt 0.355856 0.000000
vt 0.360360 1.000000
vt 0.360360 0.000000
vt 0.364865 1.000000
vt 0.364865 0.000000
vt 0.369369 1.000000
vt 0.369369 0.000000
vt 0.373874 1.000000
vt 0.373874 0.000000
vt 0.378378 1.000000
vt 0.378378 0.000000
vt 0.382883 1.000000
vt 0.382883 0.000000
vt 0.387387 1.000000
vt 0.387387 0.000000
vt 0.391892 1.000000
vt 0.391892 0.000000
vt 0.396396 1.000000
vt 0.396396 0.000000
vt 0.400901 1.000000
vt 0.400901 0.000000
vt 0.405405 1.000000
vt 0.405405 0.000000
vt 0.409910 1.000000
vt 0.409910 0.000000
vt 0.414414 1.000000
vt 0.414414 0.000000
vt 0.418919 1.000000
vt 0.418919 0.000000
vt 0.423423 1.000000
vt 0.423423 0.000000
vt 0.427928 1.000000
vt 0.427928 0.000000
vt 0.432432 1.000000
vt 0.432432 0.000000
vt 0.436937 1.000000
vt 0.436937 0.000000
vt 0.441441 1.000000
vt 0.441441 0.000000
vt 0.445946 1.000000
vt 0.445946 0.000000
vt 0.450450 1.000000
vt 0.450450 0.000000
vt 0.454955 1.000000
vt 0.454955 0.000000
vt 0.459459 1.000000
vt 0.459459 0.000000
vt 0.463964 1.000000
vt 0.463964 0.000000
vt 0.468468 1.000000
vt 0.468468 0.000000
vt 0.472973 1.000000
vt 0.472973 0.000000
vt 0.477477 1.000000
vt 0.477477 0.000000
vt 0.481982 1.000000
vt 0.481982 0.000000
vt 0.486486 1.000000
vt 0.486486 0.000000
vt 0.490991 1.000000
vt 0.490991 0.000000
vt 0.495495 1.000000
vt 0.495495 0.000000
vt 0.500000 1.000000
vt 0.500000 0.000000
vt 0.504505 1.000000
vt 0.504505 0.000000
vt 0.509009 1.000000
vt 0.509009 0.000000
vt 0.513514 1.000000
vt 0.513514 0.000000
vt 0.518018 1.000000
vt 0.518018 0.000000
vt 0.522523 1.000000
vt 0.522523 0.000000
vt 0.527027 1.000000
vt 0.527027 0.000000
vt 0.531532 1.000000
vt 0.531532 0.000000
vt 0.536036 1.000000
vt 0.536036 0.000000
vt 0.540541 1.000000
vt 0.540541 0.000000
vt 0.545045 1.000000
vt 0.545045 0.000000
vt 0.549550 1.000000
vt 0.549550 0.000000
vt 0.554054 1.000000
vt 0.554054 0.000000
vt 0.558559 1.000000
vt 0.558559 0.000000
vt 0.563063 1.000000
vt 0.563063 0.000000
vt 0.567568 1.000000
vt 0.567568 0.000000
vt 0.572072 1.000000
vt 0.572072 0.000000
vt 0.576577 1.000000
vt 0.576577 0.000000
vt 0.581081 1.000000
vt 0.581081 0.000000
vt 0.585586 1.000000
vt 0.585586 0.000000
vt 0.590090 1.000000
vt 0.590090 0.000000
vt 0.594595 1.000000
vt 0.594595 0.000000
vt 0.599099 1.000000
vt 0.599099 0.000000
vt 0.603604 1.000000
vt 0.603604 0.000000
vt 0.608108 1.000000
vt 0.608108 0.000000
vt 0.612613 1.000000
vt 0.612613 0.000000
vt 0.617117 1.000000
vt 0.617117 0.000000
vt 0.621622 1.000000
vt 0.621622 0.000000
vt 0.626126 1.000000
vt 0.626126 0.000000
vt 0.630631 1.000000
vt 0.630631 0.000000
vt 0.635135 1.000000
vt 0.635135 0.000000
vt 0.639640 1.000000
vt 0.639640 0.000000
vt 0.644144 1.000000
vt 0.644144 0.000000
vt 0.648649 1.000000
vt 0.648649 0.000000
vt 0.653153 1.000000
vt 0.653153 0.000000
vt 0.657658 1.000000
vt 0.657658 0.000000
vt 0.662162 1.000000
vt 0.662162 0.000000
vt 0.666667 1.000000
vt 0.666667 0.000000
vt 0.671171 1.000000
vt 0.671171 0.000000
vt 0.675676 1.000000
vt 0.675676 0.000000
vt 0.680180 1.000000
vt 0.680180 0.000000
vt 0.684685 1.000000
vt 0.684685 0.000000
vt 0.689189 1.000000
vt 0.689189 0.000000
vt 0.693694 1.000000
vt 0.693694 0.000000
vt 0.698198 1.000000
vt 0.698198 0.000000
vt 0.702703 1.000000
vt 0.702703 0.000000
vt 0.707207 1.000000
vt 0.707207 0.000000
vt 0.711712 1.000000
vt 0.711712 0.000000
vt 0.716216 1.000000
vt 0.716216 0.000000
vt 0.720721 1.000000
vt 0.720721 0.000000
vt 0.725225 1.000000
vt 0.725225 0.000000
vt 0.729730 1.000000
vt 0.729730 0.000000
vt 0.734234 1.000000
vt 0.734234 0.000000
vt 0.738739 1.000000
vt 0.738739 0.000000
vt 0.743243 1.000000
vt 0.743243 0.000000
vt 0.747748 1.000000
vt 0.747748 0.000000
vt 0.752252 1.000000
vt 0.752252 0.000000
vt 0.756757 1.000000
vt 0.756757 0.000000
vt 0.761261 1.000000
vt 0.761261 0.000000
vt 0.765766 1.000000
vt 0.765766 0.000000
vt 0.770270 1.000000
vt 0.770270 0.000000
vt 0.774775 1.000000
vt 0.774775 0.000000
vt 0.779279 1.000000
vt 0.779279 0.000000
vt 0.783784 1.000000
vt 0.783784 0.000000
vt 0.788288 1.000000
vt 0.788288 0.000000
vt 0.792793 1.000000
vt 0.792793 0.000000
vt 0.797297 1.000000
vt 0.797297 0.000000
vt 0.801802 1.000000
vt 0.801802 0.000000
vt 0.806306 1.000000
vt 0.806306 0.000000
vt 0.810811 1.000000
vt 0.810811 0.000000
vt 0.815315 1.000000
vt 0.815315 0.000000
vt 0.819820 1.000000
vt 0.819820 0.000000
vt 0.824324 1.000000
vt 0.824324 0.000000
vt 0.828829 1.000000
vt 0.828829 0.000000
vt 0.833333 1.000000
vt 0.833333 0.000000
vt 0.837838 1.000000
vt 0.837838 0.000000
vt 0.842342 1.000000
vt 0.842342 0.000000
vt 0.846847 1.000000
vt 0.846847 0.000000
vt 0.851351 1.000000
vt 0.851351 0.000000
vt 0.855856 1.000000
vt 0.855856 0.000000
vt 0.860360 1.000000
vt 0.860360 0.000000
vt 0.864865 1.000000
vt 0.864865 0.000000
vt 0.869369 1.000000
vt 0.869369 0.000000
vt 0.873874 1.000000
vt 0.873874 0.000000
vt 0.878378 1.000000
vt 0.878378 0.000000
vt 0.882883 1.000000
vt 0.882883 0.000000
vt 0.887387 1.000000
vt 0.887387 0.000000
vt 0.891892 1.000000
vt 0.891892 0.000000
vt 0.896396 1.000000
vt 0.896396 0.000000
vt 0.900901 1.000000
vt 0.900901 0.000000
vt 0.905405 1.000000
vt 0.905405 0.000000
vt 0.909910 1.000000
vt 0.909910 0.000000
vt 0.914414 1.000000
vt 0.914414 0.000000
vt 0.918919 1.000000
vt 0.918919 0.000000
vt 0.923423 1.000000
vt 0.923423 0.000000
vt 0.927928 1.000000
vt 0.927928 0.000000
vt 0.932432 1.000000
vt 0.932432 0.000000
vt 0.936937 1.000000
vt 0.936937 0.000000
vt 0.941441 1.000000
vt 0.941441 0.000000
vt 0.945946 1.000000
vt 0.945946 0.000000
vt 0.950450 1.000000
vt 0.950450 0.000000
vt 0.954955 1.000000
vt 0.954955 0.000000
vt 0.959459 1.000000
vt 0.959459 0.000000
vt 0.963964 1.000000
vt 0.963964 0.000000
vt 0.968468 1.000000
vt 0.968468 0.000000
vt 0.972973 1.000000
vt 0.972973 0.000000
vt 0.977477 1.000000
vt 0.977477 0.000000
vt 0.981982 1.000000
vt 0.981982 0.000000
vt 0.986486 1.000000
vt 0.986486 0.000000
vt 0.990991 1.000000
vt 0.990991 0.000000
vt 0.995495 1.000000
vt 0.995495 0.000000
vt 1.000000 1.000000
s 0
usemtl SVGMat.003
f 2789/3346/1272 2569/3347/1272 2790/3348/1272
f 2788/3349/1272 2569/3347/1272 2789/3346/1272
f 2788/3349/1272 2570/3350/1272 2569/3347/1272
f 2787/3351/1272 2570/3350/1272 2788/3349/1272
f 2787/3351/1272 2571/3352/1272 2570/3350/1272
f 2786/3353/1272 2571/3352/1272 2787/3351/1272
f 2786/3353/1272 2572/3354/1272 2571/3352/1272
f 2785/3355/1272 2572/3354/1272 2786/3353/1272
f 2785/3355/1272 2573/3356/1272 2572/3354/1272
f 2784/3357/1272 2573/3356/1272 2785/3355/1272
f 2784/3357/1272 2574/3358/1272 2573/3356/1272
f 2783/3359/1272 2574/3358/1272 2784/3357/1272
f 2783/3359/1272 2575/3360/1272 2574/3358/1272
f 2782/3361/1272 2575/3360/1272 2783/3359/1272
f 2782/3361/1272 2576/3362/1272 2575/3360/1272
f 2781/3363/1272 2576/3362/1272 2782/3361/1272
f 2781/3363/1272 2577/3364/1272 2576/3362/1272
f 2780/3365/1272 2577/3364/1272 2781/3363/1272
f 2780/3365/1272 2578/3366/1272 2577/3364/1272
f 2779/3367/1272 2578/3366/1272 2780/3365/1272
f 2779/3367/1272 2579/3368/1272 2578/3366/1272
f 2778/3369/1272 2579/3368/1272 2779/3367/1272
f 2778/3369/1272 2580/3370/1272 2579/3368/1272
f 2777/3371/1272 2580/3370/1272 2778/3369/1272
f 2777/3371/1272 2581/3372/1272 2580/3370/1272
f 2777/3371/1272 2582/3373/1272 2581/3372/1272
f 2776/3374/1272 2582/3373/1272 2777/3371/1272
f 2776/3374/1272 2583/3375/1272 2582/3373/1272
f 2776/3374/1272 2584/3376/1272 2583/3375/1272
f 2775/3377/1272 2584/3376/1272 2776/3374/1272
f 2775/3377/1272 2585/3378/1272 2584/3376/1272
f 2775/3377/1272 2586/3379/1272 2585/3378/1272
f 2774/3380/1272 2586/3379/1272 2775/3377/1272
f 2774/3380/1272 2587/3381/1272 2586/3379/1272
f 2774/3380/1272 2588/3382/1272 2587/3381/1272
f 2773/3383/1272 2588/3382/1272 2774/3380/1272
f 2773/3383/1272 2589/3384/1272 2588/3382/1272
f 2773/3383/1272 2590/3385/1272 2589/3384/1272
f 2772/3386/1272 2590/3385/1272 2773/3383/1272
f 2772/3386/1272 2591/3387/1272 2590/3385/1272
f 2772/3386/1272 2592/3388/1272 2591/3387/1272
f 2771/3389/1272 2592/3388/1272 2772/3386/1272
f 2771/3389/1272 2593/3390/1272 2592/3388/1272
f 2771/3389/1272 2594/3391/1272 2593/3390/1272
f 2771/3389/1272 2595/3392/1272 2594/3391/1272
f 2770/3393/1272 2595/3392/1272 2771/3389/1272
f 2770/3393/1272 2596/3394/1272 2595/3392/1272
f 2770/3393/1272 2597/3395/1272 2596/3394/1272
f 2770/3393/1272 2598/3396/1272 2597/3395/1272
f 2770/3393/1272 2599/3397/1272 2598/3396/1272
f 2770/3393/1272 2600/3398/1272 2599/3397/1272
f 2770/3393/1272 2601/3399/1272 2600/3398/1272
f 2770/3393/1272 2602/3400/1272 2601/3399/1272
f 2770/3393/1272 2603/3401/1272 2602/3400/1272
f 2770/3393/1272 2617/3402/1272 2603/3401/1272
f 2617/3402/1272 2604/3403/1272 2603/3401/1272
f 2617/3402/1272 2605/3404/1272 2604/3403/1272
f 2617/3402/1272 2606/3405/1272 2605/3404/1272
f 2617/3402/1272 2607/3406/1272 2606/3405/1272
f 2617/3402/1272 2608/3407/1272 2607/3406/1272
f 2617/3402/1272 2609/3408/1272 2608/3407/1272
f 2617/3402/1272 2610/3409/1272 2609/3408/1272
f 2617/3402/1272 2611/3410/1272 2610/3409/1272
f 2617/3402/1272 2612/3411/1272 2611/3410/1272
f 2617/3402/1272 2613/3412/1272 2612/3411/1272
f 2617/3402/1272 2614/3413/1272 2613/3412/1272
f 2617/3402/1272 2615/3414/1272 2614/3413/1272
f 2617/3402/1272 2616/3415/1272 2615/3414/1272
f 2770/3393/1272 2618/3416/1272 2617/3402/1272
f 2769/3417/1272 2618/3416/1272 2770/3393/1272
f 2768/3418/1272 2618/3416/1272 2769/3417/1272
f 2768/3418/1272 2619/3419/1272 2618/3416/1272
f 2767/3420/1272 2619/3419/1272 2768/3418/1272
f 2766/3421/1272 2619/3419/1272 2767/3420/1272
f 2766/3421/1272 2620/3422/1272 2619/3419/1272
f 2766/3421/1272 2621/3423/1272 2620/3422/1272
f 2766/3421/1272 2622/3424/1272 2621/3423/1272
f 2766/3421/1272 2623/3425/1272 2622/3424/1272
f 2766/3421/1272 2624/3426/1272 2623/3425/1272
f 2766/3421/1272 2625/3427/1272 2624/3426/1272
f 2766/3421/1272 2626/3428/1272 2625/3427/1272
f 2766/3421/1272 2627/3429/1272 2626/3428/1272
f 2766/3421/1272 2628/3430/1272 2627/3429/1272
f 2766/3421/1272 2629/3431/1272 2628/3430/1272
f 2766/3421/1272 2630/3432/1272 2629/3431/1272
f 2766/3421/1272 2631/3433/1272 2630/3432/1272
f 2766/3421/1272 2632/3434/1272 2631/3433/1272
f 2766/3421/1272 2633/3435/1272 2632/3434/1272
f 2766/3421/1272 2634/3436/1272 2633/3435/1272
f 2766/3421/1272 2635/3437/1272 2634/3436/1272
f 2766/3421/1272 2636/3438/1272 2635/3437/1272
f 2766/3421/1272 2637/3439/1272 2636/3438/1272
f 2766/3421/1272 2638/3440/1272 2637/3439/1272
f 2766/3421/1272 2639/3441/1272 2638/3440/1272
f 2766/3421/1272 2640/3442/1272 2639/3441/1272
f 2766/3421/1272 2641/3443/1272 2640/3442/1272
f 2766/3421/1272 2642/3444/1272 2641/3443/1272
f 2766/3421/1272 2643/3445/1272 2642/3444/1272
f 2766/3421/1272 2644/3446/1272 2643/3445/1272
f 2766/3421/1272 2645/3447/1272 2644/3446/1272
f 2766/3421/1272 2646/3448/1272 2645/3447/1272
f 2766/3421/1272 2647/3449/1272 2646/3448/1272
f 2766/3421/1272 2648/3450/1272 2647/3449/1272
f 2766/3421/1272 2649/3451/1272 2648/3450/1272
f 2766/3421/1272 2650/3452/1272 2649/3451/1272
f 2766/3421/1272 2651/3453/1272 2650/3452/1272
f 2766/3421/1272 2652/3454/1272 2651/3453/1272
f 2766/3421/1272 2653/3455/1272 2652/3454/1272
f 2766/3421/1272 2654/3456/1272 2653/3455/1272
f 2766/3421/1272 2655/3457/1272 2654/3456/1272
f 2766/3421/1272 2656/3458/1272 2655/3457/1272
f 2766/3421/1272 2657/3459/1272 2656/3458/1272
f 2765/3460/1272 2680/3461/1272 2766/3421/1272
f 2680/3461/1272 2657/3459/1272 2766/3421/1272
f 2680/3461/1272 2658/3462/1272 2657/3459/1272
f 2680/3461/1272 2659/3463/1272 2658/3462/1272
f 2680/3461/1272 2660/3464/1272 2659/3463/1272
f 2680/3461/1272 2661/3465/1272 2660/3464/1272
f 2680/3461/1272 2662/3466/1272 2661/3465/1272
f 2680/3461/1272 2663/3467/1272 2662/3466/1272
f 2680/3461/1272 2664/3468/1272 2663/3467/1272
f 2680/3461/1272 2665/3469/1272 2664/3468/1272
f 2680/3461/1272 2666/3470/1272 2665/3469/1272
f 2680/3461/1272 2667/3471/1272 2666/3470/1272
f 2680/3461/1272 2668/3472/1272 2667/3471/1272
f 2680/3461/1272 2669/3473/1272 2668/3472/1272
f 2680/3461/1272 2670/3474/1272 2669/3473/1272
f 2680/3461/1272 2671/3475/1272 2670/3474/1272
f 2680/3461/1272 2672/3476/1272 2671/3475/1272
f 2680/3461/1272 2673/3477/1272 2672/3476/1272
f 2680/3461/1272 2674/3478/1272 2673/3477/1272
f 2680/3461/1272 2675/3479/1272 2674/3478/1272
f 2680/3461/1272 2676/3480/1272 2675/3479/1272
f 2680/3461/1272 2677/3481/1272 2676/3480/1272
f 2680/3461/1272 2678/3482/1272 2677/3481/1272
f 2680/3461/1272 2679/3483/1272 2678/3482/1272
f 2765/3460/1272 2681/3484/1272 2680/3461/1272
f 2764/3485/1272 2681/3484/1272 2765/3460/1272
f 2764/3485/1272 2682/3486/1272 2681/3484/1272
f 2763/3487/1272 2682/3486/1272 2764/3485/1272
f 2762/3488/1272 2682/3486/1272 2763/3487/1272
f 2762/3488/1272 2683/3489/1272 2682/3486/1272
f 2762/3488/1272 2684/3490/1272 2683/3489/1272
f 2762/3488/1272 2685/3491/1272 2684/3490/1272
f 2762/3488/1272 2686/3492/1272 2685/3491/1272
f 2762/3488/1272 2687/3493/1272 2686/3492/1272
f 2762/3488/1272 2688/3494/1272 2687/3493/1272
f 2762/3488/1272 2689/3495/1272 2688/3494/1272
f 2762/3488/1272 2690/3496/1272 2689/3495/1272
f 2762/3488/1272 2691/3497/1272 2690/3496/1272
f 2762/3488/1272 2692/3498/1272 2691/3497/1272
f 2762/3488/1272 2693/3499/1272 2692/3498/1272
f 2762/3488/1272 2694/3500/1272 2693/3499/1272
f 2762/3488/1272 2695/3501/1272 2694/3500/1272
f 2762/3488/1272 2696/3502/1272 2695/3501/1272
f 2762/3488/1272 2697/3503/1272 2696/3502/1272
f 2762/3488/1272 2698/3504/1272 2697/3503/1272
f 2762/3488/1272 2699/3505/1272 2698/3504/1272
f 2762/3488/1272 2700/3506/1272 2699/3505/1272
f 2762/3488/1272 2701/3507/1272 2700/3506/1272
f 2762/3488/1272 2702/3508/1272 2701/3507/1272
f 2762/3488/1272 2703/3509/1272 2702/3508/1272
f 2762/3488/1272 2704/3510/1272 2703/3509/1272
f 2761/3511/1272 2704/3510/1272 2762/3488/1272
f 2761/3511/1272 2705/3512/1272 2704/3510/1272
f 2761/3511/1272 2706/3513/1272 2705/3512/1272
f 2761/3511/1272 2707/3514/1272 2706/3513/1272
f 2761/3511/1272 2708/3515/1272 2707/3514/1272
f 2761/3511/1272 2709/3516/1272 2708/3515/1272
f 2761/3511/1272 2710/3517/1272 2709/3516/1272
f 2761/3511/1272 2711/3518/1272 2710/3517/1272
f 2761/3511/1272 2712/3519/1272 2711/3518/1272
f 2761/3511/1272 2713/3520/1272 2712/3519/1272
f 2761/3511/1272 2714/3521/1272 2713/3520/1272
f 2761/3511/1272 2715/3522/1272 2714/3521/1272
f 2761/3511/1272 2716/3523/1272 2715/3522/1272
f 2761/3511/1272 2717/3524/1272 2716/3523/1272
f 2760/3525/1272 2717/3524/1272 2761/3511/1272
f 2760/3525/1272 2718/3526/1272 2717/3524/1272
f 2760/3525/1272 2719/3527/1272 2718/3526/1272
f 2759/3528/1272 2719/3527/1272 2760/3525/1272
f 2759/3528/1272 2720/3529/1272 2719/3527/1272
f 2759/3528/1272 2721/3530/1272 2720/3529/1272
f 2758/3531/1272 2721/3530/1272 2759/3528/1272
f 2758/3531/1272 2722/3532/1272 2721/3530/1272
f 2758/3531/1272 2723/3533/1272 2722/3532/1272
f 2757/3534/1272 2723/3533/1272 2758/3531/1272
f 2757/3534/1272 2724/3535/1272 2723/3533/1272
f 2757/3534/1272 2725/3536/1272 2724/3535/1272
f 2756/3537/1272 2725/3536/1272 2757/3534/1272
f 2756/3537/1272 2726/3538/1272 2725/3536/1272
f 2756/3537/1272 2727/3539/1272 2726/3538/1272
f 2755/3540/1272 2727/3539/1272 2756/3537/1272
f 2755/3540/1272 2728/3541/1272 2727/3539/1272
f 2755/3540/1272 2729/3542/1272 2728/3541/1272
f 2754/3543/1272 2729/3542/1272 2755/3540/1272
f 2754/3543/1272 2730/3544/1272 2729/3542/1272
f 2753/3545/1272 2730/3544/1272 2754/3543/1272
f 2753/3545/1272 2731/3546/1272 2730/3544/1272
f 2752/3547/1272 2731/3546/1272 2753/3545/1272
f 2752/3547/1272 2732/3548/1272 2731/3546/1272
f 2751/3549/1272 2732/3548/1272 2752/3547/1272
f 2751/3549/1272 2733/3550/1272 2732/3548/1272
f 2750/3551/1272 2733/3550/1272 2751/3549/1272
f 2750/3551/1272 2734/3552/1272 2733/3550/1272
f 2749/3553/1272 2734/3552/1272 2750/3551/1272
f 2749/3553/1272 2735/3554/1272 2734/3552/1272
f 2748/3555/1272 2735/3554/1272 2749/3553/1272
f 2748/3555/1272 2736/3556/1272 2735/3554/1272
f 2747/3557/1272 2736/3556/1272 2748/3555/1272
f 2747/3557/1272 2737/3558/1272 2736/3556/1272
f 2746/3559/1272 2737/3558/1272 2747/3557/1272
f 2746/3559/1272 2738/3560/1272 2737/3558/1272
f 2745/3561/1272 2738/3560/1272 2746/3559/1272
f 2745/3561/1272 2739/3562/1272 2738/3560/1272
f 2744/3563/1272 2739/3562/1272 2745/3561/1272
f 2744/3563/1272 2740/3564/1272 2739/3562/1272
f 2743/3565/1272 2740/3564/1272 2744/3563/1272
f 2743/3565/1272 2741/3566/1272 2740/3564/1272
f 2742/3567/1272 2741/3566/1272 2743/3565/1272
f 3011/3346/1273 3012/3348/1273 2791/3347/1273
f 3010/3349/1273 3011/3346/1273 2791/3347/1273
f 3010/3349/1273 2791/3347/1273 2792/3350/1273
f 3009/3351/1273 3010/3349/1273 2792/3350/1273
f 3009/3351/1273 2792/3350/1273 2793/3352/1273
f 3008/3353/1273 3009/3351/1273 2793/3352/1273
f 3008/3353/1273 2793/3352/1273 2794/3354/1273
f 3007/3355/1273 3008/3353/1273 2794/3354/1273
f 3007/3355/1273 2794/3354/1273 2795/3356/1273
f 3006/3357/1273 3007/3355/1273 2795/3356/1273
f 3006/3357/1273 2795/3356/1273 2796/3358/1273
f 3005/3359/1273 3006/3357/1273 2796/3358/1273
f 3005/3359/1273 2796/3358/1273 2797/3360/1273
f 3004/3361/1273 3005/3359/1273 2797/3360/1273
f 3004/3361/1273 2797/3360/1273 2798/3362/1273
f 3003/3363/1273 3004/3361/1273 2798/3362/1273
f 3003/3363/1273 2798/3362/1273 2799/3364/1273
f 3002/3365/1273 3003/3363/1273 2799/3364/1273
f 3002/3365/1273 2799/3364/1273 2800/3366/1273
f 3001/3367/1273 3002/3365/1273 2800/3366/1273
f 3001/3367/1273 2800/3366/1273 2801/3368/1273
f 3000/3369/1273 3001/3367/1273 2801/3368/1273
f 3000/3369/1273 2801/3368/1273 2802/3370/1273
f 2999/3371/1273 3000/3369/1273 2802/3370/1273
f 2999/3371/1273 2802/3370/1273 2803/3372/1273
f 2999/3371/1273 2803/3372/1273 2804/3373/1273
f 2998/3374/1273 2999/3371/1273 2804/3373/1273
f 2998/3374/1273 2804/3373/1273 2805/3375/1273
f 2998/3374/1273 2805/3375/1273 2806/3376/1273
f 2997/3377/1273 2998/3374/1273 2806/3376/1273
f 2997/3377/1273 2806/3376/1273 2807/3378/1273
f 2997/3377/1273 2807/3378/1273 2808/3379/1273
f 2996/3380/1273 2997/3377/1273 2808/3379/1273
f 2996/3380/1273 2808/3379/1273 2809/3381/1273
f 2996/3380/1273 2809/3381/1273 2810/3382/1273
f 2995/3383/1273 2996/3380/1273 2810/3382/1273
f 2995/3383/1273 2810/3382/1273 2811/3384/1273
f 2995/3383/1273 2811/3384/1273 2812/3385/1273
f 2994/3386/1273 2995/3383/1273 2812/3385/1273
f 2994/3386/1273 2812/3385/1273 2813/3387/1273
f 2994/3386/1273 2813/3387/1273 2814/3388/1273
f 2993/3389/1273 2994/3386/1273 2814/3388/1273
f 2993/3389/1273 2814/3388/1273 2815/3390/1273
f 2993/3389/1273 2815/3390/1273 2816/3391/1273
f 2993/3389/1273 2816/3391/1273 2817/3392/1273
f 2992/3393/1273 2993/3389/1273 2817/3392/1273
f 2992/3393/1273 2817/3392/1273 2818/3394/1273
f 2992/3393/1273 2818/3394/1273 2819/3395/1273
f 2992/3393/1273 2819/3395/1273 2820/3396/1273
f 2992/3393/1273 2820/3396/1273 2821/3397/1273
f 2992/3393/1273 2821/3397/1273 2822/3398/1273
f 2992/3393/1273 2822/3398/1273 2823/3399/1273
f 2992/3393/1273 2823/3399/1273 2824/3400/1273
f 2992/3393/1273 2824/3400/1273 2825/3401/1273
f 2992/3393/1273 2825/3401/1273 2839/3402/1273
f 2839/3402/1273 2825/3401/1273 2826/3403/1273
f 2839/3402/1273 2826/3403/1273 2827/3404/1273
f 2839/3402/1273 2827/3404/1273 2828/3405/1273
f 2839/3402/1273 2828/3405/1273 2829/3406/1273
f 2839/3402/1273 2829/3406/1273 2830/3407/1273
f 2839/3402/1273 2830/3407/1273 2831/3408/1273
f 2839/3402/1273 2831/3408/1273 2832/3409/1273
f 2839/3402/1273 2832/3409/1273 2833/3410/1273
f 2839/3402/1273 2833/3410/1273 2834/3411/1273
f 2839/3402/1273 2834/3411/1273 2835/3412/1273
f 2839/3402/1273 2835/3412/1273 2836/3413/1273
f 2839/3402/1273 2836/3413/1273 2837/3414/1273
f 2839/3402/1273 2837/3414/1273 2838/3415/1273
f 2992/3393/1273 2839/3402/1273 2840/3416/1273
f 2991/3417/1273 2992/3393/1273 2840/3416/1273
f 2990/3418/1273 2991/3417/1273 2840/3416/1273
f 2990/3418/1273 2840/3416/1273 2841/3419/1273
f 2989/3420/1273 2990/3418/1273 2841/3419/1273
f 2988/3421/1273 2989/3420/1273 2841/3419/1273
f 2988/3421/1273 2841/3419/1273 2842/3422/1273
f 2988/3421/1273 2842/3422/1273 2843/3423/1273
f 2988/3421/1273 2843/3423/1273 2844/3424/1273
f 2988/3421/1273 2844/3424/1273 2845/3425/1273
f 2988/3421/1273 2845/3425/1273 2846/3426/1273
f 2988/3421/1273 2846/3426/1273 2847/3427/1273
f 2988/3421/1273 2847/3427/1273 2848/3428/1273
f 2988/3421/1273 2848/3428/1273 2849/3429/1273
f 2988/3421/1273 2849/3429/1273 2850/3430/1273
f 2988/3421/1273 2850/3430/1273 2851/3431/1273
f 2988/3421/1273 2851/3431/1273 2852/3432/1273
f 2988/3421/1273 2852/3432/1273 2853/3433/1273
f 2988/3421/1273 2853/3433/1273 2854/3434/1273
f 2988/3421/1273 2854/3434/1273 2855/3435/1273
f 2988/3421/1273 2855/3435/1273 2856/3436/1273
f 2988/3421/1273 2856/3436/1273 2857/3437/1273
f 2988/3421/1273 2857/3437/1273 2858/3438/1273
f 2988/3421/1273 2858/3438/1273 2859/3439/1273
f 2988/3421/1273 2859/3439/1273 2860/3440/1273
f 2988/3421/1273 2860/3440/1273 2861/3441/1273
f 2988/3421/1273 2861/3441/1273 2862/3442/1273
f 2988/3421/1273 2862/3442/1273 2863/3443/1273
f 2988/3421/1273 2863/3443/1273 2864/3444/1273
f 2988/3421/1273 2864/3444/1273 2865/3445/1273
f 2988/3421/1273 2865/3445/1273 2866/3446/1273
f 2988/3421/1273 2866/3446/1273 2867/3447/1273
f 2988/3421/1273 2867/3447/1273 2868/3448/1273
f 2988/3421/1273 2868/3448/1273 2869/3449/1273
f 2988/3421/1273 2869/3449/1273 2870/3450/1273
f 2988/3421/1273 2870/3450/1273 2871/3451/1273
f 2988/3421/1273 2871/3451/1273 2872/3452/1273
f 2988/3421/1273 2872/3452/1273 2873/3453/1273
f 2988/3421/1273 2873/3453/1273 2874/3454/1273
f 2988/3421/1273 2874/3454/1273 2875/3455/1273
f 2988/3421/1273 2875/3455/1273 2876/3456/1273
f 2988/3421/1273 2876/3456/1273 2877/3457/1273
f 2988/3421/1273 2877/3457/1273 2878/3458/1273
f 2988/3421/1273 2878/3458/1273 2879/3459/1273
f 2987/3460/1273 2988/3421/1273 2902/3461/1273
f 2902/3461/1273 2988/3421/1273 2879/3459/1273
f 2902/3461/1273 2879/3459/1273 2880/3462/1273
f 2902/3461/1273 2880/3462/1273 2881/3463/1273
f 2902/3461/1273 2881/3463/1273 2882/3464/1273
f 2902/3461/1273 2882/3464/1273 2883/3465/1273
f 2902/3461/1273 2883/3465/1273 2884/3466/1273
f 2902/3461/1273 2884/3466/1273 2885/3467/1273
f 2902/3461/1273 2885/3467/1273 2886/3468/1273
f 2902/3461/1273 2886/3468/1273 2887/3469/1273
f 2902/3461/1273 2887/3469/1273 2888/3470/1273
f 2902/3461/1273 2888/3470/1273 2889/3471/1273
f 2902/3461/1273 2889/3471/1273 2890/3472/1273
f 2902/3461/1273 2890/3472/1273 2891/3473/1273
f 2902/3461/1273 2891/3473/1273 2892/3474/1273
f 2902/3461/1273 2892/3474/1273 2893/3475/1273
f 2902/3461/1273 2893/3475/1273 2894/3476/1273
f 2902/3461/1273 2894/3476/1273 2895/3477/1273
f 2902/3461/1273 2895/3477/1273 2896/3478/1273
f 2902/3461/1273 2896/3478/1273 2897/3479/1273
f 2902/3461/1273 2897/3479/1273 2898/3480/1273
f 2902/3461/1273 2898/3480/1273 2899/3481/1273
f 2902/3461/1273 2899/3481/1273 2900/3482/1273
f 2902/3461/1273 2900/3482/1273 2901/3483/1273
f 2987/3460/1273 2902/3461/1273 2903/3484/1273
f 2986/3485/1273 2987/3460/1273 2903/3484/1273
f 2986/3485/1273 2903/3484/1273 2904/3486/1273
f 2985/3487/1273 2986/3485/1273 2904/3486/1273
f 2984/3488/1273 2985/3487/1273 2904/3486/1273
f 2984/3488/1273 2904/3486/1273 2905/3489/1273
f 2984/3488/1273 2905/3489/1273 2906/3490/1273
f 2984/3488/1273 2906/3490/1273 2907/3491/1273
f 2984/3488/1273 2907/3491/1273 2908/3492/1273
f 2984/3488/1273 2908/3492/1273 2909/3493/1273
f 2984/3488/1273 2909/3493/1273 2910/3494/1273
f 2984/3488/1273 2910/3494/1273 2911/3495/1273
f 2984/3488/1273 2911/3495/1273 2912/3496/1273
f 2984/3488/1273 2912/3496/1273 2913/3497/1273
f 2984/3488/1273 2913/3497/1273 2914/3498/1273
f 2984/3488/1273 2914/3498/1273 2915/3499/1273
f 2984/3488/1273 2915/3499/1273 2916/3500/1273
f 2984/3488/1273 2916/3500/1273 2917/3501/1273
f 2984/3488/1273 2917/3501/1273 2918/3502/1273
f 2984/3488/1273 2918/3502/1273 2919/3503/1273
f 2984/3488/1273 2919/3503/1273 2920/3504/1273
f 2984/3488/1273 2920/3504/1273 2921/3505/1273
f 2984/3488/1273 2921/3505/1273 2922/3506/1273
f 2984/3488/1273 2922/3506/1273 2923/3507/1273
f 2984/3488/1273 2923/3507/1273 2924/3508/1273
f 2984/3488/1273 2924/3508/1273 2925/3509/1273
f 2984/3488/1273 2925/3509/1273 2926/3510/1273
f 2983/3511/1273 2984/3488/1273 2926/3510/1273
f 2983/3511/1273 2926/3510/1273 2927/3512/1273
f 2983/3511/1273 2927/3512/1273 2928/3513/1273
f 2983/3511/1273 2928/3513/1273 2929/3514/1273
f 2983/3511/1273 2929/3514/1273 2930/3515/1273
f 2983/3511/1273 2930/3515/1273 2931/3516/1273
f 2983/3511/1273 2931/3516/1273 2932/3517/1273
f 2983/3511/1273 2932/3517/1273 2933/3518/1273
f 2983/3511/1273 2933/3518/1273 2934/3519/1273
f 2983/3511/1273 2934/3519/1273 2935/3520/1273
f 2983/3511/1273 2935/3520/1273 2936/3521/1273
f 2983/3511/1273 2936/3521/1273 2937/3522/1273
f 2983/3511/1273 2937/3522/1273 2938/3523/1273
f 2983/3511/1273 2938/3523/1273 2939/3524/1273
f 2982/3525/1273 2983/3511/1273 2939/3524/1273
f 2982/3525/1273 2939/3524/1273 2940/3526/1273
f 2982/3525/1273 2940/3526/1273 2941/3527/1273
f 2981/3528/1273 2982/3525/1273 2941/3527/1273
f 2981/3528/1273 2941/3527/1273 2942/3529/1273
f 2981/3528/1273 2942/3529/1273 2943/3530/1273
f 2980/3531/1273 2981/3528/1273 2943/3530/1273
f 2980/3531/1273 2943/3530/1273 2944/3532/1273
f 2980/3531/1273 2944/3532/1273 2945/3533/1273
f 2979/3534/1273 2980/3531/1273 2945/3533/1273
f 2979/3534/1273 2945/3533/1273 2946/3535/1273
f 2979/3534/1273 2946/3535/1273 2947/3536/1273
f 2978/3537/1273 2979/3534/1273 2947/3536/1273
f 2978/3537/1273 2947/3536/1273 2948/3538/1273
f 2978/3537/1273 2948/3538/1273 2949/3539/1273
f 2977/3540/1273 2978/3537/1273 2949/3539/1273
f 2977/3540/1273 2949/3539/1273 2950/3541/1273
f 2977/3540/1273 2950/3541/1273 2951/3542/1273
f 2976/3543/1273 2977/3540/1273 2951/3542/1273
f 2976/3543/1273 2951/3542/1273 2952/3544/1273
f 2975/3545/1273 2976/3543/1273 2952/3544/1273
f 2975/3545/1273 2952/3544/1273 2953/3546/1273
f 2974/3547/1273 2975/3545/1273 2953/3546/1273
f 2974/3547/1273 2953/3546/1273 2954/3548/1273
f 2973/3549/1273 2974/3547/1273 2954/3548/1273
f 2973/3549/1273 2954/3548/1273 2955/3550/1273
f 2972/3551/1273 2973/3549/1273 2955/3550/1273
f 2972/3551/1273 2955/3550/1273 2956/3552/1273
f 2971/3553/1273 2972/3551/1273 2956/3552/1273
f 2971/3553/1273 2956/3552/1273 2957/3554/1273
f 2970/3555/1273 2971/3553/1273 2957/3554/1273
f 2970/3555/1273 2957/3554/1273 2958/3556/1273
f 2969/3557/1273 2970/3555/1273 2958/3556/1273
f 2969/3557/1273 2958/3556/1273 2959/3558/1273
f 2968/3559/1273 2969/3557/1273 2959/3558/1273
f 2968/3559/1273 2959/3558/1273 2960/3560/1273
f 2967/3561/1273 2968/3559/1273 2960/3560/1273
f 2967/3561/1273 2960/3560/1273 2961/3562/1273
f 2966/3563/1273 2967/3561/1273 2961/3562/1273
f 2966/3563/1273 2961/3562/1273 2962/3564/1273
f 2965/3565/1273 2966/3563/1273 2962/3564/1273
f 2965/3565/1273 2962/3564/1273 2963/3566/1273
f 2964/3567/1273 2965/3565/1273 2963/3566/1273
s 1
f 3014/3568/1274 3016/3569/1275 3015/3570/1275 3013/3347/1274
f 3016/3569/1275 3018/3571/1276 3017/3572/1276 3015/3570/1275
f 3018/3571/1276 3020/3573/1277 3019/3574/1277 3017/3572/1276
f 3020/3573/1277 3022/3575/1278 3021/3576/1278 3019/3574/1277
f 3022/3575/1278 3024/3577/1279 3023/3578/1279 3021/3576/1278
f 3024/3577/1279 3026/3579/1280 3025/3580/1280 3023/3578/1279
f 3026/3579/1280 3028/3581/1281 3027/3582/1281 3025/3580/1280
f 3028/3581/1281 3030/3583/1282 3029/3584/1282 3027/3582/1281
f 3030/3583/1282 3032/3585/1283 3031/3586/1283 3029/3584/1282
f 3032/3585/1283 3034/3587/1284 3033/3588/1284 3031/3586/1283
f 3034/3587/1284 3036/3589/1285 3035/3590/1285 3033/3588/1284
f 3036/3589/1285 3038/3591/1286 3037/3592/1286 3035/3590/1285
f 3038/3591/1286 3040/3593/1287 3039/3594/1287 3037/3592/1286
f 3040/3593/1287 3042/3595/1288 3041/3596/1288 3039/3594/1287
f 3042/3595/1288 3044/3597/1289 3043/3598/1289 3041/3596/1288
f 3044/3597/1289 3046/3599/1290 3045/3600/1290 3043/3598/1289
f 3046/3599/1290 3048/3601/1291 3047/3602/1291 3045/3600/1290
f 3048/3601/1291 3050/3603/1292 3049/3604/1292 3047/3602/1291
f 3050/3603/1292 3052/3605/1293 3051/3606/1293 3049/3604/1292
f 3052/3605/1293 3054/3607/1294 3053/3608/1294 3051/3606/1293
f 3054/3607/1294 3056/3609/1295 3055/3610/1295 3053/3608/1294
f 3056/3609/1295 3058/3611/1296 3057/3612/1296 3055/3610/1295
f 3058/3611/1296 3060/3613/1297 3059/3614/1297 3057/3612/1296
f 3060/3613/1297 3062/3615/1298 3061/3616/1298 3059/3614/1297
f 3062/3615/1298 3064/3617/1299 3063/3618/1299 3061/3616/1298
f 3064/3617/1299 3066/3619/1300 3065/3620/1300 3063/3618/1299
f 3066/3619/1300 3068/3621/1301 3067/3622/1301 3065/3620/1300
f 3068/3621/1301 3070/3623/1302 3069/3624/1302 3067/3622/1301
f 3070/3623/1302 3072/3625/1303 3071/3626/1303 3069/3624/1302
f 3072/3625/1303 3074/3627/1304 3073/3628/1304 3071/3626/1303
f 3074/3627/1304 3076/3629/1305 3075/3630/1305 3073/3628/1304
f 3076/3629/1305 3078/3631/1306 3077/3632/1306 3075/3630/1305
f 3078/3631/1306 3080/3633/1307 3079/3634/1307 3077/3632/1306
f 3080/3633/1307 3082/3635/1308 3081/3636/1308 3079/3634/1307
f 3082/3635/1308 3084/3637/1309 3083/3638/1309 3081/3636/1308
f 3084/3637/1309 3086/3639/1310 3085/3640/1310 3083/3638/1309
f 3086/3639/1310 3088/3641/1311 3087/3642/1311 3085/3640/1310
f 3088/3641/1311 3090/3643/1312 3089/3644/1312 3087/3642/1311
f 3090/3643/1312 3092/3645/1313 3091/3646/1313 3089/3644/1312
f 3092/3645/1313 3094/3647/1314 3093/3648/1314 3091/3646/1313
f 3094/3647/1314 3096/3649/1315 3095/3650/1315 3093/3648/1314
f 3096/3649/1315 3098/3651/1316 3097/3652/1316 3095/3650/1315
f 3098/3651/1316 3100/3653/1317 3099/3654/1317 3097/3652/1316
f 3100/3653/1317 3102/3655/1318 3101/3656/1318 3099/3654/1317
f 3102/3655/1318 3104/3657/1319 3103/3658/1319 3101/3656/1318
f 3104/3657/1319 3106/3659/1320 3105/3660/1320 3103/3658/1319
f 3106/3659/1320 3108/3661/1321 3107/3662/1321 3105/3660/1320
f 3108/3661/1321 3110/3663/1322 3109/3664/1322 3107/3662/1321
f 3110/3663/1322 3112/3665/1297 3111/3666/1297 3109/3664/1322
f 3112/3665/1297 3114/3667/1323 3113/3668/1323 3111/3666/1297
f 3114/3667/1323 3116/3669/1324 3115/3670/1324 3113/3668/1323
f 3116/3669/1324 3118/3671/1324 3117/3672/1324 3115/3670/1324
f 3118/3671/1324 3120/3673/1324 3119/3674/1324 3117/3672/1324
f 3120/3673/1324 3122/3675/1324 3121/3676/1324 3119/3674/1324
f 3122/3675/1324 3124/3677/1324 3123/3678/1324 3121/3676/1324
f 3124/3677/1324 3126/3679/1324 3125/3680/1324 3123/3678/1324
f 3126/3679/1324 3128/3681/1324 3127/3682/1324 3125/3680/1324
f 3128/3681/1324 3130/3683/1324 3129/3684/1324 3127/3682/1324
f 3130/3683/1324 3132/3685/1324 3131/3686/1324 3129/3684/1324
f 3132/3685/1324 3134/3687/1324 3133/3688/1324 3131/3686/1324
f 3134/3687/1324 3136/3689/1324 3135/3690/1324 3133/3688/1324
f 3136/3689/1324 3138/3691/1324 3137/3692/1324 3135/3690/1324
f 3138/3691/1324 3140/3693/1325 3139/3694/1325 3137/3692/1324
f 3140/3693/1325 3142/3695/1326 3141/3696/1326 3139/3694/1325
f 3142/3695/1326 3144/3697/1327 3143/3698/1327 3141/3696/1326
f 3144/3697/1327 3146/3699/1328 3145/3700/1328 3143/3698/1327
f 3146/3699/1328 3148/3701/1279 3147/3702/1279 3145/3700/1328
f 3148/3701/1279 3150/3703/1329 3149/3704/1329 3147/3702/1279
f 3150/3703/1329 3152/3705/1330 3151/3706/1330 3149/3704/1329
f 3152/3705/1330 3154/3707/1331 3153/3708/1331 3151/3706/1330
f 3154/3707/1331 3156/3709/1332 3155/3710/1332 3153/3708/1331
f 3156/3709/1332 3158/3711/1333 3157/3712/1333 3155/3710/1332
f 3158/3711/1333 3160/3713/1334 3159/3714/1334 3157/3712/1333
f 3160/3713/1334 3162/3715/1335 3161/3716/1335 3159/3714/1334
f 3162/3715/1335 3164/3717/1336 3163/3718/1336 3161/3716/1335
f 3164/3717/1336 3166/3719/1337 3165/3720/1337 3163/3718/1336
f 3166/3719/1337 3168/3721/1338 3167/3722/1338 3165/3720/1337
f 3168/3721/1338 3170/3723/1339 3169/3724/1339 3167/3722/1338
f 3170/3723/1339 3172/3725/1340 3171/3726/1340 3169/3724/1339
f 3172/3725/1340 3174/3727/1341 3173/3728/1341 3171/3726/1340
f 3174/3727/1341 3176/3729/1342 3175/3730/1342 3173/3728/1341
f 3176/3729/1342 3178/3731/1343 3177/3732/1343 3175/3730/1342
f 3178/3731/1343 3180/3733/1344 3179/3734/1344 3177/3732/1343
f 3180/3733/1344 3182/3735/1345 3181/3736/1345 3179/3734/1344
f 3182/3735/1345 3184/3737/1346 3183/3738/1346 3181/3736/1345
f 3184/3737/1346 3186/3739/1297 3185/3740/1297 3183/3738/1346
f 3186/3739/1297 3188/3741/1347 3187/3742/1347 3185/3740/1297
f 3188/3741/1347 3190/3743/1348 3189/3744/1348 3187/3742/1347
f 3190/3743/1348 3192/3745/1349 3191/3746/1349 3189/3744/1348
f 3192/3745/1349 3194/3747/1350 3193/3748/1350 3191/3746/1349
f 3194/3747/1350 3196/3749/1351 3195/3750/1351 3193/3748/1350
f 3196/3749/1351 3198/3751/1352 3197/3752/1352 3195/3750/1351
f 3198/3751/1352 3200/3753/1353 3199/3754/1353 3197/3752/1352
f 3200/3753/1353 3202/3755/1354 3201/3756/1354 3199/3754/1353
f 3202/3755/1354 3204/3757/1355 3203/3758/1355 3201/3756/1354
f 3204/3757/1355 3206/3759/1356 3205/3760/1356 3203/3758/1355
f 3206/3759/1356 3208/3761/1357 3207/3762/1357 3205/3760/1356
f 3208/3761/1357 3210/3763/1358 3209/3764/1358 3207/3762/1357
f 3210/3763/1358 3212/3765/1359 3211/3766/1359 3209/3764/1358
f 3212/3765/1359 3214/3767/1360 3213/3768/1360 3211/3766/1359
f 3214/3767/1360 3216/3769/1361 3215/3770/1361 3213/3768/1360
f 3216/3769/1361 3218/3771/1362 3217/3772/1362 3215/3770/1361
f 3218/3771/1362 3220/3773/1363 3219/3774/1363 3217/3772/1362
f 3220/3773/1363 3222/3775/1364 3221/3776/1364 3219/3774/1363
f 3222/3775/1364 3224/3777/1365 3223/3778/1365 3221/3776/1364
f 3224/3777/1365 3226/3779/1366 3225/3780/1366 3223/3778/1365
f 3226/3779/1366 3228/3781/1367 3227/3782/1367 3225/3780/1366
f 3228/3781/1367 3230/3783/1368 3229/3784/1368 3227/3782/1367
f 3230/3783/1368 3232/3785/1369 3231/3786/1369 3229/3784/1368
f 3232/3785/1369 3234/3787/1321 3233/3788/1321 3231/3786/1369
f 3234/3787/1321 3236/3789/1322 3235/3790/1322 3233/3788/1321
f 3236/3789/1322 3238/3791/1297 3237/3792/1297 3235/3790/1322
f 3238/3791/1297 3240/3793/1323 3239/3794/1323 3237/3792/1297
f 3240/3793/1323 3242/3795/1324 3241/3796/1324 3239/3794/1323
f 3242/3795/1324 3244/3797/1324 3243/3798/1324 3241/3796/1324
f 3244/3797/1324 3246/3799/1324 3245/3800/1324 3243/3798/1324
f 3246/3799/1324 3248/3801/1324 3247/3802/1324 3245/3800/1324
f 3248/3801/1324 3250/3803/1324 3249/3804/1324 3247/3802/1324
f 3250/3803/1324 3252/3805/1324 3251/3806/1324 3249/3804/1324
f 3252/3805/1324 3254/3807/1324 3253/3808/1324 3251/3806/1324
f 3254/3807/1324 3256/3809/1324 3255/3810/1324 3253/3808/1324
f 3256/3809/1324 3258/3811/1324 3257/3812/1324 3255/3810/1324
f 3258/3811/1324 3260/3813/1324 3259/3814/1324 3257/3812/1324
f 3260/3813/1324 3262/3815/1324 3261/3816/1324 3259/3814/1324
f 3262/3815/1324 3264/3817/1324 3263/3818/1324 3261/3816/1324
f 3264/3817/1324 3266/3819/1274 3265/3820/1274 3263/3818/1324
f 3266/3819/1274 3268/3821/1370 3267/3822/1370 3265/3820/1274
f 3268/3821/1370 3270/3823/1371 3269/3824/1371 3267/3822/1370
f 3270/3823/1371 3272/3825/1372 3271/3826/1372 3269/3824/1371
f 3272/3825/1372 3274/3827/1373 3273/3828/1373 3271/3826/1372
f 3274/3827/1373 3276/3829/1374 3275/3830/1374 3273/3828/1373
f 3276/3829/1374 3278/3831/1375 3277/3832/1375 3275/3830/1374
f 3278/3831/1375 3280/3833/1376 3279/3834/1376 3277/3832/1375
f 3280/3833/1376 3282/3835/1377 3281/3836/1377 3279/3834/1376
f 3282/3835/1377 3284/3837/1378 3283/3838/1378 3281/3836/1377
f 3284/3837/1378 3286/3839/1379 3285/3840/1379 3283/3838/1378
f 3286/3839/1379 3288/3841/1380 3287/3842/1380 3285/3840/1379
f 3288/3841/1380 3290/3843/1381 3289/3844/1381 3287/3842/1380
f 3290/3843/1381 3292/3845/1382 3291/3846/1382 3289/3844/1381
f 3292/3845/1382 3294/3847/1383 3293/3848/1383 3291/3846/1382
f 3294/3847/1383 3296/3849/1384 3295/3850/1384 3293/3848/1383
f 3296/3849/1384 3298/3851/1385 3297/3852/1385 3295/3850/1384
f 3298/3851/1385 3300/3853/1386 3299/3854/1386 3297/3852/1385
f 3300/3853/1386 3302/3855/1387 3301/3856/1387 3299/3854/1386
f 3302/3855/1387 3304/3857/1388 3303/3858/1388 3301/3856/1387
f 3304/3857/1388 3306/3859/1389 3305/3860/1389 3303/3858/1388
f 3306/3859/1389 3308/3861/1390 3307/3862/1390 3305/3860/1389
f 3308/3861/1390 3310/3863/1391 3309/3864/1391 3307/3862/1390
f 3310/3863/1391 3312/3865/1297 3311/3866/1297 3309/3864/1391
f 3312/3865/1297 3314/3867/1392 3313/3868/1392 3311/3866/1297
f 3314/3867/1392 3316/3869/1393 3315/3870/1393 3313/3868/1392
f 3316/3869/1393 3318/3871/1394 3317/3872/1394 3315/3870/1393
f 3318/3871/1394 3320/3873/1395 3319/3874/1395 3317/3872/1394
f 3320/3873/1395 3322/3875/1396 3321/3876/1396 3319/3874/1395
f 3322/3875/1396 3324/3877/1397 3323/3878/1397 3321/3876/1396
f 3324/3877/1397 3326/3879/1398 3325/3880/1398 3323/3878/1397
f 3326/3879/1398 3328/3881/1399 3327/3882/1399 3325/3880/1398
f 3328/3881/1399 3330/3883/1400 3329/3884/1400 3327/3882/1399
f 3330/3883/1400 3332/3885/1401 3331/3886/1401 3329/3884/1400
f 3332/3885/1401 3334/3887/1402 3333/3888/1402 3331/3886/1401
f 3334/3887/1402 3336/3889/1403 3335/3890/1403 3333/3888/1402
f 3336/3889/1403 3338/3891/1404 3337/3892/1404 3335/3890/1403
f 3338/3891/1404 3340/3893/1405 3339/3894/1405 3337/3892/1404
f 3340/3893/1405 3342/3895/1406 3341/3896/1406 3339/3894/1405
f 3342/3895/1406 3344/3897/1407 3343/3898/1407 3341/3896/1406
f 3344/3897/1407 3346/3899/1408 3345/3900/1408 3343/3898/1407
f 3346/3899/1408 3348/3901/1409 3347/3902/1409 3345/3900/1408
f 3348/3901/1409 3350/3903/1410 3349/3904/1410 3347/3902/1409
f 3350/3903/1410 3352/3905/1411 3351/3906/1411 3349/3904/1410
f 3352/3905/1411 3354/3907/1412 3353/3908/1412 3351/3906/1411
f 3354/3907/1412 3356/3909/1413 3355/3910/1413 3353/3908/1412
f 3356/3909/1413 3358/3911/1320 3357/3912/1320 3355/3910/1413
f 3358/3911/1320 3360/3913/1321 3359/3914/1321 3357/3912/1320
f 3360/3913/1321 3362/3915/1414 3361/3916/1414 3359/3914/1321
f 3362/3915/1414 3364/3917/1415 3363/3918/1415 3361/3916/1414
f 3364/3917/1415 3366/3919/1416 3365/3920/1416 3363/3918/1415
f 3366/3919/1416 3368/3921/1417 3367/3922/1417 3365/3920/1416
f 3368/3921/1417 3370/3923/1418 3369/3924/1418 3367/3922/1417
f 3370/3923/1418 3372/3925/1419 3371/3926/1419 3369/3924/1418
f 3372/3925/1419 3374/3927/1420 3373/3928/1420 3371/3926/1419
f 3374/3927/1420 3376/3929/1421 3375/3930/1421 3373/3928/1420
f 3376/3929/1421 3378/3931/1422 3377/3932/1422 3375/3930/1421
f 3378/3931/1422 3380/3933/1423 3379/3934/1423 3377/3932/1422
f 3380/3933/1423 3382/3935/1424 3381/3936/1424 3379/3934/1423
f 3382/3935/1424 3384/3937/1425 3383/3938/1425 3381/3936/1424
f 3384/3937/1425 3386/3939/1426 3385/3940/1426 3383/3938/1425
f 3386/3939/1426 3388/3941/1427 3387/3942/1427 3385/3940/1426
f 3388/3941/1427 3390/3943/1428 3389/3944/1428 3387/3942/1427
f 3390/3943/1428 3392/3945/1429 3391/3946/1429 3389/3944/1428
f 3392/3945/1429 3394/3947/1430 3393/3948/1430 3391/3946/1429
f 3394/3947/1430 3396/3949/1431 3395/3950/1431 3393/3948/1430
f 3396/3949/1431 3398/3951/1432 3397/3952/1432 3395/3950/1431
f 3398/3951/1432 3400/3953/1433 3399/3954/1433 3397/3952/1432
f 3400/3953/1433 3402/3955/1434 3401/3956/1434 3399/3954/1433
f 3402/3955/1434 3404/3957/1435 3403/3958/1435 3401/3956/1434
f 3404/3957/1435 3406/3959/1436 3405/3960/1436 3403/3958/1435
f 3406/3959/1436 3408/3961/1437 3407/3962/1437 3405/3960/1436
f 3408/3961/1437 3410/3963/1438 3409/3964/1438 3407/3962/1437
f 3410/3963/1438 3412/3965/1439 3411/3966/1439 3409/3964/1438
f 3412/3965/1439 3414/3967/1440 3413/3968/1440 3411/3966/1439
f 3414/3967/1440 3416/3969/1441 3415/3970/1441 3413/3968/1440
f 3416/3969/1441 3418/3971/1442 3417/3972/1442 3415/3970/1441
f 3418/3971/1442 3420/3973/1443 3419/3974/1443 3417/3972/1442
f 3420/3973/1443 3422/3975/1444 3421/3976/1444 3419/3974/1443
f 3422/3975/1444 3424/3977/1445 3423/3978/1445 3421/3976/1444
f 3424/3977/1445 3426/3979/1446 3425/3980/1446 3423/3978/1445
f 3426/3979/1446 3428/3981/1447 3427/3982/1447 3425/3980/1446
f 3428/3981/1447 3430/3983/1448 3429/3984/1448 3427/3982/1447
f 3430/3983/1448 3432/3985/1449 3431/3986/1449 3429/3984/1448
f 3432/3985/1449 3434/3987/1450 3433/3988/1450 3431/3986/1449
f 3434/3987/1450 3436/3989/1451 3435/3990/1451 3433/3988/1450
f 3436/3989/1451 3438/3991/1452 3437/3992/1452 3435/3990/1451
f 3438/3991/1452 3440/3993/1453 3439/3994/1453 3437/3992/1452
f 3440/3993/1453 3442/3995/1454 3441/3996/1454 3439/3994/1453
f 3442/3995/1454 3444/3997/1455 3443/3998/1455 3441/3996/1454
f 3444/3997/1455 3446/3999/1456 3445/4000/1456 3443/3998/1455
f 3446/3999/1456 3448/4001/1457 3447/4002/1457 3445/4000/1456
f 3448/4001/1457 3450/4003/1458 3449/4004/1458 3447/4002/1457
f 3450/4003/1458 3452/4005/1459 3451/4006/1459 3449/4004/1458
f 3452/4005/1459 3454/4007/1460 3453/4008/1460 3451/4006/1459
f 3454/4007/1460 3456/4009/1324 3455/4010/1324 3453/4008/1460
f 3456/4009/1324 3014/4011/1274 3013/3348/1274 3455/4010/1324
o Curve.001
v 13.742851 -6.004926 -1.641834
v 14.577728 -6.004926 -1.641331
v 15.265263 -6.004926 -1.639965
v 15.820374 -6.004926 -1.637302
v 16.257973 -6.004926 -1.632915
v 16.592979 -6.004926 -1.626369
v 16.840305 -6.004926 -1.617233
v 17.014870 -6.004926 -1.605076
v 17.131584 -6.004926 -1.589466
v 17.205364 -6.004926 -1.569973
v 17.251129 -6.004926 -1.546162
v 17.283791 -6.004926 -1.517605
v 17.311047 -6.004926 -1.487694
v 17.334011 -6.004926 -1.452862
v 17.353046 -6.004926 -1.406895
v 17.368519 -6.004926 -1.343578
v 17.380798 -6.004926 -1.256695
v 17.390251 -6.004926 -1.140030
v 17.397240 -6.004926 -0.987370
v 17.402138 -6.004926 -0.792496
v 17.405308 -6.004926 -0.549194
v 17.407116 -6.004926 -0.251251
v 17.407932 -6.004926 0.107548
v 17.408123 -6.004926 0.533421
v 17.407932 -6.004926 0.959293
v 17.407116 -6.004926 1.318092
v 17.405308 -6.004926 1.616035
v 17.402138 -6.004926 1.859337
v 17.397240 -6.004926 2.054211
v 17.390251 -6.004926 2.206871
v 17.380802 -6.004926 2.323536
v 17.368523 -6.004926 2.410419
v 17.353050 -6.004926 2.473736
v 17.334015 -6.004926 2.519703
v 17.311050 -6.004926 2.554535
v 17.283791 -6.004926 2.584446
v 17.251125 -6.004926 2.613007
v 17.205360 -6.004926 2.636818
v 17.131580 -6.004926 2.656311
v 17.014866 -6.004926 2.671921
v 16.840302 -6.004926 2.684078
v 16.592976 -6.004926 2.693214
v 16.257969 -6.004926 2.699760
v 15.820370 -6.004926 2.704147
v 15.265259 -6.004926 2.706810
v 14.577724 -6.004926 2.708176
v 13.742847 -6.004926 2.708679
v 12.745716 -6.004926 2.708752
v 11.748581 -6.004926 2.708675
v 10.913704 -6.004926 2.708172
v 10.226170 -6.004926 2.706806
v 9.671059 -6.004926 2.704144
v 9.233459 -6.004926 2.699757
v 8.898453 -6.004926 2.693211
v 8.651127 -6.004926 2.684074
v 8.476562 -6.004926 2.671917
v 8.359848 -6.004926 2.656307
v 8.286068 -6.004926 2.636814
v 8.240303 -6.004926 2.613003
v 8.207642 -6.004926 2.584446
v 8.180386 -6.004926 2.554535
v 8.157421 -6.004926 2.519703
v 8.138386 -6.004926 2.473736
v 8.122913 -6.004926 2.410419
v 8.110634 -6.004926 2.323536
v 8.101181 -6.004926 2.206871
v 8.094193 -6.004926 2.054211
v 8.089294 -6.004926 1.859337
v 8.086124 -6.004926 1.616035
v 8.084316 -6.004926 1.318092
v 8.083500 -6.004926 0.959293
v 8.083309 -6.004926 0.533421
v 8.083500 -6.004926 0.107548
v 8.084316 -6.004926 -0.251251
v 8.086124 -6.004926 -0.549194
v 8.089294 -6.004926 -0.792496
v 8.094193 -6.004926 -0.987370
v 8.101181 -6.004926 -1.140030
v 8.110630 -6.004926 -1.256695
v 8.122910 -6.004926 -1.343578
v 8.138382 -6.004926 -1.406895
v 8.157417 -6.004926 -1.452862
v 8.180382 -6.004926 -1.487694
v 8.207642 -6.004926 -1.517605
v 8.240307 -6.004926 -1.546162
v 8.286072 -6.004926 -1.569973
v 8.359852 -6.004926 -1.589466
v 8.476566 -6.004926 -1.605076
v 8.651131 -6.004926 -1.617233
v 8.898457 -6.004926 -1.626369
v 9.233463 -6.004926 -1.632915
v 9.671062 -6.004926 -1.637302
v 10.226173 -6.004926 -1.639965
v 10.913708 -6.004926 -1.641331
v 11.748585 -6.004926 -1.641834
v 12.745716 -6.004926 -1.641907
v 13.742851 -7.203732 -1.641834
v 14.577728 -7.203732 -1.641331
v 15.265263 -7.203732 -1.639965
v 15.820374 -7.203732 -1.637302
v 16.257973 -7.203732 -1.632915
v 16.592979 -7.203732 -1.626369
v 16.840305 -7.203732 -1.617233
v 17.014870 -7.203732 -1.605076
v 17.131584 -7.203732 -1.589466
v 17.205364 -7.203732 -1.569973
v 17.251129 -7.203732 -1.546162
v 17.283791 -7.203732 -1.517605
v 17.311047 -7.203732 -1.487694
v 17.334011 -7.203732 -1.452862
v 17.353046 -7.203732 -1.406895
v 17.368519 -7.203732 -1.343578
v 17.380798 -7.203732 -1.256695
v 17.390251 -7.203732 -1.140030
v 17.397240 -7.203732 -0.987370
v 17.402138 -7.203732 -0.792496
v 17.405308 -7.203732 -0.549194
v 17.407116 -7.203732 -0.251251
v 17.407932 -7.203732 0.107548
v 17.408123 -7.203732 0.533421
v 17.407932 -7.203732 0.959293
v 17.407116 -7.203732 1.318092
v 17.405308 -7.203732 1.616035
v 17.402138 -7.203732 1.859337
v 17.397240 -7.203732 2.054211
v 17.390251 -7.203732 2.206871
v 17.380802 -7.203732 2.323536
v 17.368523 -7.203732 2.410419
v 17.353050 -7.203732 2.473736
v 17.334015 -7.203732 2.519703
v 17.311050 -7.203732 2.554535
v 17.283791 -7.203732 2.584446
v 17.251125 -7.203732 2.613007
v 17.205360 -7.203732 2.636818
v 17.131580 -7.203732 2.656311
v 17.014866 -7.203732 2.671921
v 16.840302 -7.203732 2.684078
v 16.592976 -7.203732 2.693214
v 16.257969 -7.203732 2.699760
v 15.820370 -7.203732 2.704147
v 15.265259 -7.203732 2.706810
v 14.577724 -7.203732 2.708176
v 13.742847 -7.203732 2.708679
v 12.745716 -7.203732 2.708752
v 11.748581 -7.203732 2.708675
v 10.913704 -7.203732 2.708172
v 10.226170 -7.203732 2.706806
v 9.671059 -7.203732 2.704144
v 9.233459 -7.203732 2.699757
v 8.898453 -7.203732 2.693211
v 8.651127 -7.203732 2.684074
v 8.476562 -7.203732 2.671917
v 8.359848 -7.203732 2.656307
v 8.286068 -7.203732 2.636814
v 8.240303 -7.203732 2.613003
v 8.207642 -7.203732 2.584446
v 8.180386 -7.203732 2.554535
v 8.157421 -7.203732 2.519703
v 8.138386 -7.203732 2.473736
v 8.122913 -7.203732 2.410419
v 8.110634 -7.203732 2.323536
v 8.101181 -7.203732 2.206871
v 8.094193 -7.203732 2.054211
v 8.089294 -7.203732 1.859337
v 8.086124 -7.203732 1.616035
v 8.084316 -7.203732 1.318092
v 8.083500 -7.203732 0.959293
v 8.083309 -7.203732 0.533421
v 8.083500 -7.203732 0.107548
v 8.084316 -7.203732 -0.251251
v 8.086124 -7.203732 -0.549194
v 8.089294 -7.203732 -0.792496
v 8.094193 -7.203732 -0.987370
v 8.101181 -7.203732 -1.140030
v 8.110630 -7.203732 -1.256695
v 8.122910 -7.203732 -1.343578
v 8.138382 -7.203732 -1.406895
v 8.157417 -7.203732 -1.452862
v 8.180382 -7.203732 -1.487694
v 8.207642 -7.203732 -1.517605
v 8.240307 -7.203732 -1.546162
v 8.286072 -7.203732 -1.569973
v 8.359852 -7.203732 -1.589466
v 8.476566 -7.203732 -1.605076
v 8.651131 -7.203732 -1.617233
v 8.898457 -7.203732 -1.626369
v 9.233463 -7.203732 -1.632915
v 9.671062 -7.203732 -1.637302
v 10.226173 -7.203732 -1.639965
v 10.913708 -7.203732 -1.641331
v 11.748585 -7.203732 -1.641834
v 12.745716 -7.203732 -1.641907
v 13.742851 -7.203732 -1.641834
v 13.742851 -6.004926 -1.641834
v 14.577728 -7.203732 -1.641331
v 14.577728 -6.004926 -1.641331
v 15.265263 -7.203732 -1.639965
v 15.265263 -6.004926 -1.639965
v 15.820374 -7.203732 -1.637302
v 15.820374 -6.004926 -1.637302
v 16.257973 -7.203732 -1.632915
v 16.257973 -6.004926 -1.632915
v 16.592979 -7.203732 -1.626369
v 16.592979 -6.004926 -1.626369
v 16.840305 -7.203732 -1.617233
v 16.840305 -6.004926 -1.617233
v 17.014870 -7.203732 -1.605076
v 17.014870 -6.004926 -1.605076
v 17.131584 -7.203732 -1.589466
v 17.131584 -6.004926 -1.589466
v 17.205364 -7.203732 -1.569973
v 17.205364 -6.004926 -1.569973
v 17.251129 -7.203732 -1.546162
v 17.251129 -6.004926 -1.546162
v 17.283791 -7.203732 -1.517605
v 17.283791 -6.004926 -1.517605
v 17.311047 -7.203732 -1.487694
v 17.311047 -6.004926 -1.487694
v 17.334011 -7.203732 -1.452862
v 17.334011 -6.004926 -1.452862
v 17.353046 -7.203732 -1.406895
v 17.353046 -6.004926 -1.406895
v 17.368519 -7.203732 -1.343578
v 17.368519 -6.004926 -1.343578
v 17.380798 -7.203732 -1.256695
v 17.380798 -6.004926 -1.256695
v 17.390251 -7.203732 -1.140030
v 17.390251 -6.004926 -1.140030
v 17.397240 -7.203732 -0.987370
v 17.397240 -6.004926 -0.987370
v 17.402138 -7.203732 -0.792496
v 17.402138 -6.004926 -0.792496
v 17.405308 -7.203732 -0.549194
v 17.405308 -6.004926 -0.549194
v 17.407116 -7.203732 -0.251251
v 17.407116 -6.004926 -0.251251
v 17.407932 -7.203732 0.107548
v 17.407932 -6.004926 0.107548
v 17.408123 -7.203732 0.533421
v 17.408123 -6.004926 0.533421
v 17.407932 -7.203732 0.959293
v 17.407932 -6.004926 0.959293
v 17.407116 -7.203732 1.318092
v 17.407116 -6.004926 1.318092
v 17.405308 -7.203732 1.616035
v 17.405308 -6.004926 1.616035
v 17.402138 -7.203732 1.859337
v 17.402138 -6.004926 1.859337
v 17.397240 -7.203732 2.054211
v 17.397240 -6.004926 2.054211
v 17.390251 -7.203732 2.206871
v 17.390251 -6.004926 2.206871
v 17.380802 -7.203732 2.323536
v 17.380802 -6.004926 2.323536
v 17.368523 -7.203732 2.410419
v 17.368523 -6.004926 2.410419
v 17.353050 -7.203732 2.473736
v 17.353050 -6.004926 2.473736
v 17.334015 -7.203732 2.519703
v 17.334015 -6.004926 2.519703
v 17.311050 -7.203732 2.554535
v 17.311050 -6.004926 2.554535
v 17.283791 -7.203732 2.584446
v 17.283791 -6.004926 2.584446
v 17.251125 -7.203732 2.613007
v 17.251125 -6.004926 2.613007
v 17.205360 -7.203732 2.636818
v 17.205360 -6.004926 2.636818
v 17.131580 -7.203732 2.656311
v 17.131580 -6.004926 2.656311
v 17.014866 -7.203732 2.671921
v 17.014866 -6.004926 2.671921
v 16.840302 -7.203732 2.684078
v 16.840302 -6.004926 2.684078
v 16.592976 -7.203732 2.693214
v 16.592976 -6.004926 2.693214
v 16.257969 -7.203732 2.699760
v 16.257969 -6.004926 2.699760
v 15.820370 -7.203732 2.704147
v 15.820370 -6.004926 2.704147
v 15.265259 -7.203732 2.706810
v 15.265259 -6.004926 2.706810
v 14.577724 -7.203732 2.708176
v 14.577724 -6.004926 2.708176
v 13.742847 -7.203732 2.708679
v 13.742847 -6.004926 2.708679
v 12.745716 -7.203732 2.708752
v 12.745716 -6.004926 2.708752
v 11.748581 -7.203732 2.708675
v 11.748581 -6.004926 2.708675
v 10.913704 -7.203732 2.708172
v 10.913704 -6.004926 2.708172
v 10.226170 -7.203732 2.706806
v 10.226170 -6.004926 2.706806
v 9.671059 -7.203732 2.704144
v 9.671059 -6.004926 2.704144
v 9.233459 -7.203732 2.699757
v 9.233459 -6.004926 2.699757
v 8.898453 -7.203732 2.693211
v 8.898453 -6.004926 2.693211
v 8.651127 -7.203732 2.684074
v 8.651127 -6.004926 2.684074
v 8.476562 -7.203732 2.671917
v 8.476562 -6.004926 2.671917
v 8.359848 -7.203732 2.656307
v 8.359848 -6.004926 2.656307
v 8.286068 -7.203732 2.636814
v 8.286068 -6.004926 2.636814
v 8.240303 -7.203732 2.613003
v 8.240303 -6.004926 2.613003
v 8.207642 -7.203732 2.584446
v 8.207642 -6.004926 2.584446
v 8.180386 -7.203732 2.554535
v 8.180386 -6.004926 2.554535
v 8.157421 -7.203732 2.519703
v 8.157421 -6.004926 2.519703
v 8.138386 -7.203732 2.473736
v 8.138386 -6.004926 2.473736
v 8.122913 -7.203732 2.410419
v 8.122913 -6.004926 2.410419
v 8.110634 -7.203732 2.323536
v 8.110634 -6.004926 2.323536
v 8.101181 -7.203732 2.206871
v 8.101181 -6.004926 2.206871
v 8.094193 -7.203732 2.054211
v 8.094193 -6.004926 2.054211
v 8.089294 -7.203732 1.859337
v 8.089294 -6.004926 1.859337
v 8.086124 -7.203732 1.616035
v 8.086124 -6.004926 1.616035
v 8.084316 -7.203732 1.318092
v 8.084316 -6.004926 1.318092
v 8.083500 -7.203732 0.959293
v 8.083500 -6.004926 0.959293
v 8.083309 -7.203732 0.533421
v 8.083309 -6.004926 0.533421
v 8.083500 -7.203732 0.107548
v 8.083500 -6.004926 0.107548
v 8.084316 -7.203732 -0.251251
v 8.084316 -6.004926 -0.251251
v 8.086124 -7.203732 -0.549194
v 8.086124 -6.004926 -0.549194
v 8.089294 -7.203732 -0.792496
v 8.089294 -6.004926 -0.792496
v 8.094193 -7.203732 -0.987370
v 8.094193 -6.004926 -0.987370
v 8.101181 -7.203732 -1.140030
v 8.101181 -6.004926 -1.140030
v 8.110630 -7.203732 -1.256695
v 8.110630 -6.004926 -1.256695
v 8.122910 -7.203732 -1.343578
v 8.122910 -6.004926 -1.343578
v 8.138382 -7.203732 -1.406895
v 8.138382 -6.004926 -1.406895
v 8.157417 -7.203732 -1.452862
v 8.157417 -6.004926 -1.452862
v 8.180382 -7.203732 -1.487694
v 8.180382 -6.004926 -1.487694
v 8.207642 -7.203732 -1.517605
v 8.207642 -6.004926 -1.517605
v 8.240307 -7.203732 -1.546162
v 8.240307 -6.004926 -1.546162
v 8.286072 -7.203732 -1.569973
v 8.286072 -6.004926 -1.569973
v 8.359852 -7.203732 -1.589466
v 8.359852 -6.004926 -1.589466
v 8.476566 -7.203732 -1.605076
v 8.476566 -6.004926 -1.605076
v 8.651131 -7.203732 -1.617233
v 8.651131 -6.004926 -1.617233
v 8.898457 -7.203732 -1.626369
v 8.898457 -6.004926 -1.626369
v 9.233463 -7.203732 -1.632915
v 9.233463 -6.004926 -1.632915
v 9.671062 -7.203732 -1.637302
v 9.671062 -6.004926 -1.637302
v 10.226173 -7.203732 -1.639965
v 10.226173 -6.004926 -1.639965
v 10.913708 -7.203732 -1.641331
v 10.913708 -6.004926 -1.641331
v 11.748585 -7.203732 -1.641834
v 11.748585 -6.004926 -1.641834
v 12.745716 -7.203732 -1.641907
v 12.745716 -6.004926 -1.641907
vn -0.0000 1.0000 -0.0000
vn -0.0000 -1.0000 -0.0000
vn 0.0003 -0.0000 -1.0000
vn 0.0013 -0.0000 -1.0000
vn 0.0034 -0.0000 -1.0000
vn 0.0074 -0.0000 -1.0000
vn 0.0148 -0.0000 -0.9999
vn 0.0282 -0.0000 -0.9996
vn 0.0532 -0.0000 -0.9986
vn 0.1011 -0.0000 -0.9949
vn 0.1944 -0.0000 -0.9809
vn 0.3607 -0.0000 -0.9327
vn 0.5639 -0.0000 -0.8258
vn 0.6998 -0.0000 -0.7143
vn 0.7894 -0.0000 -0.6138
vn 0.8834 -0.0000 -0.4686
vn 0.9504 -0.0000 -0.3109
vn 0.9820 -0.0000 -0.1889
vn 0.9939 -0.0000 -0.1104
vn 0.9980 -0.0000 -0.0633
vn 0.9994 -0.0000 -0.0354
vn 0.9998 -0.0000 -0.0191
vn 1.0000 -0.0000 -0.0095
vn 1.0000 -0.0000 -0.0042
vn 1.0000 -0.0000 -0.0014
vn 1.0000 -0.0000 -0.0000
vn 1.0000 -0.0000 0.0014
vn 1.0000 -0.0000 0.0042
vn 1.0000 -0.0000 0.0095
vn 0.9998 -0.0000 0.0191
vn 0.9994 -0.0000 0.0354
vn 0.9980 -0.0000 0.0632
vn 0.9939 -0.0000 0.1104
vn 0.9820 -0.0000 0.1889
vn 0.9504 -0.0000 0.3109
vn 0.8834 -0.0000 0.4686
vn 0.7894 -0.0000 0.6139
vn 0.6998 -0.0000 0.7144
vn 0.5639 -0.0000 0.8258
vn 0.3607 -0.0000 0.9327
vn 0.1944 -0.0000 0.9809
vn 0.1011 -0.0000 0.9949
vn 0.0532 -0.0000 0.9986
vn 0.0282 -0.0000 0.9996
vn 0.0148 -0.0000 0.9999
vn 0.0074 -0.0000 1.0000
vn 0.0034 -0.0000 1.0000
vn 0.0013 -0.0000 1.0000
vn 0.0003 -0.0000 1.0000
vn -0.0000 -0.0000 1.0000
vn -0.0003 -0.0000 1.0000
vn -0.0013 -0.0000 1.0000
vn -0.0034 -0.0000 1.0000
vn -0.0074 -0.0000 1.0000
vn -0.0148 -0.0000 0.9999
vn -0.0282 -0.0000 0.9996
vn -0.0532 -0.0000 0.9986
vn -0.1011 -0.0000 0.9949
vn -0.1944 -0.0000 0.9809
vn -0.3607 -0.0000 0.9327
vn -0.5639 -0.0000 0.8258
vn -0.6998 -0.0000 0.7143
vn -0.7894 -0.0000 0.6138
vn -0.8834 -0.0000 0.4686
vn -0.9504 -0.0000 0.3109
vn -0.9820 -0.0000 0.1889
vn -0.9939 -0.0000 0.1104
vn -0.9980 -0.0000 0.0633
vn -0.9994 -0.0000 0.0354
vn -0.9998 -0.0000 0.0191
vn -1.0000 -0.0000 0.0095
vn -1.0000 -0.0000 0.0042
vn -1.0000 -0.0000 0.0014
vn -1.0000 -0.0000 -0.0000
vn -1.0000 -0.0000 -0.0014
vn -1.0000 -0.0000 -0.0042
vn -1.0000 -0.0000 -0.0095
vn -0.9998 -0.0000 -0.0191
vn -0.9994 -0.0000 -0.0354
vn -0.9980 -0.0000 -0.0632
vn -0.9939 -0.0000 -0.1104
vn -0.9820 -0.0000 -0.1889
vn -0.9504 -0.0000 -0.3109
vn -0.8834 -0.0000 -0.4686
vn -0.7894 -0.0000 -0.6139
vn -0.6998 -0.0000 -0.7144
vn -0.5639 -0.0000 -0.8259
vn -0.3607 -0.0000 -0.9327
vn -0.1944 -0.0000 -0.9809
vn -0.1011 -0.0000 -0.9949
vn -0.0532 -0.0000 -0.9986
vn -0.0282 -0.0000 -0.9996
vn -0.0148 -0.0000 -0.9999
vn -0.0074 -0.0000 -1.0000
vn -0.0034 -0.0000 -1.0000
vn -0.0013 -0.0000 -1.0000
vn -0.0003 -0.0000 -1.0000
vn -0.0000 -0.0000 -1.0000
vt 0.989474 0.000000
vt 0.000000 0.000000
vt 1.000000 0.000000
vt 0.978947 0.000000
vt 0.010526 0.000000
vt 0.968421 0.000000
vt 0.021053 0.000000
vt 0.957895 0.000000
vt 0.031579 0.000000
vt 0.947368 0.000000
vt 0.042105 0.000000
vt 0.936842 0.000000
vt 0.052632 0.000000
vt 0.926316 0.000000
vt 0.063158 0.000000
vt 0.915789 0.000000
vt 0.073684 0.000000
vt 0.905263 0.000000
vt 0.084211 0.000000
vt 0.894737 0.000000
vt 0.094737 0.000000
vt 0.884211 0.000000
vt 0.105263 0.000000
vt 0.873684 0.000000
vt 0.115789 0.000000
vt 0.863158 0.000000
vt 0.126316 0.000000
vt 0.852632 0.000000
vt 0.136842 0.000000
vt 0.842105 0.000000
vt 0.147368 0.000000
vt 0.831579 0.000000
vt 0.157895 0.000000
vt 0.821053 0.000000
vt 0.168421 0.000000
vt 0.810526 0.000000
vt 0.178947 0.000000
vt 0.800000 0.000000
vt 0.189474 0.000000
vt 0.789474 0.000000
vt 0.200000 0.000000
vt 0.778947 0.000000
vt 0.210526 0.000000
vt 0.768421 0.000000
vt 0.221053 0.000000
vt 0.757895 0.000000
vt 0.231579 0.000000
vt 0.747368 0.000000
vt 0.242105 0.000000
vt 0.736842 0.000000
vt 0.252632 0.000000
vt 0.726316 0.000000
vt 0.263158 0.000000
vt 0.715789 0.000000
vt 0.273684 0.000000
vt 0.705263 0.000000
vt 0.284211 0.000000
vt 0.694737 0.000000
vt 0.294737 0.000000
vt 0.684211 0.000000
vt 0.305263 0.000000
vt 0.673684 0.000000
vt 0.315789 0.000000
vt 0.663158 0.000000
vt 0.326316 0.000000
vt 0.652632 0.000000
vt 0.336842 0.000000
vt 0.642105 0.000000
vt 0.347368 0.000000
vt 0.631579 0.000000
vt 0.357895 0.000000
vt 0.621053 0.000000
vt 0.368421 0.000000
vt 0.610526 0.000000
vt 0.378947 0.000000
vt 0.600000 0.000000
vt 0.389474 0.000000
vt 0.589474 0.000000
vt 0.400000 0.000000
vt 0.578947 0.000000
vt 0.410526 0.000000
vt 0.568421 0.000000
vt 0.421053 0.000000
vt 0.557895 0.000000
vt 0.431579 0.000000
vt 0.547368 0.000000
vt 0.442105 0.000000
vt 0.536842 0.000000
vt 0.452632 0.000000
vt 0.526316 0.000000
vt 0.463158 0.000000
vt 0.515789 0.000000
vt 0.473684 0.000000
vt 0.505263 0.000000
vt 0.484211 0.000000
vt 0.494737 0.000000
vt 0.000000 1.000000
vt 0.010417 1.000000
vt 0.010417 0.000000
vt 0.020833 1.000000
vt 0.020833 0.000000
vt 0.031250 1.000000
vt 0.031250 0.000000
vt 0.041667 1.000000
vt 0.041667 0.000000
vt 0.052083 1.000000
vt 0.052083 0.000000
vt 0.062500 1.000000
vt 0.062500 0.000000
vt 0.072917 1.000000
vt 0.072917 0.000000
vt 0.083333 1.000000
vt 0.083333 0.000000
vt 0.093750 1.000000
vt 0.093750 0.000000
vt 0.104167 1.000000
vt 0.104167 0.000000
vt 0.114583 1.000000
vt 0.114583 0.000000
vt 0.125000 1.000000
vt 0.125000 0.000000
vt 0.135417 1.000000
vt 0.135417 0.000000
vt 0.145833 1.000000
vt 0.145833 0.000000
vt 0.156250 1.000000
vt 0.156250 0.000000
vt 0.166667 1.000000
vt 0.166667 0.000000
vt 0.177083 1.000000
vt 0.177083 0.000000
vt 0.187500 1.000000
vt 0.187500 0.000000
vt 0.197917 1.000000
vt 0.197917 0.000000
vt 0.208333 1.000000
vt 0.208333 0.000000
vt 0.218750 1.000000
vt 0.218750 0.000000
vt 0.229167 1.000000
vt 0.229167 0.000000
vt 0.239583 1.000000
vt 0.239583 0.000000
vt 0.250000 1.000000
vt 0.250000 0.000000
vt 0.260417 1.000000
vt 0.260417 0.000000
vt 0.270833 1.000000
vt 0.270833 0.000000
vt 0.281250 1.000000
vt 0.281250 0.000000
vt 0.291667 1.000000
vt 0.291667 0.000000
vt 0.302083 1.000000
vt 0.302083 0.000000
vt 0.312500 1.000000
vt 0.312500 0.000000
vt 0.322917 1.000000
vt 0.322917 0.000000
vt 0.333333 1.000000
vt 0.333333 0.000000
vt 0.343750 1.000000
vt 0.343750 0.000000
vt 0.354167 1.000000
vt 0.354167 0.000000
vt 0.364583 1.000000
vt 0.364583 0.000000
vt 0.375000 1.000000
vt 0.375000 0.000000
vt 0.385417 1.000000
vt 0.385417 0.000000
vt 0.395833 1.000000
vt 0.395833 0.000000
vt 0.406250 1.000000
vt 0.406250 0.000000
vt 0.416667 1.000000
vt 0.416667 0.000000
vt 0.427083 1.000000
vt 0.427083 0.000000
vt 0.437500 1.000000
vt 0.437500 0.000000
vt 0.447917 1.000000
vt 0.447917 0.000000
vt 0.458333 1.000000
vt 0.458333 0.000000
vt 0.468750 1.000000
vt 0.468750 0.000000
vt 0.479167 1.000000
vt 0.479167 0.000000
vt 0.489583 1.000000
vt 0.489583 0.000000
vt 0.500000 1.000000
vt 0.500000 0.000000
vt 0.510417 1.000000
vt 0.510417 0.000000
vt 0.520833 1.000000
vt 0.520833 0.000000
vt 0.531250 1.000000
vt 0.531250 0.000000
vt 0.541667 1.000000
vt 0.541667 0.000000
vt 0.552083 1.000000
vt 0.552083 0.000000
vt 0.562500 1.000000
vt 0.562500 0.000000
vt 0.572917 1.000000
vt 0.572917 0.000000
vt 0.583333 1.000000
vt 0.583333 0.000000
vt 0.593750 1.000000
vt 0.593750 0.000000
vt 0.604167 1.000000
vt 0.604167 0.000000
vt 0.614583 1.000000
vt 0.614583 0.000000
vt 0.625000 1.000000
vt 0.625000 0.000000
vt 0.635417 1.000000
vt 0.635417 0.000000
vt 0.645833 1.000000
vt 0.645833 0.000000
vt 0.656250 1.000000
vt 0.656250 0.000000
vt 0.666667 1.000000
vt 0.666667 0.000000
vt 0.677083 1.000000
vt 0.677083 0.000000
vt 0.687500 1.000000
vt 0.687500 0.000000
vt 0.697917 1.000000
vt 0.697917 0.000000
vt 0.708333 1.000000
vt 0.708333 0.000000
vt 0.718750 1.000000
vt 0.718750 0.000000
vt 0.729167 1.000000
vt 0.729167 0.000000
vt 0.739583 1.000000
vt 0.739583 0.000000
vt 0.750000 1.000000
vt 0.750000 0.000000
vt 0.760417 1.000000
vt 0.760417 0.000000
vt 0.770833 1.000000
vt 0.770833 0.000000
vt 0.781250 1.000000
vt 0.781250 0.000000
vt 0.791667 1.000000
vt 0.791667 0.000000
vt 0.802083 1.000000
vt 0.802083 0.000000
vt 0.812500 1.000000
vt 0.812500 0.000000
vt 0.822917 1.000000
vt 0.822917 0.000000
vt 0.833333 1.000000
vt 0.833333 0.000000
vt 0.843750 1.000000
vt 0.843750 0.000000
vt 0.854167 1.000000
vt 0.854167 0.000000
vt 0.864583 1.000000
vt 0.864583 0.000000
vt 0.875000 1.000000
vt 0.875000 0.000000
vt 0.885417 1.000000
vt 0.885417 0.000000
vt 0.895833 1.000000
vt 0.895833 0.000000
vt 0.906250 1.000000
vt 0.906250 0.000000
vt 0.916667 1.000000
vt 0.916667 0.000000
vt 0.927083 1.000000
vt 0.927083 0.000000
vt 0.937500 1.000000
vt 0.937500 0.000000
vt 0.947917 1.000000
vt 0.947917 0.000000
vt 0.958333 1.000000
vt 0.958333 0.000000
vt 0.968750 1.000000
vt 0.968750 0.000000
vt 0.979167 1.000000
vt 0.979167 0.000000
vt 0.989583 1.000000
vt 0.989583 0.000000
vt 1.000000 1.000000
s 0
usemtl Material.001
f 3551/4012/1461 3457/4013/1461 3552/4014/1461
f 3550/4015/1461 3457/4013/1461 3551/4012/1461
f 3550/4015/1461 3458/4016/1461 3457/4013/1461
f 3549/4017/1461 3458/4016/1461 3550/4015/1461
f 3549/4017/1461 3459/4018/1461 3458/4016/1461
f 3548/4019/1461 3459/4018/1461 3549/4017/1461
f 3548/4019/1461 3460/4020/1461 3459/4018/1461
f 3547/4021/1461 3460/4020/1461 3548/4019/1461
f 3547/4021/1461 3461/4022/1461 3460/4020/1461
f 3546/4023/1461 3461/4022/1461 3547/4021/1461
f 3546/4023/1461 3462/4024/1461 3461/4022/1461
f 3545/4025/1461 3462/4024/1461 3546/4023/1461
f 3545/4025/1461 3463/4026/1461 3462/4024/1461
f 3544/4027/1461 3463/4026/1461 3545/4025/1461
f 3544/4027/1461 3464/4028/1461 3463/4026/1461
f 3543/4029/1461 3464/4028/1461 3544/4027/1461
f 3543/4029/1461 3465/4030/1461 3464/4028/1461
f 3542/4031/1461 3465/4030/1461 3543/4029/1461
f 3542/4031/1461 3466/4032/1461 3465/4030/1461
f 3541/4033/1461 3466/4032/1461 3542/4031/1461
f 3541/4033/1461 3467/4034/1461 3466/4032/1461
f 3540/4035/1461 3467/4034/1461 3541/4033/1461
f 3540/4035/1461 3468/4036/1461 3467/4034/1461
f 3539/4037/1461 3468/4036/1461 3540/4035/1461
f 3539/4037/1461 3469/4038/1461 3468/4036/1461
f 3538/4039/1461 3469/4038/1461 3539/4037/1461
f 3538/4039/1461 3470/4040/1461 3469/4038/1461
f 3537/4041/1461 3470/4040/1461 3538/4039/1461
f 3537/4041/1461 3471/4042/1461 3470/4040/1461
f 3536/4043/1461 3471/4042/1461 3537/4041/1461
f 3536/4043/1461 3472/4044/1461 3471/4042/1461
f 3535/4045/1461 3472/4044/1461 3536/4043/1461
f 3535/4045/1461 3473/4046/1461 3472/4044/1461
f 3534/4047/1461 3473/4046/1461 3535/4045/1461
f 3534/4047/1461 3474/4048/1461 3473/4046/1461
f 3533/4049/1461 3474/4048/1461 3534/4047/1461
f 3533/4049/1461 3475/4050/1461 3474/4048/1461
f 3532/4051/1461 3475/4050/1461 3533/4049/1461
f 3532/4051/1461 3476/4052/1461 3475/4050/1461
f 3531/4053/1461 3476/4052/1461 3532/4051/1461
f 3531/4053/1461 3477/4054/1461 3476/4052/1461
f 3530/4055/1461 3477/4054/1461 3531/4053/1461
f 3530/4055/1461 3478/4056/1461 3477/4054/1461
f 3529/4057/1461 3478/4056/1461 3530/4055/1461
f 3529/4057/1461 3479/4058/1461 3478/4056/1461
f 3528/4059/1461 3479/4058/1461 3529/4057/1461
f 3528/4059/1461 3480/4060/1461 3479/4058/1461
f 3527/4061/1461 3480/4060/1461 3528/4059/1461
f 3527/4061/1461 3481/4062/1461 3480/4060/1461
f 3526/4063/1461 3481/4062/1461 3527/4061/1461
f 3526/4063/1461 3482/4064/1461 3481/4062/1461
f 3525/4065/1461 3482/4064/1461 3526/4063/1461
f 3525/4065/1461 3483/4066/1461 3482/4064/1461
f 3524/4067/1461 3483/4066/1461 3525/4065/1461
f 3524/4067/1461 3484/4068/1461 3483/4066/1461
f 3523/4069/1461 3484/4068/1461 3524/4067/1461
f 3523/4069/1461 3485/4070/1461 3484/4068/1461
f 3522/4071/1461 3485/4070/1461 3523/4069/1461
f 3522/4071/1461 3486/4072/1461 3485/4070/1461
f 3521/4073/1461 3486/4072/1461 3522/4071/1461
f 3521/4073/1461 3487/4074/1461 3486/4072/1461
f 3520/4075/1461 3487/4074/1461 3521/4073/1461
f 3520/4075/1461 3488/4076/1461 3487/4074/1461
f 3519/4077/1461 3488/4076/1461 3520/4075/1461
f 3519/4077/1461 3489/4078/1461 3488/4076/1461
f 3518/4079/1461 3489/4078/1461 3519/4077/1461
f 3518/4079/1461 3490/4080/1461 3489/4078/1461
f 3517/4081/1461 3490/4080/1461 3518/4079/1461
f 3517/4081/1461 3491/4082/1461 3490/4080/1461
f 3516/4083/1461 3491/4082/1461 3517/4081/1461
f 3516/4083/1461 3492/4084/1461 3491/4082/1461
f 3515/4085/1461 3492/4084/1461 3516/4083/1461
f 3515/4085/1461 3493/4086/1461 3492/4084/1461
f 3514/4087/1461 3493/4086/1461 3515/4085/1461
f 3514/4087/1461 3494/4088/1461 3493/4086/1461
f 3513/4089/1461 3494/4088/1461 3514/4087/1461
f 3513/4089/1461 3495/4090/1461 3494/4088/1461
f 3512/4091/1461 3495/4090/1461 3513/4089/1461
f 3512/4091/1461 3496/4092/1461 3495/4090/1461
f 3511/4093/1461 3496/4092/1461 3512/4091/1461
f 3511/4093/1461 3497/4094/1461 3496/4092/1461
f 3510/4095/1461 3497/4094/1461 3511/4093/1461
f 3510/4095/1461 3498/4096/1461 3497/4094/1461
f 3509/4097/1461 3498/4096/1461 3510/4095/1461
f 3509/4097/1461 3499/4098/1461 3498/4096/1461
f 3508/4099/1461 3499/4098/1461 3509/4097/1461
f 3508/4099/1461 3500/4100/1461 3499/4098/1461
f 3507/4101/1461 3500/4100/1461 3508/4099/1461
f 3507/4101/1461 3501/4102/1461 3500/4100/1461
f 3506/4103/1461 3501/4102/1461 3507/4101/1461
f 3506/4103/1461 3502/4104/1461 3501/4102/1461
f 3505/4105/1461 3502/4104/1461 3506/4103/1461
f 3505/4105/1461 3503/4106/1461 3502/4104/1461
f 3504/4107/1461 3503/4106/1461 3505/4105/1461
f 3647/4012/1462 3648/4014/1462 3553/4013/1462
f 3646/4015/1462 3647/4012/1462 3553/4013/1462
f 3646/4015/1462 3553/4013/1462 3554/4016/1462
f 3645/4017/1462 3646/4015/1462 3554/4016/1462
f 3645/4017/1462 3554/4016/1462 3555/4018/1462
f 3644/4019/1462 3645/4017/1462 3555/4018/1462
f 3644/4019/1462 3555/4018/1462 3556/4020/1462
f 3643/4021/1462 3644/4019/1462 3556/4020/1462
f 3643/4021/1462 3556/4020/1462 3557/4022/1462
f 3642/4023/1462 3643/4021/1462 3557/4022/1462
f 3642/4023/1462 3557/4022/1462 3558/4024/1462
f 3641/4025/1462 3642/4023/1462 3558/4024/1462
f 3641/4025/1462 3558/4024/1462 3559/4026/1462
f 3640/4027/1462 3641/4025/1462 3559/4026/1462
f 3640/4027/1462 3559/4026/1462 3560/4028/1462
f 3639/4029/1462 3640/4027/1462 3560/4028/1462
f 3639/4029/1462 3560/4028/1462 3561/4030/1462
f 3638/4031/1462 3639/4029/1462 3561/4030/1462
f 3638/4031/1462 3561/4030/1462 3562/4032/1462
f 3637/4033/1462 3638/4031/1462 3562/4032/1462
f 3637/4033/1462 3562/4032/1462 3563/4034/1462
f 3636/4035/1462 3637/4033/1462 3563/4034/1462
f 3636/4035/1462 3563/4034/1462 3564/4036/1462
f 3635/4037/1462 3636/4035/1462 3564/4036/1462
f 3635/4037/1462 3564/4036/1462 3565/4038/1462
f 3634/4039/1462 3635/4037/1462 3565/4038/1462
f 3634/4039/1462 3565/4038/1462 3566/4040/1462
f 3633/4041/1462 3634/4039/1462 3566/4040/1462
f 3633/4041/1462 3566/4040/1462 3567/4042/1462
f 3632/4043/1462 3633/4041/1462 3567/4042/1462
f 3632/4043/1462 3567/4042/1462 3568/4044/1462
f 3631/4045/1462 3632/4043/1462 3568/4044/1462
f 3631/4045/1462 3568/4044/1462 3569/4046/1462
f 3630/4047/1462 3631/4045/1462 3569/4046/1462
f 3630/4047/1462 3569/4046/1462 3570/4048/1462
f 3629/4049/1462 3630/4047/1462 3570/4048/1462
f 3629/4049/1462 3570/4048/1462 3571/4050/1462
f 3628/4051/1462 3629/4049/1462 3571/4050/1462
f 3628/4051/1462 3571/4050/1462 3572/4052/1462
f 3627/4053/1462 3628/4051/1462 3572/4052/1462
f 3627/4053/1462 3572/4052/1462 3573/4054/1462
f 3626/4055/1462 3627/4053/1462 3573/4054/1462
f 3626/4055/1462 3573/4054/1462 3574/4056/1462
f 3625/4057/1462 3626/4055/1462 3574/4056/1462
f 3625/4057/1462 3574/4056/1462 3575/4058/1462
f 3624/4059/1462 3625/4057/1462 3575/4058/1462
f 3624/4059/1462 3575/4058/1462 3576/4060/1462
f 3623/4061/1462 3624/4059/1462 3576/4060/1462
f 3623/4061/1462 3576/4060/1462 3577/4062/1462
f 3622/4063/1462 3623/4061/1462 3577/4062/1462
f 3622/4063/1462 3577/4062/1462 3578/4064/1462
f 3621/4065/1462 3622/4063/1462 3578/4064/1462
f 3621/4065/1462 3578/4064/1462 3579/4066/1462
f 3620/4067/1462 3621/4065/1462 3579/4066/1462
f 3620/4067/1462 3579/4066/1462 3580/4068/1462
f 3619/4069/1462 3620/4067/1462 3580/4068/1462
f 3619/4069/1462 3580/4068/1462 3581/4070/1462
f 3618/4071/1462 3619/4069/1462 3581/4070/1462
f 3618/4071/1462 3581/4070/1462 3582/4072/1462
f 3617/4073/1462 3618/4071/1462 3582/4072/1462
f 3617/4073/1462 3582/4072/1462 3583/4074/1462
f 3616/4075/1462 3617/4073/1462 3583/4074/1462
f 3616/4075/1462 3583/4074/1462 3584/4076/1462
f 3615/4077/1462 3616/4075/1462 3584/4076/1462
f 3615/4077/1462 3584/4076/1462 3585/4078/1462
f 3614/4079/1462 3615/4077/1462 3585/4078/1462
f 3614/4079/1462 3585/4078/1462 3586/4080/1462
f 3613/4081/1462 3614/4079/1462 3586/4080/1462
f 3613/4081/1462 3586/4080/1462 3587/4082/1462
f 3612/4083/1462 3613/4081/1462 3587/4082/1462
f 3612/4083/1462 3587/4082/1462 3588/4084/1462
f 3611/4085/1462 3612/4083/1462 3588/4084/1462
f 3611/4085/1462 3588/4084/1462 3589/4086/1462
f 3610/4087/1462 3611/4085/1462 3589/4086/1462
f 3610/4087/1462 3589/4086/1462 3590/4088/1462
f 3609/4089/1462 3610/4087/1462 3590/4088/1462
f 3609/4089/1462 3590/4088/1462 3591/4090/1462
f 3608/4091/1462 3609/4089/1462 3591/4090/1462
f 3608/4091/1462 3591/4090/1462 3592/4092/1462
f 3607/4093/1462 3608/4091/1462 3592/4092/1462
f 3607/4093/1462 3592/4092/1462 3593/4094/1462
f 3606/4095/1462 3607/4093/1462 3593/4094/1462
f 3606/4095/1462 3593/4094/1462 3594/4096/1462
f 3605/4097/1462 3606/4095/1462 3594/4096/1462
f 3605/4097/1462 3594/4096/1462 3595/4098/1462
f 3604/4099/1462 3605/4097/1462 3595/4098/1462
f 3604/4099/1462 3595/4098/1462 3596/4100/1462
f 3603/4101/1462 3604/4099/1462 3596/4100/1462
f 3603/4101/1462 3596/4100/1462 3597/4102/1462
f 3602/4103/1462 3603/4101/1462 3597/4102/1462
f 3602/4103/1462 3597/4102/1462 3598/4104/1462
f 3601/4105/1462 3602/4103/1462 3598/4104/1462
f 3601/4105/1462 3598/4104/1462 3599/4106/1462
f 3600/4107/1462 3601/4105/1462 3599/4106/1462
s 1
f 3650/4108/1463 3652/4109/1464 3651/4110/1464 3649/4013/1463
f 3652/4109/1464 3654/4111/1465 3653/4112/1465 3651/4110/1464
f 3654/4111/1465 3656/4113/1466 3655/4114/1466 3653/4112/1465
f 3656/4113/1466 3658/4115/1467 3657/4116/1467 3655/4114/1466
f 3658/4115/1467 3660/4117/1468 3659/4118/1468 3657/4116/1467
f 3660/4117/1468 3662/4119/1469 3661/4120/1469 3659/4118/1468
f 3662/4119/1469 3664/4121/1470 3663/4122/1470 3661/4120/1469
f 3664/4121/1470 3666/4123/1471 3665/4124/1471 3663/4122/1470
f 3666/4123/1471 3668/4125/1472 3667/4126/1472 3665/4124/1471
f 3668/4125/1472 3670/4127/1473 3669/4128/1473 3667/4126/1472
f 3670/4127/1473 3672/4129/1474 3671/4130/1474 3669/4128/1473
f 3672/4129/1474 3674/4131/1475 3673/4132/1475 3671/4130/1474
f 3674/4131/1475 3676/4133/1476 3675/4134/1476 3673/4132/1475
f 3676/4133/1476 3678/4135/1477 3677/4136/1477 3675/4134/1476
f 3678/4135/1477 3680/4137/1478 3679/4138/1478 3677/4136/1477
f 3680/4137/1478 3682/4139/1479 3681/4140/1479 3679/4138/1478
f 3682/4139/1479 3684/4141/1480 3683/4142/1480 3681/4140/1479
f 3684/4141/1480 3686/4143/1481 3685/4144/1481 3683/4142/1480
f 3686/4143/1481 3688/4145/1482 3687/4146/1482 3685/4144/1481
f 3688/4145/1482 3690/4147/1483 3689/4148/1483 3687/4146/1482
f 3690/4147/1483 3692/4149/1484 3691/4150/1484 3689/4148/1483
f 3692/4149/1484 3694/4151/1485 3693/4152/1485 3691/4150/1484
f 3694/4151/1485 3696/4153/1486 3695/4154/1486 3693/4152/1485
f 3696/4153/1486 3698/4155/1487 3697/4156/1487 3695/4154/1486
f 3698/4155/1487 3700/4157/1488 3699/4158/1488 3697/4156/1487
f 3700/4157/1488 3702/4159/1489 3701/4160/1489 3699/4158/1488
f 3702/4159/1489 3704/4161/1490 3703/4162/1490 3701/4160/1489
f 3704/4161/1490 3706/4163/1491 3705/4164/1491 3703/4162/1490
f 3706/4163/1491 3708/4165/1492 3707/4166/1492 3705/4164/1491
f 3708/4165/1492 3710/4167/1493 3709/4168/1493 3707/4166/1492
f 3710/4167/1493 3712/4169/1494 3711/4170/1494 3709/4168/1493
f 3712/4169/1494 3714/4171/1495 3713/4172/1495 3711/4170/1494
f 3714/4171/1495 3716/4173/1496 3715/4174/1496 3713/4172/1495
f 3716/4173/1496 3718/4175/1497 3717/4176/1497 3715/4174/1496
f 3718/4175/1497 3720/4177/1498 3719/4178/1498 3717/4176/1497
f 3720/4177/1498 3722/4179/1499 3721/4180/1499 3719/4178/1498
f 3722/4179/1499 3724/4181/1500 3723/4182/1500 3721/4180/1499
f 3724/4181/1500 3726/4183/1501 3725/4184/1501 3723/4182/1500
f 3726/4183/1501 3728/4185/1502 3727/4186/1502 3725/4184/1501
f 3728/4185/1502 3730/4187/1503 3729/4188/1503 3727/4186/1502
f 3730/4187/1503 3732/4189/1504 3731/4190/1504 3729/4188/1503
f 3732/4189/1504 3734/4191/1505 3733/4192/1505 3731/4190/1504
f 3734/4191/1505 3736/4193/1506 3735/4194/1506 3733/4192/1505
f 3736/4193/1506 3738/4195/1507 3737/4196/1507 3735/4194/1506
f 3738/4195/1507 3740/4197/1508 3739/4198/1508 3737/4196/1507
f 3740/4197/1508 3742/4199/1509 3741/4200/1509 3739/4198/1508
f 3742/4199/1509 3744/4201/1510 3743/4202/1510 3741/4200/1509
f 3744/4201/1510 3746/4203/1511 3745/4204/1511 3743/4202/1510
f 3746/4203/1511 3748/4205/1512 3747/4206/1512 3745/4204/1511
f 3748/4205/1512 3750/4207/1513 3749/4208/1513 3747/4206/1512
f 3750/4207/1513 3752/4209/1514 3751/4210/1514 3749/4208/1513
f 3752/4209/1514 3754/4211/1515 3753/4212/1515 3751/4210/1514
f 3754/4211/1515 3756/4213/1516 3755/4214/1516 3753/4212/1515
f 3756/4213/1516 3758/4215/1517 3757/4216/1517 3755/4214/1516
f 3758/4215/1517 3760/4217/1518 3759/4218/1518 3757/4216/1517
f 3760/4217/1518 3762/4219/1519 3761/4220/1519 3759/4218/1518
f 3762/4219/1519 3764/4221/1520 3763/4222/1520 3761/4220/1519
f 3764/4221/1520 3766/4223/1521 3765/4224/1521 3763/4222/1520
f 3766/4223/1521 3768/4225/1522 3767/4226/1522 3765/4224/1521
f 3768/4225/1522 3770/4227/1523 3769/4228/1523 3767/4226/1522
f 3770/4227/1523 3772/4229/1524 3771/4230/1524 3769/4228/1523
f 3772/4229/1524 3774/4231/1525 3773/4232/1525 3771/4230/1524
f 3774/4231/1525 3776/4233/1526 3775/4234/1526 3773/4232/1525
f 3776/4233/1526 3778/4235/1527 3777/4236/1527 3775/4234/1526
f 3778/4235/1527 3780/4237/1528 3779/4238/1528 3777/4236/1527
f 3780/4237/1528 3782/4239/1529 3781/4240/1529 3779/4238/1528
f 3782/4239/1529 3784/4241/1530 3783/4242/1530 3781/4240/1529
f 3784/4241/1530 3786/4243/1531 3785/4244/1531 3783/4242/1530
f 3786/4243/1531 3788/4245/1532 3787/4246/1532 3785/4244/1531
f 3788/4245/1532 3790/4247/1533 3789/4248/1533 3787/4246/1532
f 3790/4247/1533 3792/4249/1534 3791/4250/1534 3789/4248/1533
f 3792/4249/1534 3794/4251/1535 3793/4252/1535 3791/4250/1534
f 3794/4251/1535 3796/4253/1536 3795/4254/1536 3793/4252/1535
f 3796/4253/1536 3798/4255/1537 3797/4256/1537 3795/4254/1536
f 3798/4255/1537 3800/4257/1538 3799/4258/1538 3797/4256/1537
f 3800/4257/1538 3802/4259/1539 3801/4260/1539 3799/4258/1538
f 3802/4259/1539 3804/4261/1540 3803/4262/1540 3801/4260/1539
f 3804/4261/1540 3806/4263/1541 3805/4264/1541 3803/4262/1540
f 3806/4263/1541 3808/4265/1542 3807/4266/1542 3805/4264/1541
f 3808/4265/1542 3810/4267/1543 3809/4268/1543 3807/4266/1542
f 3810/4267/1543 3812/4269/1544 3811/4270/1544 3809/4268/1543
f 3812/4269/1544 3814/4271/1545 3813/4272/1545 3811/4270/1544
f 3814/4271/1545 3816/4273/1546 3815/4274/1546 3813/4272/1545
f 3816/4273/1546 3818/4275/1547 3817/4276/1547 3815/4274/1546
f 3818/4275/1547 3820/4277/1548 3819/4278/1548 3817/4276/1547
f 3820/4277/1548 3822/4279/1549 3821/4280/1549 3819/4278/1548
f 3822/4279/1549 3824/4281/1550 3823/4282/1550 3821/4280/1549
f 3824/4281/1550 3826/4283/1551 3825/4284/1551 3823/4282/1550
f 3826/4283/1551 3828/4285/1552 3827/4286/1552 3825/4284/1551
f 3828/4285/1552 3830/4287/1553 3829/4288/1553 3827/4286/1552
f 3830/4287/1553 3832/4289/1554 3831/4290/1554 3829/4288/1553
f 3832/4289/1554 3834/4291/1555 3833/4292/1555 3831/4290/1554
f 3834/4291/1555 3836/4293/1556 3835/4294/1556 3833/4292/1555
f 3836/4293/1556 3838/4295/1557 3837/4296/1557 3835/4294/1556
f 3838/4295/1557 3840/4297/1558 3839/4298/1558 3837/4296/1557
f 3840/4297/1558 3650/4299/1463 3649/4014/1463 3839/4298/1558
o Curve.001
v 13.742851 -6.004926 -1.641834
v 14.577728 -6.004926 -1.641331
v 15.265263 -6.004926 -1.639965
v 15.820374 -6.004926 -1.637302
v 16.257973 -6.004926 -1.632915
v 16.592979 -6.004926 -1.626369
v 16.840305 -6.004926 -1.617233
v 17.014870 -6.004926 -1.605076
v 17.131584 -6.004926 -1.589466
v 17.205364 -6.004926 -1.569973
v 17.251129 -6.004926 -1.546162
v 17.283791 -6.004926 -1.517605
v 17.311047 -6.004926 -1.487694
v 17.334011 -6.004926 -1.452862
v 17.353046 -6.004926 -1.406895
v 17.368519 -6.004926 -1.343578
v 17.380798 -6.004926 -1.256695
v 17.390251 -6.004926 -1.140030
v 17.397240 -6.004926 -0.987370
v 17.402138 -6.004926 -0.792496
v 17.405308 -6.004926 -0.549194
v 17.407116 -6.004926 -0.251251
v 17.407932 -6.004926 0.107548
v 17.408123 -6.004926 0.533421
v 17.407932 -6.004926 0.959293
v 17.407116 -6.004926 1.318092
v 17.405308 -6.004926 1.616035
v 17.402138 -6.004926 1.859337
v 17.397240 -6.004926 2.054211
v 17.390251 -6.004926 2.206871
v 17.380802 -6.004926 2.323536
v 17.368523 -6.004926 2.410419
v 17.353050 -6.004926 2.473736
v 17.334015 -6.004926 2.519703
v 17.311050 -6.004926 2.554535
v 17.283791 -6.004926 2.584446
v 17.251125 -6.004926 2.613007
v 17.205360 -6.004926 2.636818
v 17.131580 -6.004926 2.656311
v 17.014866 -6.004926 2.671921
v 16.840302 -6.004926 2.684078
v 16.592976 -6.004926 2.693214
v 16.257969 -6.004926 2.699760
v 15.820370 -6.004926 2.704147
v 15.265259 -6.004926 2.706810
v 14.577724 -6.004926 2.708176
v 13.742847 -6.004926 2.708679
v 12.745716 -6.004926 2.708752
v 11.748581 -6.004926 2.708675
v 10.913704 -6.004926 2.708172
v 10.226170 -6.004926 2.706806
v 9.671059 -6.004926 2.704144
v 9.233459 -6.004926 2.699757
v 8.898453 -6.004926 2.693211
v 8.651127 -6.004926 2.684074
v 8.476562 -6.004926 2.671917
v 8.359848 -6.004926 2.656307
v 8.286068 -6.004926 2.636814
v 8.240303 -6.004926 2.613003
v 8.207642 -6.004926 2.584446
v 8.180386 -6.004926 2.554535
v 8.157421 -6.004926 2.519703
v 8.138386 -6.004926 2.473736
v 8.122913 -6.004926 2.410419
v 8.110634 -6.004926 2.323536
v 8.101181 -6.004926 2.206871
v 8.094193 -6.004926 2.054211
v 8.089294 -6.004926 1.859337
v 8.086124 -6.004926 1.616035
v 8.084316 -6.004926 1.318092
v 8.083500 -6.004926 0.959293
v 8.083309 -6.004926 0.533421
v 8.083500 -6.004926 0.107548
v 8.084316 -6.004926 -0.251251
v 8.086124 -6.004926 -0.549194
v 8.089294 -6.004926 -0.792496
v 8.094193 -6.004926 -0.987370
v 8.101181 -6.004926 -1.140030
v 8.110630 -6.004926 -1.256695
v 8.122910 -6.004926 -1.343578
v 8.138382 -6.004926 -1.406895
v 8.157417 -6.004926 -1.452862
v 8.180382 -6.004926 -1.487694
v 8.207642 -6.004926 -1.517605
v 8.240307 -6.004926 -1.546162
v 8.286072 -6.004926 -1.569973
v 8.359852 -6.004926 -1.589466
v 8.476566 -6.004926 -1.605076
v 8.651131 -6.004926 -1.617233
v 8.898457 -6.004926 -1.626369
v 9.233463 -6.004926 -1.632915
v 9.671062 -6.004926 -1.637302
v 10.226173 -6.004926 -1.639965
v 10.913708 -6.004926 -1.641331
v 11.748585 -6.004926 -1.641834
v 12.745716 -6.004926 -1.641907
v 13.742851 -7.203732 -1.641834
v 14.577728 -7.203732 -1.641331
v 15.265263 -7.203732 -1.639965
v 15.820374 -7.203732 -1.637302
v 16.257973 -7.203732 -1.632915
v 16.592979 -7.203732 -1.626369
v 16.840305 -7.203732 -1.617233
v 17.014870 -7.203732 -1.605076
v 17.131584 -7.203732 -1.589466
v 17.205364 -7.203732 -1.569973
v 17.251129 -7.203732 -1.546162
v 17.283791 -7.203732 -1.517605
v 17.311047 -7.203732 -1.487694
v 17.334011 -7.203732 -1.452862
v 17.353046 -7.203732 -1.406895
v 17.368519 -7.203732 -1.343578
v 17.380798 -7.203732 -1.256695
v 17.390251 -7.203732 -1.140030
v 17.397240 -7.203732 -0.987370
v 17.402138 -7.203732 -0.792496
v 17.405308 -7.203732 -0.549194
v 17.407116 -7.203732 -0.251251
v 17.407932 -7.203732 0.107548
v 17.408123 -7.203732 0.533421
v 17.407932 -7.203732 0.959293
v 17.407116 -7.203732 1.318092
v 17.405308 -7.203732 1.616035
v 17.402138 -7.203732 1.859337
v 17.397240 -7.203732 2.054211
v 17.390251 -7.203732 2.206871
v 17.380802 -7.203732 2.323536
v 17.368523 -7.203732 2.410419
v 17.353050 -7.203732 2.473736
v 17.334015 -7.203732 2.519703
v 17.311050 -7.203732 2.554535
v 17.283791 -7.203732 2.584446
v 17.251125 -7.203732 2.613007
v 17.205360 -7.203732 2.636818
v 17.131580 -7.203732 2.656311
v 17.014866 -7.203732 2.671921
v 16.840302 -7.203732 2.684078
v 16.592976 -7.203732 2.693214
v 16.257969 -7.203732 2.699760
v 15.820370 -7.203732 2.704147
v 15.265259 -7.203732 2.706810
v 14.577724 -7.203732 2.708176
v 13.742847 -7.203732 2.708679
v 12.745716 -7.203732 2.708752
v 11.748581 -7.203732 2.708675
v 10.913704 -7.203732 2.708172
v 10.226170 -7.203732 2.706806
v 9.671059 -7.203732 2.704144
v 9.233459 -7.203732 2.699757
v 8.898453 -7.203732 2.693211
v 8.651127 -7.203732 2.684074
v 8.476562 -7.203732 2.671917
v 8.359848 -7.203732 2.656307
v 8.286068 -7.203732 2.636814
v 8.240303 -7.203732 2.613003
v 8.207642 -7.203732 2.584446
v 8.180386 -7.203732 2.554535
v 8.157421 -7.203732 2.519703
v 8.138386 -7.203732 2.473736
v 8.122913 -7.203732 2.410419
v 8.110634 -7.203732 2.323536
v 8.101181 -7.203732 2.206871
v 8.094193 -7.203732 2.054211
v 8.089294 -7.203732 1.859337
v 8.086124 -7.203732 1.616035
v 8.084316 -7.203732 1.318092
v 8.083500 -7.203732 0.959293
v 8.083309 -7.203732 0.533421
v 8.083500 -7.203732 0.107548
v 8.084316 -7.203732 -0.251251
v 8.086124 -7.203732 -0.549194
v 8.089294 -7.203732 -0.792496
v 8.094193 -7.203732 -0.987370
v 8.101181 -7.203732 -1.140030
v 8.110630 -7.203732 -1.256695
v 8.122910 -7.203732 -1.343578
v 8.138382 -7.203732 -1.406895
v 8.157417 -7.203732 -1.452862
v 8.180382 -7.203732 -1.487694
v 8.207642 -7.203732 -1.517605
v 8.240307 -7.203732 -1.546162
v 8.286072 -7.203732 -1.569973
v 8.359852 -7.203732 -1.589466
v 8.476566 -7.203732 -1.605076
v 8.651131 -7.203732 -1.617233
v 8.898457 -7.203732 -1.626369
v 9.233463 -7.203732 -1.632915
v 9.671062 -7.203732 -1.637302
v 10.226173 -7.203732 -1.639965
v 10.913708 -7.203732 -1.641331
v 11.748585 -7.203732 -1.641834
v 12.745716 -7.203732 -1.641907
v 13.742851 -7.203732 -1.641834
v 13.742851 -6.004926 -1.641834
v 14.577728 -7.203732 -1.641331
v 14.577728 -6.004926 -1.641331
v 15.265263 -7.203732 -1.639965
v 15.265263 -6.004926 -1.639965
v 15.820374 -7.203732 -1.637302
v 15.820374 -6.004926 -1.637302
v 16.257973 -7.203732 -1.632915
v 16.257973 -6.004926 -1.632915
v 16.592979 -7.203732 -1.626369
v 16.592979 -6.004926 -1.626369
v 16.840305 -7.203732 -1.617233
v 16.840305 -6.004926 -1.617233
v 17.014870 -7.203732 -1.605076
v 17.014870 -6.004926 -1.605076
v 17.131584 -7.203732 -1.589466
v 17.131584 -6.004926 -1.589466
v 17.205364 -7.203732 -1.569973
v 17.205364 -6.004926 -1.569973
v 17.251129 -7.203732 -1.546162
v 17.251129 -6.004926 -1.546162
v 17.283791 -7.203732 -1.517605
v 17.283791 -6.004926 -1.517605
v 17.311047 -7.203732 -1.487694
v 17.311047 -6.004926 -1.487694
v 17.334011 -7.203732 -1.452862
v 17.334011 -6.004926 -1.452862
v 17.353046 -7.203732 -1.406895
v 17.353046 -6.004926 -1.406895
v 17.368519 -7.203732 -1.343578
v 17.368519 -6.004926 -1.343578
v 17.380798 -7.203732 -1.256695
v 17.380798 -6.004926 -1.256695
v 17.390251 -7.203732 -1.140030
v 17.390251 -6.004926 -1.140030
v 17.397240 -7.203732 -0.987370
v 17.397240 -6.004926 -0.987370
v 17.402138 -7.203732 -0.792496
v 17.402138 -6.004926 -0.792496
v 17.405308 -7.203732 -0.549194
v 17.405308 -6.004926 -0.549194
v 17.407116 -7.203732 -0.251251
v 17.407116 -6.004926 -0.251251
v 17.407932 -7.203732 0.107548
v 17.407932 -6.004926 0.107548
v 17.408123 -7.203732 0.533421
v 17.408123 -6.004926 0.533421
v 17.407932 -7.203732 0.959293
v 17.407932 -6.004926 0.959293
v 17.407116 -7.203732 1.318092
v 17.407116 -6.004926 1.318092
v 17.405308 -7.203732 1.616035
v 17.405308 -6.004926 1.616035
v 17.402138 -7.203732 1.859337
v 17.402138 -6.004926 1.859337
v 17.397240 -7.203732 2.054211
v 17.397240 -6.004926 2.054211
v 17.390251 -7.203732 2.206871
v 17.390251 -6.004926 2.206871
v 17.380802 -7.203732 2.323536
v 17.380802 -6.004926 2.323536
v 17.368523 -7.203732 2.410419
v 17.368523 -6.004926 2.410419
v 17.353050 -7.203732 2.473736
v 17.353050 -6.004926 2.473736
v 17.334015 -7.203732 2.519703
v 17.334015 -6.004926 2.519703
v 17.311050 -7.203732 2.554535
v 17.311050 -6.004926 2.554535
v 17.283791 -7.203732 2.584446
v 17.283791 -6.004926 2.584446
v 17.251125 -7.203732 2.613007
v 17.251125 -6.004926 2.613007
v 17.205360 -7.203732 2.636818
v 17.205360 -6.004926 2.636818
v 17.131580 -7.203732 2.656311
v 17.131580 -6.004926 2.656311
v 17.014866 -7.203732 2.671921
v 17.014866 -6.004926 2.671921
v 16.840302 -7.203732 2.684078
v 16.840302 -6.004926 2.684078
v 16.592976 -7.203732 2.693214
v 16.592976 -6.004926 2.693214
v 16.257969 -7.203732 2.699760
v 16.257969 -6.004926 2.699760
v 15.820370 -7.203732 2.704147
v 15.820370 -6.004926 2.704147
v 15.265259 -7.203732 2.706810
v 15.265259 -6.004926 2.706810
v 14.577724 -7.203732 2.708176
v 14.577724 -6.004926 2.708176
v 13.742847 -7.203732 2.708679
v 13.742847 -6.004926 2.708679
v 12.745716 -7.203732 2.708752
v 12.745716 -6.004926 2.708752
v 11.748581 -7.203732 2.708675
v 11.748581 -6.004926 2.708675
v 10.913704 -7.203732 2.708172
v 10.913704 -6.004926 2.708172
v 10.226170 -7.203732 2.706806
v 10.226170 -6.004926 2.706806
v 9.671059 -7.203732 2.704144
v 9.671059 -6.004926 2.704144
v 9.233459 -7.203732 2.699757
v 9.233459 -6.004926 2.699757
v 8.898453 -7.203732 2.693211
v 8.898453 -6.004926 2.693211
v 8.651127 -7.203732 2.684074
v 8.651127 -6.004926 2.684074
v 8.476562 -7.203732 2.671917
v 8.476562 -6.004926 2.671917
v 8.359848 -7.203732 2.656307
v 8.359848 -6.004926 2.656307
v 8.286068 -7.203732 2.636814
v 8.286068 -6.004926 2.636814
v 8.240303 -7.203732 2.613003
v 8.240303 -6.004926 2.613003
v 8.207642 -7.203732 2.584446
v 8.207642 -6.004926 2.584446
v 8.180386 -7.203732 2.554535
v 8.180386 -6.004926 2.554535
v 8.157421 -7.203732 2.519703
v 8.157421 -6.004926 2.519703
v 8.138386 -7.203732 2.473736
v 8.138386 -6.004926 2.473736
v 8.122913 -7.203732 2.410419
v 8.122913 -6.004926 2.410419
v 8.110634 -7.203732 2.323536
v 8.110634 -6.004926 2.323536
v 8.101181 -7.203732 2.206871
v 8.101181 -6.004926 2.206871
v 8.094193 -7.203732 2.054211
v 8.094193 -6.004926 2.054211
v 8.089294 -7.203732 1.859337
v 8.089294 -6.004926 1.859337
v 8.086124 -7.203732 1.616035
v 8.086124 -6.004926 1.616035
v 8.084316 -7.203732 1.318092
v 8.084316 -6.004926 1.318092
v 8.083500 -7.203732 0.959293
v 8.083500 -6.004926 0.959293
v 8.083309 -7.203732 0.533421
v 8.083309 -6.004926 0.533421
v 8.083500 -7.203732 0.107548
v 8.083500 -6.004926 0.107548
v 8.084316 -7.203732 -0.251251
v 8.084316 -6.004926 -0.251251
v 8.086124 -7.203732 -0.549194
v 8.086124 -6.004926 -0.549194
v 8.089294 -7.203732 -0.792496
v 8.089294 -6.004926 -0.792496
v 8.094193 -7.203732 -0.987370
v 8.094193 -6.004926 -0.987370
v 8.101181 -7.203732 -1.140030
v 8.101181 -6.004926 -1.140030
v 8.110630 -7.203732 -1.256695
v 8.110630 -6.004926 -1.256695
v 8.122910 -7.203732 -1.343578
v 8.122910 -6.004926 -1.343578
v 8.138382 -7.203732 -1.406895
v 8.138382 -6.004926 -1.406895
v 8.157417 -7.203732 -1.452862
v 8.157417 -6.004926 -1.452862
v 8.180382 -7.203732 -1.487694
v 8.180382 -6.004926 -1.487694
v 8.207642 -7.203732 -1.517605
v 8.207642 -6.004926 -1.517605
v 8.240307 -7.203732 -1.546162
v 8.240307 -6.004926 -1.546162
v 8.286072 -7.203732 -1.569973
v 8.286072 -6.004926 -1.569973
v 8.359852 -7.203732 -1.589466
v 8.359852 -6.004926 -1.589466
v 8.476566 -7.203732 -1.605076
v 8.476566 -6.004926 -1.605076
v 8.651131 -7.203732 -1.617233
v 8.651131 -6.004926 -1.617233
v 8.898457 -7.203732 -1.626369
v 8.898457 -6.004926 -1.626369
v 9.233463 -7.203732 -1.632915
v 9.233463 -6.004926 -1.632915
v 9.671062 -7.203732 -1.637302
v 9.671062 -6.004926 -1.637302
v 10.226173 -7.203732 -1.639965
v 10.226173 -6.004926 -1.639965
v 10.913708 -7.203732 -1.641331
v 10.913708 -6.004926 -1.641331
v 11.748585 -7.203732 -1.641834
v 11.748585 -6.004926 -1.641834
v 12.745716 -7.203732 -1.641907
v 12.745716 -6.004926 -1.641907
vn -0.0000 1.0000 -0.0000
vn -0.0000 -1.0000 -0.0000
vn 0.0003 -0.0000 -1.0000
vn 0.0013 -0.0000 -1.0000
vn 0.0034 -0.0000 -1.0000
vn 0.0074 -0.0000 -1.0000
vn 0.0148 -0.0000 -0.9999
vn 0.0282 -0.0000 -0.9996
vn 0.0532 -0.0000 -0.9986
vn 0.1011 -0.0000 -0.9949
vn 0.1944 -0.0000 -0.9809
vn 0.3607 -0.0000 -0.9327
vn 0.5639 -0.0000 -0.8258
vn 0.6998 -0.0000 -0.7143
vn 0.7894 -0.0000 -0.6138
vn 0.8834 -0.0000 -0.4686
vn 0.9504 -0.0000 -0.3109
vn 0.9820 -0.0000 -0.1889
vn 0.9939 -0.0000 -0.1104
vn 0.9980 -0.0000 -0.0633
vn 0.9994 -0.0000 -0.0354
vn 0.9998 -0.0000 -0.0191
vn 1.0000 -0.0000 -0.0095
vn 1.0000 -0.0000 -0.0042
vn 1.0000 -0.0000 -0.0014
vn 1.0000 -0.0000 -0.0000
vn 1.0000 -0.0000 0.0014
vn 1.0000 -0.0000 0.0042
vn 1.0000 -0.0000 0.0095
vn 0.9998 -0.0000 0.0191
vn 0.9994 -0.0000 0.0354
vn 0.9980 -0.0000 0.0632
vn 0.9939 -0.0000 0.1104
vn 0.9820 -0.0000 0.1889
vn 0.9504 -0.0000 0.3109
vn 0.8834 -0.0000 0.4686
vn 0.7894 -0.0000 0.6139
vn 0.6998 -0.0000 0.7144
vn 0.5639 -0.0000 0.8258
vn 0.3607 -0.0000 0.9327
vn 0.1944 -0.0000 0.9809
vn 0.1011 -0.0000 0.9949
vn 0.0532 -0.0000 0.9986
vn 0.0282 -0.0000 0.9996
vn 0.0148 -0.0000 0.9999
vn 0.0074 -0.0000 1.0000
vn 0.0034 -0.0000 1.0000
vn 0.0013 -0.0000 1.0000
vn 0.0003 -0.0000 1.0000
vn -0.0000 -0.0000 1.0000
vn -0.0003 -0.0000 1.0000
vn -0.0013 -0.0000 1.0000
vn -0.0034 -0.0000 1.0000
vn -0.0074 -0.0000 1.0000
vn -0.0148 -0.0000 0.9999
vn -0.0282 -0.0000 0.9996
vn -0.0532 -0.0000 0.9986
vn -0.1011 -0.0000 0.9949
vn -0.1944 -0.0000 0.9809
vn -0.3607 -0.0000 0.9327
vn -0.5639 -0.0000 0.8258
vn -0.6998 -0.0000 0.7143
vn -0.7894 -0.0000 0.6138
vn -0.8834 -0.0000 0.4686
vn -0.9504 -0.0000 0.3109
vn -0.9820 -0.0000 0.1889
vn -0.9939 -0.0000 0.1104
vn -0.9980 -0.0000 0.0633
vn -0.9994 -0.0000 0.0354
vn -0.9998 -0.0000 0.0191
vn -1.0000 -0.0000 0.0095
vn -1.0000 -0.0000 0.0042
vn -1.0000 -0.0000 0.0014
vn -1.0000 -0.0000 -0.0000
vn -1.0000 -0.0000 -0.0014
vn -1.0000 -0.0000 -0.0042
vn -1.0000 -0.0000 -0.0095
vn -0.9998 -0.0000 -0.0191
vn -0.9994 -0.0000 -0.0354
vn -0.9980 -0.0000 -0.0632
vn -0.9939 -0.0000 -0.1104
vn -0.9820 -0.0000 -0.1889
vn -0.9504 -0.0000 -0.3109
vn -0.8834 -0.0000 -0.4686
vn -0.7894 -0.0000 -0.6139
vn -0.6998 -0.0000 -0.7144
vn -0.5639 -0.0000 -0.8259
vn -0.3607 -0.0000 -0.9327
vn -0.1944 -0.0000 -0.9809
vn -0.1011 -0.0000 -0.9949
vn -0.0532 -0.0000 -0.9986
vn -0.0282 -0.0000 -0.9996
vn -0.0148 -0.0000 -0.9999
vn -0.0074 -0.0000 -1.0000
vn -0.0034 -0.0000 -1.0000
vn -0.0013 -0.0000 -1.0000
vn -0.0003 -0.0000 -1.0000
vn -0.0000 -0.0000 -1.0000
vt 0.989474 0.000000
vt 0.000000 0.000000
vt 1.000000 0.000000
vt 0.978947 0.000000
vt 0.010526 0.000000
vt 0.968421 0.000000
vt 0.021053 0.000000
vt 0.957895 0.000000
vt 0.031579 0.000000
vt 0.947368 0.000000
vt 0.042105 0.000000
vt 0.936842 0.000000
vt 0.052632 0.000000
vt 0.926316 0.000000
vt 0.063158 0.000000
vt 0.915789 0.000000
vt 0.073684 0.000000
vt 0.905263 0.000000
vt 0.084211 0.000000
vt 0.894737 0.000000
vt 0.094737 0.000000
vt 0.884211 0.000000
vt 0.105263 0.000000
vt 0.873684 0.000000
vt 0.115789 0.000000
vt 0.863158 0.000000
vt 0.126316 0.000000
vt 0.852632 0.000000
vt 0.136842 0.000000
vt 0.842105 0.000000
vt 0.147368 0.000000
vt 0.831579 0.000000
vt 0.157895 0.000000
vt 0.821053 0.000000
vt 0.168421 0.000000
vt 0.810526 0.000000
vt 0.178947 0.000000
vt 0.800000 0.000000
vt 0.189474 0.000000
vt 0.789474 0.000000
vt 0.200000 0.000000
vt 0.778947 0.000000
vt 0.210526 0.000000
vt 0.768421 0.000000
vt 0.221053 0.000000
vt 0.757895 0.000000
vt 0.231579 0.000000
vt 0.747368 0.000000
vt 0.242105 0.000000
vt 0.736842 0.000000
vt 0.252632 0.000000
vt 0.726316 0.000000
vt 0.263158 0.000000
vt 0.715789 0.000000
vt 0.273684 0.000000
vt 0.705263 0.000000
vt 0.284211 0.000000
vt 0.694737 0.000000
vt 0.294737 0.000000
vt 0.684211 0.000000
vt 0.305263 0.000000
vt 0.673684 0.000000
vt 0.315789 0.000000
vt 0.663158 0.000000
vt 0.326316 0.000000
vt 0.652632 0.000000
vt 0.336842 0.000000
vt 0.642105 0.000000
vt 0.347368 0.000000
vt 0.631579 0.000000
vt 0.357895 0.000000
vt 0.621053 0.000000
vt 0.368421 0.000000
vt 0.610526 0.000000
vt 0.378947 0.000000
vt 0.600000 0.000000
vt 0.389474 0.000000
vt 0.589474 0.000000
vt 0.400000 0.000000
vt 0.578947 0.000000
vt 0.410526 0.000000
vt 0.568421 0.000000
vt 0.421053 0.000000
vt 0.557895 0.000000
vt 0.431579 0.000000
vt 0.547368 0.000000
vt 0.442105 0.000000
vt 0.536842 0.000000
vt 0.452632 0.000000
vt 0.526316 0.000000
vt 0.463158 0.000000
vt 0.515789 0.000000
vt 0.473684 0.000000
vt 0.505263 0.000000
vt 0.484211 0.000000
vt 0.494737 0.000000
vt 0.000000 1.000000
vt 0.010417 1.000000
vt 0.010417 0.000000
vt 0.020833 1.000000
vt 0.020833 0.000000
vt 0.031250 1.000000
vt 0.031250 0.000000
vt 0.041667 1.000000
vt 0.041667 0.000000
vt 0.052083 1.000000
vt 0.052083 0.000000
vt 0.062500 1.000000
vt 0.062500 0.000000
vt 0.072917 1.000000
vt 0.072917 0.000000
vt 0.083333 1.000000
vt 0.083333 0.000000
vt 0.093750 1.000000
vt 0.093750 0.000000
vt 0.104167 1.000000
vt 0.104167 0.000000
vt 0.114583 1.000000
vt 0.114583 0.000000
vt 0.125000 1.000000
vt 0.125000 0.000000
vt 0.135417 1.000000
vt 0.135417 0.000000
vt 0.145833 1.000000
vt 0.145833 0.000000
vt 0.156250 1.000000
vt 0.156250 0.000000
vt 0.166667 1.000000
vt 0.166667 0.000000
vt 0.177083 1.000000
vt 0.177083 0.000000
vt 0.187500 1.000000
vt 0.187500 0.000000
vt 0.197917 1.000000
vt 0.197917 0.000000
vt 0.208333 1.000000
vt 0.208333 0.000000
vt 0.218750 1.000000
vt 0.218750 0.000000
vt 0.229167 1.000000
vt 0.229167 0.000000
vt 0.239583 1.000000
vt 0.239583 0.000000
vt 0.250000 1.000000
vt 0.250000 0.000000
vt 0.260417 1.000000
vt 0.260417 0.000000
vt 0.270833 1.000000
vt 0.270833 0.000000
vt 0.281250 1.000000
vt 0.281250 0.000000
vt 0.291667 1.000000
vt 0.291667 0.000000
vt 0.302083 1.000000
vt 0.302083 0.000000
vt 0.312500 1.000000
vt 0.312500 0.000000
vt 0.322917 1.000000
vt 0.322917 0.000000
vt 0.333333 1.000000
vt 0.333333 0.000000
vt 0.343750 1.000000
vt 0.343750 0.000000
vt 0.354167 1.000000
vt 0.354167 0.000000
vt 0.364583 1.000000
vt 0.364583 0.000000
vt 0.375000 1.000000
vt 0.375000 0.000000
vt 0.385417 1.000000
vt 0.385417 0.000000
vt 0.395833 1.000000
vt 0.395833 0.000000
vt 0.406250 1.000000
vt 0.406250 0.000000
vt 0.416667 1.000000
vt 0.416667 0.000000
vt 0.427083 1.000000
vt 0.427083 0.000000
vt 0.437500 1.000000
vt 0.437500 0.000000
vt 0.447917 1.000000
vt 0.447917 0.000000
vt 0.458333 1.000000
vt 0.458333 0.000000
vt 0.468750 1.000000
vt 0.468750 0.000000
vt 0.479167 1.000000
vt 0.479167 0.000000
vt 0.489583 1.000000
vt 0.489583 0.000000
vt 0.500000 1.000000
vt 0.500000 0.000000
vt 0.510417 1.000000
vt 0.510417 0.000000
vt 0.520833 1.000000
vt 0.520833 0.000000
vt 0.531250 1.000000
vt 0.531250 0.000000
vt 0.541667 1.000000
vt 0.541667 0.000000
vt 0.552083 1.000000
vt 0.552083 0.000000
vt 0.562500 1.000000
vt 0.562500 0.000000
vt 0.572917 1.000000
vt 0.572917 0.000000
vt 0.583333 1.000000
vt 0.583333 0.000000
vt 0.593750 1.000000
vt 0.593750 0.000000
vt 0.604167 1.000000
vt 0.604167 0.000000
vt 0.614583 1.000000
vt 0.614583 0.000000
vt 0.625000 1.000000
vt 0.625000 0.000000
vt 0.635417 1.000000
vt 0.635417 0.000000
vt 0.645833 1.000000
vt 0.645833 0.000000
vt 0.656250 1.000000
vt 0.656250 0.000000
vt 0.666667 1.000000
vt 0.666667 0.000000
vt 0.677083 1.000000
vt 0.677083 0.000000
vt 0.687500 1.000000
vt 0.687500 0.000000
vt 0.697917 1.000000
vt 0.697917 0.000000
vt 0.708333 1.000000
vt 0.708333 0.000000
vt 0.718750 1.000000
vt 0.718750 0.000000
vt 0.729167 1.000000
vt 0.729167 0.000000
vt 0.739583 1.000000
vt 0.739583 0.000000
vt 0.750000 1.000000
vt 0.750000 0.000000
vt 0.760417 1.000000
vt 0.760417 0.000000
vt 0.770833 1.000000
vt 0.770833 0.000000
vt 0.781250 1.000000
vt 0.781250 0.000000
vt 0.791667 1.000000
vt 0.791667 0.000000
vt 0.802083 1.000000
vt 0.802083 0.000000
vt 0.812500 1.000000
vt 0.812500 0.000000
vt 0.822917 1.000000
vt 0.822917 0.000000
vt 0.833333 1.000000
vt 0.833333 0.000000
vt 0.843750 1.000000
vt 0.843750 0.000000
vt 0.854167 1.000000
vt 0.854167 0.000000
vt 0.864583 1.000000
vt 0.864583 0.000000
vt 0.875000 1.000000
vt 0.875000 0.000000
vt 0.885417 1.000000
vt 0.885417 0.000000
vt 0.895833 1.000000
vt 0.895833 0.000000
vt 0.906250 1.000000
vt 0.906250 0.000000
vt 0.916667 1.000000
vt 0.916667 0.000000
vt 0.927083 1.000000
vt 0.927083 0.000000
vt 0.937500 1.000000
vt 0.937500 0.000000
vt 0.947917 1.000000
vt 0.947917 0.000000
vt 0.958333 1.000000
vt 0.958333 0.000000
vt 0.968750 1.000000
vt 0.968750 0.000000
vt 0.979167 1.000000
vt 0.979167 0.000000
vt 0.989583 1.000000
vt 0.989583 0.000000
vt 1.000000 1.000000
s 0
usemtl Material.001
f 3935/4300/1559 3841/4301/1559 3936/4302/1559
f 3934/4303/1559 3841/4301/1559 3935/4300/1559
f 3934/4303/1559 3842/4304/1559 3841/4301/1559
f 3933/4305/1559 3842/4304/1559 3934/4303/1559
f 3933/4305/1559 3843/4306/1559 3842/4304/1559
f 3932/4307/1559 3843/4306/1559 3933/4305/1559
f 3932/4307/1559 3844/4308/1559 3843/4306/1559
f 3931/4309/1559 3844/4308/1559 3932/4307/1559
f 3931/4309/1559 3845/4310/1559 3844/4308/1559
f 3930/4311/1559 3845/4310/1559 3931/4309/1559
f 3930/4311/1559 3846/4312/1559 3845/4310/1559
f 3929/4313/1559 3846/4312/1559 3930/4311/1559
f 3929/4313/1559 3847/4314/1559 3846/4312/1559
f 3928/4315/1559 3847/4314/1559 3929/4313/1559
f 3928/4315/1559 3848/4316/1559 3847/4314/1559
f 3927/4317/1559 3848/4316/1559 3928/4315/1559
f 3927/4317/1559 3849/4318/1559 3848/4316/1559
f 3926/4319/1559 3849/4318/1559 3927/4317/1559
f 3926/4319/1559 3850/4320/1559 3849/4318/1559
f 3925/4321/1559 3850/4320/1559 3926/4319/1559
f 3925/4321/1559 3851/4322/1559 3850/4320/1559
f 3924/4323/1559 3851/4322/1559 3925/4321/1559
f 3924/4323/1559 3852/4324/1559 3851/4322/1559
f 3923/4325/1559 3852/4324/1559 3924/4323/1559
f 3923/4325/1559 3853/4326/1559 3852/4324/1559
f 3922/4327/1559 3853/4326/1559 3923/4325/1559
f 3922/4327/1559 3854/4328/1559 3853/4326/1559
f 3921/4329/1559 3854/4328/1559 3922/4327/1559
f 3921/4329/1559 3855/4330/1559 3854/4328/1559
f 3920/4331/1559 3855/4330/1559 3921/4329/1559
f 3920/4331/1559 3856/4332/1559 3855/4330/1559
f 3919/4333/1559 3856/4332/1559 3920/4331/1559
f 3919/4333/1559 3857/4334/1559 3856/4332/1559
f 3918/4335/1559 3857/4334/1559 3919/4333/1559
f 3918/4335/1559 3858/4336/1559 3857/4334/1559
f 3917/4337/1559 3858/4336/1559 3918/4335/1559
f 3917/4337/1559 3859/4338/1559 3858/4336/1559
f 3916/4339/1559 3859/4338/1559 3917/4337/1559
f 3916/4339/1559 3860/4340/1559 3859/4338/1559
f 3915/4341/1559 3860/4340/1559 3916/4339/1559
f 3915/4341/1559 3861/4342/1559 3860/4340/1559
f 3914/4343/1559 3861/4342/1559 3915/4341/1559
f 3914/4343/1559 3862/4344/1559 3861/4342/1559
f 3913/4345/1559 3862/4344/1559 3914/4343/1559
f 3913/4345/1559 3863/4346/1559 3862/4344/1559
f 3912/4347/1559 3863/4346/1559 3913/4345/1559
f 3912/4347/1559 3864/4348/1559 3863/4346/1559
f 3911/4349/1559 3864/4348/1559 3912/4347/1559
f 3911/4349/1559 3865/4350/1559 3864/4348/1559
f 3910/4351/1559 3865/4350/1559 3911/4349/1559
f 3910/4351/1559 3866/4352/1559 3865/4350/1559
f 3909/4353/1559 3866/4352/1559 3910/4351/1559
f 3909/4353/1559 3867/4354/1559 3866/4352/1559
f 3908/4355/1559 3867/4354/1559 3909/4353/1559
f 3908/4355/1559 3868/4356/1559 3867/4354/1559
f 3907/4357/1559 3868/4356/1559 3908/4355/1559
f 3907/4357/1559 3869/4358/1559 3868/4356/1559
f 3906/4359/1559 3869/4358/1559 3907/4357/1559
f 3906/4359/1559 3870/4360/1559 3869/4358/1559
f 3905/4361/1559 3870/4360/1559 3906/4359/1559
f 3905/4361/1559 3871/4362/1559 3870/4360/1559
f 3904/4363/1559 3871/4362/1559 3905/4361/1559
f 3904/4363/1559 3872/4364/1559 3871/4362/1559
f 3903/4365/1559 3872/4364/1559 3904/4363/1559
f 3903/4365/1559 3873/4366/1559 3872/4364/1559
f 3902/4367/1559 3873/4366/1559 3903/4365/1559
f 3902/4367/1559 3874/4368/1559 3873/4366/1559
f 3901/4369/1559 3874/4368/1559 3902/4367/1559
f 3901/4369/1559 3875/4370/1559 3874/4368/1559
f 3900/4371/1559 3875/4370/1559 3901/4369/1559
f 3900/4371/1559 3876/4372/1559 3875/4370/1559
f 3899/4373/1559 3876/4372/1559 3900/4371/1559
f 3899/4373/1559 3877/4374/1559 3876/4372/1559
f 3898/4375/1559 3877/4374/1559 3899/4373/1559
f 3898/4375/1559 3878/4376/1559 3877/4374/1559
f 3897/4377/1559 3878/4376/1559 3898/4375/1559
f 3897/4377/1559 3879/4378/1559 3878/4376/1559
f 3896/4379/1559 3879/4378/1559 3897/4377/1559
f 3896/4379/1559 3880/4380/1559 3879/4378/1559
f 3895/4381/1559 3880/4380/1559 3896/4379/1559
f 3895/4381/1559 3881/4382/1559 3880/4380/1559
f 3894/4383/1559 3881/4382/1559 3895/4381/1559
f 3894/4383/1559 3882/4384/1559 3881/4382/1559
f 3893/4385/1559 3882/4384/1559 3894/4383/1559
f 3893/4385/1559 3883/4386/1559 3882/4384/1559
f 3892/4387/1559 3883/4386/1559 3893/4385/1559
f 3892/4387/1559 3884/4388/1559 3883/4386/1559
f 3891/4389/1559 3884/4388/1559 3892/4387/1559
f 3891/4389/1559 3885/4390/1559 3884/4388/1559
f 3890/4391/1559 3885/4390/1559 3891/4389/1559
f 3890/4391/1559 3886/4392/1559 3885/4390/1559
f 3889/4393/1559 3886/4392/1559 3890/4391/1559
f 3889/4393/1559 3887/4394/1559 3886/4392/1559
f 3888/4395/1559 3887/4394/1559 3889/4393/1559
f 4031/4300/1560 4032/4302/1560 3937/4301/1560
f 4030/4303/1560 4031/4300/1560 3937/4301/1560
f 4030/4303/1560 3937/4301/1560 3938/4304/1560
f 4029/4305/1560 4030/4303/1560 3938/4304/1560
f 4029/4305/1560 3938/4304/1560 3939/4306/1560
f 4028/4307/1560 4029/4305/1560 3939/4306/1560
f 4028/4307/1560 3939/4306/1560 3940/4308/1560
f 4027/4309/1560 4028/4307/1560 3940/4308/1560
f 4027/4309/1560 3940/4308/1560 3941/4310/1560
f 4026/4311/1560 4027/4309/1560 3941/4310/1560
f 4026/4311/1560 3941/4310/1560 3942/4312/1560
f 4025/4313/1560 4026/4311/1560 3942/4312/1560
f 4025/4313/1560 3942/4312/1560 3943/4314/1560
f 4024/4315/1560 4025/4313/1560 3943/4314/1560
f 4024/4315/1560 3943/4314/1560 3944/4316/1560
f 4023/4317/1560 4024/4315/1560 3944/4316/1560
f 4023/4317/1560 3944/4316/1560 3945/4318/1560
f 4022/4319/1560 4023/4317/1560 3945/4318/1560
f 4022/4319/1560 3945/4318/1560 3946/4320/1560
f 4021/4321/1560 4022/4319/1560 3946/4320/1560
f 4021/4321/1560 3946/4320/1560 3947/4322/1560
f 4020/4323/1560 4021/4321/1560 3947/4322/1560
f 4020/4323/1560 3947/4322/1560 3948/4324/1560
f 4019/4325/1560 4020/4323/1560 3948/4324/1560
f 4019/4325/1560 3948/4324/1560 3949/4326/1560
f 4018/4327/1560 4019/4325/1560 3949/4326/1560
f 4018/4327/1560 3949/4326/1560 3950/4328/1560
f 4017/4329/1560 4018/4327/1560 3950/4328/1560
f 4017/4329/1560 3950/4328/1560 3951/4330/1560
f 4016/4331/1560 4017/4329/1560 3951/4330/1560
f 4016/4331/1560 3951/4330/1560 3952/4332/1560
f 4015/4333/1560 4016/4331/1560 3952/4332/1560
f 4015/4333/1560 3952/4332/1560 3953/4334/1560
f 4014/4335/1560 4015/4333/1560 3953/4334/1560
f 4014/4335/1560 3953/4334/1560 3954/4336/1560
f 4013/4337/1560 4014/4335/1560 3954/4336/1560
f 4013/4337/1560 3954/4336/1560 3955/4338/1560
f 4012/4339/1560 4013/4337/1560 3955/4338/1560
f 4012/4339/1560 3955/4338/1560 3956/4340/1560
f 4011/4341/1560 4012/4339/1560 3956/4340/1560
f 4011/4341/1560 3956/4340/1560 3957/4342/1560
f 4010/4343/1560 4011/4341/1560 3957/4342/1560
f 4010/4343/1560 3957/4342/1560 3958/4344/1560
f 4009/4345/1560 4010/4343/1560 3958/4344/1560
f 4009/4345/1560 3958/4344/1560 3959/4346/1560
f 4008/4347/1560 4009/4345/1560 3959/4346/1560
f 4008/4347/1560 3959/4346/1560 3960/4348/1560
f 4007/4349/1560 4008/4347/1560 3960/4348/1560
f 4007/4349/1560 3960/4348/1560 3961/4350/1560
f 4006/4351/1560 4007/4349/1560 3961/4350/1560
f 4006/4351/1560 3961/4350/1560 3962/4352/1560
f 4005/4353/1560 4006/4351/1560 3962/4352/1560
f 4005/4353/1560 3962/4352/1560 3963/4354/1560
f 4004/4355/1560 4005/4353/1560 3963/4354/1560
f 4004/4355/1560 3963/4354/1560 3964/4356/1560
f 4003/4357/1560 4004/4355/1560 3964/4356/1560
f 4003/4357/1560 3964/4356/1560 3965/4358/1560
f 4002/4359/1560 4003/4357/1560 3965/4358/1560
f 4002/4359/1560 3965/4358/1560 3966/4360/1560
f 4001/4361/1560 4002/4359/1560 3966/4360/1560
f 4001/4361/1560 3966/4360/1560 3967/4362/1560
f 4000/4363/1560 4001/4361/1560 3967/4362/1560
f 4000/4363/1560 3967/4362/1560 3968/4364/1560
f 3999/4365/1560 4000/4363/1560 3968/4364/1560
f 3999/4365/1560 3968/4364/1560 3969/4366/1560
f 3998/4367/1560 3999/4365/1560 3969/4366/1560
f 3998/4367/1560 3969/4366/1560 3970/4368/1560
f 3997/4369/1560 3998/4367/1560 3970/4368/1560
f 3997/4369/1560 3970/4368/1560 3971/4370/1560
f 3996/4371/1560 3997/4369/1560 3971/4370/1560
f 3996/4371/1560 3971/4370/1560 3972/4372/1560
f 3995/4373/1560 3996/4371/1560 3972/4372/1560
f 3995/4373/1560 3972/4372/1560 3973/4374/1560
f 3994/4375/1560 3995/4373/1560 3973/4374/1560
f 3994/4375/1560 3973/4374/1560 3974/4376/1560
f 3993/4377/1560 3994/4375/1560 3974/4376/1560
f 3993/4377/1560 3974/4376/1560 3975/4378/1560
f 3992/4379/1560 3993/4377/1560 3975/4378/1560
f 3992/4379/1560 3975/4378/1560 3976/4380/1560
f 3991/4381/1560 3992/4379/1560 3976/4380/1560
f 3991/4381/1560 3976/4380/1560 3977/4382/1560
f 3990/4383/1560 3991/4381/1560 3977/4382/1560
f 3990/4383/1560 3977/4382/1560 3978/4384/1560
f 3989/4385/1560 3990/4383/1560 3978/4384/1560
f 3989/4385/1560 3978/4384/1560 3979/4386/1560
f 3988/4387/1560 3989/4385/1560 3979/4386/1560
f 3988/4387/1560 3979/4386/1560 3980/4388/1560
f 3987/4389/1560 3988/4387/1560 3980/4388/1560
f 3987/4389/1560 3980/4388/1560 3981/4390/1560
f 3986/4391/1560 3987/4389/1560 3981/4390/1560
f 3986/4391/1560 3981/4390/1560 3982/4392/1560
f 3985/4393/1560 3986/4391/1560 3982/4392/1560
f 3985/4393/1560 3982/4392/1560 3983/4394/1560
f 3984/4395/1560 3985/4393/1560 3983/4394/1560
s 1
f 4034/4396/1561 4036/4397/1562 4035/4398/1562 4033/4301/1561
f 4036/4397/1562 4038/4399/1563 4037/4400/1563 4035/4398/1562
f 4038/4399/1563 4040/4401/1564 4039/4402/1564 4037/4400/1563
f 4040/4401/1564 4042/4403/1565 4041/4404/1565 4039/4402/1564
f 4042/4403/1565 4044/4405/1566 4043/4406/1566 4041/4404/1565
f 4044/4405/1566 4046/4407/1567 4045/4408/1567 4043/4406/1566
f 4046/4407/1567 4048/4409/1568 4047/4410/1568 4045/4408/1567
f 4048/4409/1568 4050/4411/1569 4049/4412/1569 4047/4410/1568
f 4050/4411/1569 4052/4413/1570 4051/4414/1570 4049/4412/1569
f 4052/4413/1570 4054/4415/1571 4053/4416/1571 4051/4414/1570
f 4054/4415/1571 4056/4417/1572 4055/4418/1572 4053/4416/1571
f 4056/4417/1572 4058/4419/1573 4057/4420/1573 4055/4418/1572
f 4058/4419/1573 4060/4421/1574 4059/4422/1574 4057/4420/1573
f 4060/4421/1574 4062/4423/1575 4061/4424/1575 4059/4422/1574
f 4062/4423/1575 4064/4425/1576 4063/4426/1576 4061/4424/1575
f 4064/4425/1576 4066/4427/1577 4065/4428/1577 4063/4426/1576
f 4066/4427/1577 4068/4429/1578 4067/4430/1578 4065/4428/1577
f 4068/4429/1578 4070/4431/1579 4069/4432/1579 4067/4430/1578
f 4070/4431/1579 4072/4433/1580 4071/4434/1580 4069/4432/1579
f 4072/4433/1580 4074/4435/1581 4073/4436/1581 4071/4434/1580
f 4074/4435/1581 4076/4437/1582 4075/4438/1582 4073/4436/1581
f 4076/4437/1582 4078/4439/1583 4077/4440/1583 4075/4438/1582
f 4078/4439/1583 4080/4441/1584 4079/4442/1584 4077/4440/1583
f 4080/4441/1584 4082/4443/1585 4081/4444/1585 4079/4442/1584
f 4082/4443/1585 4084/4445/1586 4083/4446/1586 4081/4444/1585
f 4084/4445/1586 4086/4447/1587 4085/4448/1587 4083/4446/1586
f 4086/4447/1587 4088/4449/1588 4087/4450/1588 4085/4448/1587
f 4088/4449/1588 4090/4451/1589 4089/4452/1589 4087/4450/1588
f 4090/4451/1589 4092/4453/1590 4091/4454/1590 4089/4452/1589
f 4092/4453/1590 4094/4455/1591 4093/4456/1591 4091/4454/1590
f 4094/4455/1591 4096/4457/1592 4095/4458/1592 4093/4456/1591
f 4096/4457/1592 4098/4459/1593 4097/4460/1593 4095/4458/1592
f 4098/4459/1593 4100/4461/1594 4099/4462/1594 4097/4460/1593
f 4100/4461/1594 4102/4463/1595 4101/4464/1595 4099/4462/1594
f 4102/4463/1595 4104/4465/1596 4103/4466/1596 4101/4464/1595
f 4104/4465/1596 4106/4467/1597 4105/4468/1597 4103/4466/1596
f 4106/4467/1597 4108/4469/1598 4107/4470/1598 4105/4468/1597
f 4108/4469/1598 4110/4471/1599 4109/4472/1599 4107/4470/1598
f 4110/4471/1599 4112/4473/1600 4111/4474/1600 4109/4472/1599
f 4112/4473/1600 4114/4475/1601 4113/4476/1601 4111/4474/1600
f 4114/4475/1601 4116/4477/1602 4115/4478/1602 4113/4476/1601
f 4116/4477/1602 4118/4479/1603 4117/4480/1603 4115/4478/1602
f 4118/4479/1603 4120/4481/1604 4119/4482/1604 4117/4480/1603
f 4120/4481/1604 4122/4483/1605 4121/4484/1605 4119/4482/1604
f 4122/4483/1605 4124/4485/1606 4123/4486/1606 4121/4484/1605
f 4124/4485/1606 4126/4487/1607 4125/4488/1607 4123/4486/1606
f 4126/4487/1607 4128/4489/1608 4127/4490/1608 4125/4488/1607
f 4128/4489/1608 4130/4491/1609 4129/4492/1609 4127/4490/1608
f 4130/4491/1609 4132/4493/1610 4131/4494/1610 4129/4492/1609
f 4132/4493/1610 4134/4495/1611 4133/4496/1611 4131/4494/1610
f 4134/4495/1611 4136/4497/1612 4135/4498/1612 4133/4496/1611
f 4136/4497/1612 4138/4499/1613 4137/4500/1613 4135/4498/1612
f 4138/4499/1613 4140/4501/1614 4139/4502/1614 4137/4500/1613
f 4140/4501/1614 4142/4503/1615 4141/4504/1615 4139/4502/1614
f 4142/4503/1615 4144/4505/1616 4143/4506/1616 4141/4504/1615
f 4144/4505/1616 4146/4507/1617 4145/4508/1617 4143/4506/1616
f 4146/4507/1617 4148/4509/1618 4147/4510/1618 4145/4508/1617
f 4148/4509/1618 4150/4511/1619 4149/4512/1619 4147/4510/1618
f 4150/4511/1619 4152/4513/1620 4151/4514/1620 4149/4512/1619
f 4152/4513/1620 4154/4515/1621 4153/4516/1621 4151/4514/1620
f 4154/4515/1621 4156/4517/1622 4155/4518/1622 4153/4516/1621
f 4156/4517/1622 4158/4519/1623 4157/4520/1623 4155/4518/1622
f 4158/4519/1623 4160/4521/1624 4159/4522/1624 4157/4520/1623
f 4160/4521/1624 4162/4523/1625 4161/4524/1625 4159/4522/1624
f 4162/4523/1625 4164/4525/1626 4163/4526/1626 4161/4524/1625
f 4164/4525/1626 4166/4527/1627 4165/4528/1627 4163/4526/1626
f 4166/4527/1627 4168/4529/1628 4167/4530/1628 4165/4528/1627
f 4168/4529/1628 4170/4531/1629 4169/4532/1629 4167/4530/1628
f 4170/4531/1629 4172/4533/1630 4171/4534/1630 4169/4532/1629
f 4172/4533/1630 4174/4535/1631 4173/4536/1631 4171/4534/1630
f 4174/4535/1631 4176/4537/1632 4175/4538/1632 4173/4536/1631
f 4176/4537/1632 4178/4539/1633 4177/4540/1633 4175/4538/1632
f 4178/4539/1633 4180/4541/1634 4179/4542/1634 4177/4540/1633
f 4180/4541/1634 4182/4543/1635 4181/4544/1635 4179/4542/1634
f 4182/4543/1635 4184/4545/1636 4183/4546/1636 4181/4544/1635
f 4184/4545/1636 4186/4547/1637 4185/4548/1637 4183/4546/1636
f 4186/4547/1637 4188/4549/1638 4187/4550/1638 4185/4548/1637
f 4188/4549/1638 4190/4551/1639 4189/4552/1639 4187/4550/1638
f 4190/4551/1639 4192/4553/1640 4191/4554/1640 4189/4552/1639
f 4192/4553/1640 4194/4555/1641 4193/4556/1641 4191/4554/1640
f 4194/4555/1641 4196/4557/1642 4195/4558/1642 4193/4556/1641
f 4196/4557/1642 4198/4559/1643 4197/4560/1643 4195/4558/1642
f 4198/4559/1643 4200/4561/1644 4199/4562/1644 4197/4560/1643
f 4200/4561/1644 4202/4563/1645 4201/4564/1645 4199/4562/1644
f 4202/4563/1645 4204/4565/1646 4203/4566/1646 4201/4564/1645
f 4204/4565/1646 4206/4567/1647 4205/4568/1647 4203/4566/1646
f 4206/4567/1647 4208/4569/1648 4207/4570/1648 4205/4568/1647
f 4208/4569/1648 4210/4571/1649 4209/4572/1649 4207/4570/1648
f 4210/4571/1649 4212/4573/1650 4211/4574/1650 4209/4572/1649
f 4212/4573/1650 4214/4575/1651 4213/4576/1651 4211/4574/1650
f 4214/4575/1651 4216/4577/1652 4215/4578/1652 4213/4576/1651
f 4216/4577/1652 4218/4579/1653 4217/4580/1653 4215/4578/1652
f 4218/4579/1653 4220/4581/1654 4219/4582/1654 4217/4580/1653
f 4220/4581/1654 4222/4583/1655 4221/4584/1655 4219/4582/1654
f 4222/4583/1655 4224/4585/1656 4223/4586/1656 4221/4584/1655
f 4224/4585/1656 4034/4587/1561 4033/4302/1561 4223/4586/1656
o Curve.002
v 1.077114 -6.004926 21.105900
v 2.495476 -6.004926 21.106403
v 3.660728 -6.004926 21.107769
v 4.598366 -6.004926 21.110432
v 5.333878 -6.004926 21.114819
v 5.892757 -6.004926 21.121365
v 6.300499 -6.004926 21.130501
v 6.582592 -6.004926 21.142658
v 6.764530 -6.004926 21.158268
v 6.871803 -6.004926 21.177763
v 6.929905 -6.004926 21.201572
v 6.964329 -6.004926 21.230133
v 6.981140 -6.004926 21.248592
v 6.997284 -6.004926 21.269554
v 7.012608 -6.004926 21.292673
v 7.026958 -6.004926 21.317606
v 7.040188 -6.004926 21.344006
v 7.052143 -6.004926 21.371529
v 7.062672 -6.004926 21.399828
v 7.071625 -6.004926 21.428558
v 7.078854 -6.004926 21.457376
v 7.084202 -6.004926 21.485935
v 7.087521 -6.004926 21.513889
v 7.088661 -6.004926 21.540894
v 7.087521 -6.004926 21.567898
v 7.084202 -6.004926 21.595852
v 7.078854 -6.004926 21.624411
v 7.071625 -6.004926 21.653229
v 7.062672 -6.004926 21.681959
v 7.052143 -6.004926 21.710258
v 7.040188 -6.004926 21.737782
v 7.026958 -6.004926 21.764183
v 7.012608 -6.004926 21.789116
v 6.997284 -6.004926 21.812235
v 6.981140 -6.004926 21.833197
v 6.964329 -6.004926 21.851654
v 6.929901 -6.004926 21.880215
v 6.871799 -6.004926 21.904024
v 6.764526 -6.004926 21.923519
v 6.582588 -6.004926 21.939129
v 6.300495 -6.004926 21.951286
v 5.892754 -6.004926 21.960423
v 5.333874 -6.004926 21.966969
v 4.598362 -6.004926 21.971355
v 3.660725 -6.004926 21.974018
v 2.495472 -6.004926 21.975384
v 1.077110 -6.004926 21.975887
v -0.619850 -6.004926 21.975960
v -2.316813 -6.004926 21.975887
v -3.735174 -6.004926 21.975384
v -4.900427 -6.004926 21.974016
v -5.838064 -6.004926 21.971355
v -6.573576 -6.004926 21.966967
v -7.132456 -6.004926 21.960421
v -7.540197 -6.004926 21.951284
v -7.822290 -6.004926 21.939127
v -8.004229 -6.004926 21.923517
v -8.111504 -6.004926 21.904022
v -8.169607 -6.004926 21.880213
v -8.204031 -6.004926 21.851654
v -8.220840 -6.004926 21.833197
v -8.236982 -6.004926 21.812235
v -8.252304 -6.004926 21.789116
v -8.266655 -6.004926 21.764183
v -8.279882 -6.004926 21.737782
v -8.291838 -6.004926 21.710258
v -8.302368 -6.004926 21.681959
v -8.311323 -6.004926 21.653229
v -8.318550 -6.004926 21.624411
v -8.323900 -6.004926 21.595852
v -8.327221 -6.004926 21.567898
v -8.328362 -6.004926 21.540894
v -8.327223 -6.004926 21.513889
v -8.323902 -6.004926 21.485935
v -8.318552 -6.004926 21.457375
v -8.311325 -6.004926 21.428558
v -8.302370 -6.004926 21.399826
v -8.291840 -6.004926 21.371529
v -8.279884 -6.004926 21.344006
v -8.266657 -6.004926 21.317604
v -8.252306 -6.004926 21.292671
v -8.236984 -6.004926 21.269552
v -8.220842 -6.004926 21.248590
v -8.204031 -6.004926 21.230133
v -8.169605 -6.004926 21.201572
v -8.111502 -6.004926 21.177763
v -8.004227 -6.004926 21.158268
v -7.822289 -6.004926 21.142658
v -7.540195 -6.004926 21.130501
v -7.132454 -6.004926 21.121365
v -6.573574 -6.004926 21.114819
v -5.838062 -6.004926 21.110432
v -4.900425 -6.004926 21.107769
v -3.735172 -6.004926 21.106403
v -2.316811 -6.004926 21.105900
v -0.619850 -6.004926 21.105827
v 1.077114 -7.203732 21.105900
v 2.495476 -7.203732 21.106403
v 3.660728 -7.203732 21.107769
v 4.598366 -7.203732 21.110432
v 5.333878 -7.203732 21.114819
v 5.892757 -7.203732 21.121365
v 6.300499 -7.203732 21.130501
v 6.582592 -7.203732 21.142658
v 6.764530 -7.203732 21.158268
v 6.871803 -7.203732 21.177763
v 6.929905 -7.203732 21.201572
v 6.964329 -7.203732 21.230133
v 6.981140 -7.203732 21.248592
v 6.997284 -7.203732 21.269554
v 7.012608 -7.203732 21.292673
v 7.026958 -7.203732 21.317606
v 7.040188 -7.203732 21.344006
v 7.052143 -7.203732 21.371529
v 7.062672 -7.203732 21.399828
v 7.071625 -7.203732 21.428558
v 7.078854 -7.203732 21.457376
v 7.084202 -7.203732 21.485935
v 7.087521 -7.203732 21.513889
v 7.088661 -7.203732 21.540894
v 7.087521 -7.203732 21.567898
v 7.084202 -7.203732 21.595852
v 7.078854 -7.203732 21.624411
v 7.071625 -7.203732 21.653229
v 7.062672 -7.203732 21.681959
v 7.052143 -7.203732 21.710258
v 7.040188 -7.203732 21.737782
v 7.026958 -7.203732 21.764183
v 7.012608 -7.203732 21.789116
v 6.997284 -7.203732 21.812235
v 6.981140 -7.203732 21.833197
v 6.964329 -7.203732 21.851654
v 6.929901 -7.203732 21.880215
v 6.871799 -7.203732 21.904024
v 6.764526 -7.203732 21.923519
v 6.582588 -7.203732 21.939129
v 6.300495 -7.203732 21.951286
v 5.892754 -7.203732 21.960423
v 5.333874 -7.203732 21.966969
v 4.598362 -7.203732 21.971355
v 3.660725 -7.203732 21.974018
v 2.495472 -7.203732 21.975384
v 1.077110 -7.203732 21.975887
v -0.619850 -7.203732 21.975960
v -2.316813 -7.203732 21.975887
v -3.735174 -7.203732 21.975384
v -4.900427 -7.203732 21.974016
v -5.838064 -7.203732 21.971355
v -6.573576 -7.203732 21.966967
v -7.132456 -7.203732 21.960421
v -7.540197 -7.203732 21.951284
v -7.822290 -7.203732 21.939127
v -8.004229 -7.203732 21.923517
v -8.111504 -7.203732 21.904022
v -8.169607 -7.203732 21.880213
v -8.204031 -7.203732 21.851654
v -8.220840 -7.203732 21.833197
v -8.236982 -7.203732 21.812235
v -8.252304 -7.203732 21.789116
v -8.266655 -7.203732 21.764183
v -8.279882 -7.203732 21.737782
v -8.291838 -7.203732 21.710258
v -8.302368 -7.203732 21.681959
v -8.311323 -7.203732 21.653229
v -8.318550 -7.203732 21.624411
v -8.323900 -7.203732 21.595852
v -8.327221 -7.203732 21.567898
v -8.328362 -7.203732 21.540894
v -8.327223 -7.203732 21.513889
v -8.323902 -7.203732 21.485935
v -8.318552 -7.203732 21.457375
v -8.311325 -7.203732 21.428558
v -8.302370 -7.203732 21.399826
v -8.291840 -7.203732 21.371529
v -8.279884 -7.203732 21.344006
v -8.266657 -7.203732 21.317604
v -8.252306 -7.203732 21.292671
v -8.236984 -7.203732 21.269552
v -8.220842 -7.203732 21.248590
v -8.204031 -7.203732 21.230133
v -8.169605 -7.203732 21.201572
v -8.111502 -7.203732 21.177763
v -8.004227 -7.203732 21.158268
v -7.822289 -7.203732 21.142658
v -7.540195 -7.203732 21.130501
v -7.132454 -7.203732 21.121365
v -6.573574 -7.203732 21.114819
v -5.838062 -7.203732 21.110432
v -4.900425 -7.203732 21.107769
v -3.735172 -7.203732 21.106403
v -2.316811 -7.203732 21.105900
v -0.619850 -7.203732 21.105827
v 1.077114 -7.203732 21.105900
v 1.077114 -6.004926 21.105900
v 2.495476 -7.203732 21.106403
v 2.495476 -6.004926 21.106403
v 3.660728 -7.203732 21.107769
v 3.660728 -6.004926 21.107769
v 4.598366 -7.203732 21.110432
v 4.598366 -6.004926 21.110432
v 5.333878 -7.203732 21.114819
v 5.333878 -6.004926 21.114819
v 5.892757 -7.203732 21.121365
v 5.892757 -6.004926 21.121365
v 6.300499 -7.203732 21.130501
v 6.300499 -6.004926 21.130501
v 6.582592 -7.203732 21.142658
v 6.582592 -6.004926 21.142658
v 6.764530 -7.203732 21.158268
v 6.764530 -6.004926 21.158268
v 6.871803 -7.203732 21.177763
v 6.871803 -6.004926 21.177763
v 6.929905 -7.203732 21.201572
v 6.929905 -6.004926 21.201572
v 6.964329 -7.203732 21.230133
v 6.964329 -6.004926 21.230133
v 6.981140 -7.203732 21.248592
v 6.981140 -6.004926 21.248592
v 6.997284 -7.203732 21.269554
v 6.997284 -6.004926 21.269554
v 7.012608 -7.203732 21.292673
v 7.012608 -6.004926 21.292673
v 7.026958 -7.203732 21.317606
v 7.026958 -6.004926 21.317606
v 7.040188 -7.203732 21.344006
v 7.040188 -6.004926 21.344006
v 7.052143 -7.203732 21.371529
v 7.052143 -6.004926 21.371529
v 7.062672 -7.203732 21.399828
v 7.062672 -6.004926 21.399828
v 7.071625 -7.203732 21.428558
v 7.071625 -6.004926 21.428558
v 7.078854 -7.203732 21.457376
v 7.078854 -6.004926 21.457376
v 7.084202 -7.203732 21.485935
v 7.084202 -6.004926 21.485935
v 7.087521 -7.203732 21.513889
v 7.087521 -6.004926 21.513889
v 7.088661 -7.203732 21.540894
v 7.088661 -6.004926 21.540894
v 7.087521 -7.203732 21.567898
v 7.087521 -6.004926 21.567898
v 7.084202 -7.203732 21.595852
v 7.084202 -6.004926 21.595852
v 7.078854 -7.203732 21.624411
v 7.078854 -6.004926 21.624411
v 7.071625 -7.203732 21.653229
v 7.071625 -6.004926 21.653229
v 7.062672 -7.203732 21.681959
v 7.062672 -6.004926 21.681959
v 7.052143 -7.203732 21.710258
v 7.052143 -6.004926 21.710258
v 7.040188 -7.203732 21.737782
v 7.040188 -6.004926 21.737782
v 7.026958 -7.203732 21.764183
v 7.026958 -6.004926 21.764183
v 7.012608 -7.203732 21.789116
v 7.012608 -6.004926 21.789116
v 6.997284 -7.203732 21.812235
v 6.997284 -6.004926 21.812235
v 6.981140 -7.203732 21.833197
v 6.981140 -6.004926 21.833197
v 6.964329 -7.203732 21.851654
v 6.964329 -6.004926 21.851654
v 6.929901 -7.203732 21.880215
v 6.929901 -6.004926 21.880215
v 6.871799 -7.203732 21.904024
v 6.871799 -6.004926 21.904024
v 6.764526 -7.203732 21.923519
v 6.764526 -6.004926 21.923519
v 6.582588 -7.203732 21.939129
v 6.582588 -6.004926 21.939129
v 6.300495 -7.203732 21.951286
v 6.300495 -6.004926 21.951286
v 5.892754 -7.203732 21.960423
v 5.892754 -6.004926 21.960423
v 5.333874 -7.203732 21.966969
v 5.333874 -6.004926 21.966969
v 4.598362 -7.203732 21.971355
v 4.598362 -6.004926 21.971355
v 3.660725 -7.203732 21.974018
v 3.660725 -6.004926 21.974018
v 2.495472 -7.203732 21.975384
v 2.495472 -6.004926 21.975384
v 1.077110 -7.203732 21.975887
v 1.077110 -6.004926 21.975887
v -0.619850 -7.203732 21.975960
v -0.619850 -6.004926 21.975960
v -2.316813 -7.203732 21.975887
v -2.316813 -6.004926 21.975887
v -3.735174 -7.203732 21.975384
v -3.735174 -6.004926 21.975384
v -4.900427 -7.203732 21.974016
v -4.900427 -6.004926 21.974016
v -5.838064 -7.203732 21.971355
v -5.838064 -6.004926 21.971355
v -6.573576 -7.203732 21.966967
v -6.573576 -6.004926 21.966967
v -7.132456 -7.203732 21.960421
v -7.132456 -6.004926 21.960421
v -7.540197 -7.203732 21.951284
v -7.540197 -6.004926 21.951284
v -7.822290 -7.203732 21.939127
v -7.822290 -6.004926 21.939127
v -8.004229 -7.203732 21.923517
v -8.004229 -6.004926 21.923517
v -8.111504 -7.203732 21.904022
v -8.111504 -6.004926 21.904022
v -8.169607 -7.203732 21.880213
v -8.169607 -6.004926 21.880213
v -8.204031 -7.203732 21.851654
v -8.204031 -6.004926 21.851654
v -8.220840 -7.203732 21.833197
v -8.220840 -6.004926 21.833197
v -8.236982 -7.203732 21.812235
v -8.236982 -6.004926 21.812235
v -8.252304 -7.203732 21.789116
v -8.252304 -6.004926 21.789116
v -8.266655 -7.203732 21.764183
v -8.266655 -6.004926 21.764183
v -8.279882 -7.203732 21.737782
v -8.279882 -6.004926 21.737782
v -8.291838 -7.203732 21.710258
v -8.291838 -6.004926 21.710258
v -8.302368 -7.203732 21.681959
v -8.302368 -6.004926 21.681959
v -8.311323 -7.203732 21.653229
v -8.311323 -6.004926 21.653229
v -8.318550 -7.203732 21.624411
v -8.318550 -6.004926 21.624411
v -8.323900 -7.203732 21.595852
v -8.323900 -6.004926 21.595852
v -8.327221 -7.203732 21.567898
v -8.327221 -6.004926 21.567898
v -8.328362 -7.203732 21.540894
v -8.328362 -6.004926 21.540894
v -8.327223 -7.203732 21.513889
v -8.327223 -6.004926 21.513889
v -8.323902 -7.203732 21.485935
v -8.323902 -6.004926 21.485935
v -8.318552 -7.203732 21.457375
v -8.318552 -6.004926 21.457375
v -8.311325 -7.203732 21.428558
v -8.311325 -6.004926 21.428558
v -8.302370 -7.203732 21.399826
v -8.302370 -6.004926 21.399826
v -8.291840 -7.203732 21.371529
v -8.291840 -6.004926 21.371529
v -8.279884 -7.203732 21.344006
v -8.279884 -6.004926 21.344006
v -8.266657 -7.203732 21.317604
v -8.266657 -6.004926 21.317604
v -8.252306 -7.203732 21.292671
v -8.252306 -6.004926 21.292671
v -8.236984 -7.203732 21.269552
v -8.236984 -6.004926 21.269552
v -8.220842 -7.203732 21.248590
v -8.220842 -6.004926 21.248590
v -8.204031 -7.203732 21.230133
v -8.204031 -6.004926 21.230133
v -8.169605 -7.203732 21.201572
v -8.169605 -6.004926 21.201572
v -8.111502 -7.203732 21.177763
v -8.111502 -6.004926 21.177763
v -8.004227 -7.203732 21.158268
v -8.004227 -6.004926 21.158268
v -7.822289 -7.203732 21.142658
v -7.822289 -6.004926 21.142658
v -7.540195 -7.203732 21.130501
v -7.540195 -6.004926 21.130501
v -7.132454 -7.203732 21.121365
v -7.132454 -6.004926 21.121365
v -6.573574 -7.203732 21.114819
v -6.573574 -6.004926 21.114819
v -5.838062 -7.203732 21.110432
v -5.838062 -6.004926 21.110432
v -4.900425 -7.203732 21.107769
v -4.900425 -6.004926 21.107769
v -3.735172 -7.203732 21.106403
v -3.735172 -6.004926 21.106403
v -2.316811 -7.203732 21.105900
v -2.316811 -6.004926 21.105900
v -0.619850 -7.203732 21.105827
v -0.619850 -6.004926 21.105827
vn -0.0000 1.0000 -0.0000
vn -0.0000 -1.0000 -0.0000
vn 0.0002 -0.0000 -1.0000
vn 0.0008 -0.0000 -1.0000
vn 0.0020 -0.0000 -1.0000
vn 0.0044 -0.0000 -1.0000
vn 0.0088 -0.0000 -1.0000
vn 0.0171 -0.0000 -0.9999
vn 0.0327 -0.0000 -0.9995
vn 0.0643 -0.0000 -0.9979
vn 0.1323 -0.0000 -0.9912
vn 0.2805 -0.0000 -0.9598
vn 0.5148 -0.0000 -0.8573
vn 0.6906 -0.0000 -0.7232
vn 0.7665 -0.0000 -0.6423
vn 0.8134 -0.0000 -0.5817
vn 0.8505 -0.0000 -0.5259
vn 0.8807 -0.0000 -0.4736
vn 0.9060 -0.0000 -0.4233
vn 0.9275 -0.0000 -0.3737
vn 0.9463 -0.0000 -0.3232
vn 0.9627 -0.0000 -0.2705
vn 0.9769 -0.0000 -0.2138
vn 0.9885 -0.0000 -0.1511
vn 0.9968 -0.0000 -0.0801
vn 1.0000 -0.0000 -0.0000
vn 0.9968 -0.0000 0.0801
vn 0.9885 -0.0000 0.1511
vn 0.9769 -0.0000 0.2138
vn 0.9627 -0.0000 0.2705
vn 0.9463 -0.0000 0.3232
vn 0.9276 -0.0000 0.3737
vn 0.9060 -0.0000 0.4233
vn 0.8807 -0.0000 0.4736
vn 0.8505 -0.0000 0.5259
vn 0.8134 -0.0000 0.5817
vn 0.7665 -0.0000 0.6423
vn 0.6906 -0.0000 0.7233
vn 0.5147 -0.0000 0.8574
vn 0.2805 -0.0000 0.9598
vn 0.1323 -0.0000 0.9912
vn 0.0643 -0.0000 0.9979
vn 0.0327 -0.0000 0.9995
vn 0.0171 -0.0000 0.9999
vn 0.0088 -0.0000 1.0000
vn 0.0044 -0.0000 1.0000
vn 0.0020 -0.0000 1.0000
vn 0.0008 -0.0000 1.0000
vn 0.0002 -0.0000 1.0000
vn -0.0000 -0.0000 1.0000
vn -0.0002 -0.0000 1.0000
vn -0.0008 -0.0000 1.0000
vn -0.0020 -0.0000 1.0000
vn -0.0044 -0.0000 1.0000
vn -0.0088 -0.0000 1.0000
vn -0.0171 -0.0000 0.9999
vn -0.0327 -0.0000 0.9995
vn -0.0643 -0.0000 0.9979
vn -0.1323 -0.0000 0.9912
vn -0.2805 -0.0000 0.9598
vn -0.5148 -0.0000 0.8573
vn -0.6906 -0.0000 0.7232
vn -0.7665 -0.0000 0.6423
vn -0.8135 -0.0000 0.5816
vn -0.8505 -0.0000 0.5259
vn -0.8807 -0.0000 0.4736
vn -0.9060 -0.0000 0.4233
vn -0.9276 -0.0000 0.3737
vn -0.9463 -0.0000 0.3233
vn -0.9627 -0.0000 0.2705
vn -0.9769 -0.0000 0.2138
vn -0.9885 -0.0000 0.1511
vn -0.9968 -0.0000 0.0801
vn -1.0000 -0.0000 -0.0000
vn -0.9968 -0.0000 -0.0801
vn -0.9885 -0.0000 -0.1511
vn -0.9769 -0.0000 -0.2138
vn -0.9627 -0.0000 -0.2705
vn -0.9463 -0.0000 -0.3233
vn -0.9275 -0.0000 -0.3737
vn -0.9060 -0.0000 -0.4233
vn -0.8807 -0.0000 -0.4736
vn -0.8505 -0.0000 -0.5259
vn -0.8135 -0.0000 -0.5816
vn -0.7665 -0.0000 -0.6423
vn -0.6906 -0.0000 -0.7233
vn -0.5147 -0.0000 -0.8573
vn -0.2805 -0.0000 -0.9598
vn -0.1323 -0.0000 -0.9912
vn -0.0643 -0.0000 -0.9979
vn -0.0327 -0.0000 -0.9995
vn -0.0171 -0.0000 -0.9999
vn -0.0088 -0.0000 -1.0000
vn -0.0044 -0.0000 -1.0000
vn -0.0020 -0.0000 -1.0000
vn -0.0008 -0.0000 -1.0000
vn -0.0002 -0.0000 -1.0000
vn -0.0000 -0.0000 -1.0000
vt 0.989474 0.000000
vt 0.000000 0.000000
vt 1.000000 0.000000
vt 0.978947 0.000000
vt 0.010526 0.000000
vt 0.968421 0.000000
vt 0.021053 0.000000
vt 0.957895 0.000000
vt 0.031579 0.000000
vt 0.947368 0.000000
vt 0.042105 0.000000
vt 0.936842 0.000000
vt 0.052632 0.000000
vt 0.926316 0.000000
vt 0.063158 0.000000
vt 0.915789 0.000000
vt 0.073684 0.000000
vt 0.905263 0.000000
vt 0.084211 0.000000
vt 0.894737 0.000000
vt 0.094737 0.000000
vt 0.884211 0.000000
vt 0.105263 0.000000
vt 0.873684 0.000000
vt 0.115789 0.000000
vt 0.863158 0.000000
vt 0.126316 0.000000
vt 0.852632 0.000000
vt 0.136842 0.000000
vt 0.842105 0.000000
vt 0.147368 0.000000
vt 0.831579 0.000000
vt 0.157895 0.000000
vt 0.821053 0.000000
vt 0.168421 0.000000
vt 0.810526 0.000000
vt 0.178947 0.000000
vt 0.800000 0.000000
vt 0.189474 0.000000
vt 0.789474 0.000000
vt 0.200000 0.000000
vt 0.778947 0.000000
vt 0.210526 0.000000
vt 0.768421 0.000000
vt 0.221053 0.000000
vt 0.757895 0.000000
vt 0.231579 0.000000
vt 0.747368 0.000000
vt 0.242105 0.000000
vt 0.736842 0.000000
vt 0.252632 0.000000
vt 0.726316 0.000000
vt 0.263158 0.000000
vt 0.715789 0.000000
vt 0.273684 0.000000
vt 0.705263 0.000000
vt 0.284211 0.000000
vt 0.694737 0.000000
vt 0.294737 0.000000
vt 0.684211 0.000000
vt 0.305263 0.000000
vt 0.673684 0.000000
vt 0.315789 0.000000
vt 0.663158 0.000000
vt 0.326316 0.000000
vt 0.652632 0.000000
vt 0.336842 0.000000
vt 0.642105 0.000000
vt 0.347368 0.000000
vt 0.631579 0.000000
vt 0.357895 0.000000
vt 0.621053 0.000000
vt 0.368421 0.000000
vt 0.610526 0.000000
vt 0.378947 0.000000
vt 0.600000 0.000000
vt 0.389474 0.000000
vt 0.589474 0.000000
vt 0.400000 0.000000
vt 0.578947 0.000000
vt 0.410526 0.000000
vt 0.568421 0.000000
vt 0.421053 0.000000
vt 0.557895 0.000000
vt 0.431579 0.000000
vt 0.547368 0.000000
vt 0.442105 0.000000
vt 0.536842 0.000000
vt 0.452632 0.000000
vt 0.526316 0.000000
vt 0.463158 0.000000
vt 0.515789 0.000000
vt 0.473684 0.000000
vt 0.505263 0.000000
vt 0.484211 0.000000
vt 0.494737 0.000000
vt 0.000000 1.000000
vt 0.010417 1.000000
vt 0.010417 0.000000
vt 0.020833 1.000000
vt 0.020833 0.000000
vt 0.031250 1.000000
vt 0.031250 0.000000
vt 0.041667 1.000000
vt 0.041667 0.000000
vt 0.052083 1.000000
vt 0.052083 0.000000
vt 0.062500 1.000000
vt 0.062500 0.000000
vt 0.072917 1.000000
vt 0.072917 0.000000
vt 0.083333 1.000000
vt 0.083333 0.000000
vt 0.093750 1.000000
vt 0.093750 0.000000
vt 0.104167 1.000000
vt 0.104167 0.000000
vt 0.114583 1.000000
vt 0.114583 0.000000
vt 0.125000 1.000000
vt 0.125000 0.000000
vt 0.135417 1.000000
vt 0.135417 0.000000
vt 0.145833 1.000000
vt 0.145833 0.000000
vt 0.156250 1.000000
vt 0.156250 0.000000
vt 0.166667 1.000000
vt 0.166667 0.000000
vt 0.177083 1.000000
vt 0.177083 0.000000
vt 0.187500 1.000000
vt 0.187500 0.000000
vt 0.197917 1.000000
vt 0.197917 0.000000
vt 0.208333 1.000000
vt 0.208333 0.000000
vt 0.218750 1.000000
vt 0.218750 0.000000
vt 0.229167 1.000000
vt 0.229167 0.000000
vt 0.239583 1.000000
vt 0.239583 0.000000
vt 0.250000 1.000000
vt 0.250000 0.000000
vt 0.260417 1.000000
vt 0.260417 0.000000
vt 0.270833 1.000000
vt 0.270833 0.000000
vt 0.281250 1.000000
vt 0.281250 0.000000
vt 0.291667 1.000000
vt 0.291667 0.000000
vt 0.302083 1.000000
vt 0.302083 0.000000
vt 0.312500 1.000000
vt 0.312500 0.000000
vt 0.322917 1.000000
vt 0.322917 0.000000
vt 0.333333 1.000000
vt 0.333333 0.000000
vt 0.343750 1.000000
vt 0.343750 0.000000
vt 0.354167 1.000000
vt 0.354167 0.000000
vt 0.364583 1.000000
vt 0.364583 0.000000
vt 0.375000 1.000000
vt 0.375000 0.000000
vt 0.385417 1.000000
vt 0.385417 0.000000
vt 0.395833 1.000000
vt 0.395833 0.000000
vt 0.406250 1.000000
vt 0.406250 0.000000
vt 0.416667 1.000000
vt 0.416667 0.000000
vt 0.427083 1.000000
vt 0.427083 0.000000
vt 0.437500 1.000000
vt 0.437500 0.000000
vt 0.447917 1.000000
vt 0.447917 0.000000
vt 0.458333 1.000000
vt 0.458333 0.000000
vt 0.468750 1.000000
vt 0.468750 0.000000
vt 0.479167 1.000000
vt 0.479167 0.000000
vt 0.489583 1.000000
vt 0.489583 0.000000
vt 0.500000 1.000000
vt 0.500000 0.000000
vt 0.510417 1.000000
vt 0.510417 0.000000
vt 0.520833 1.000000
vt 0.520833 0.000000
vt 0.531250 1.000000
vt 0.531250 0.000000
vt 0.541667 1.000000
vt 0.541667 0.000000
vt 0.552083 1.000000
vt 0.552083 0.000000
vt 0.562500 1.000000
vt 0.562500 0.000000
vt 0.572917 1.000000
vt 0.572917 0.000000
vt 0.583333 1.000000
vt 0.583333 0.000000
vt 0.593750 1.000000
vt 0.593750 0.000000
vt 0.604167 1.000000
vt 0.604167 0.000000
vt 0.614583 1.000000
vt 0.614583 0.000000
vt 0.625000 1.000000
vt 0.625000 0.000000
vt 0.635417 1.000000
vt 0.635417 0.000000
vt 0.645833 1.000000
vt 0.645833 0.000000
vt 0.656250 1.000000
vt 0.656250 0.000000
vt 0.666667 1.000000
vt 0.666667 0.000000
vt 0.677083 1.000000
vt 0.677083 0.000000
vt 0.687500 1.000000
vt 0.687500 0.000000
vt 0.697917 1.000000
vt 0.697917 0.000000
vt 0.708333 1.000000
vt 0.708333 0.000000
vt 0.718750 1.000000
vt 0.718750 0.000000
vt 0.729167 1.000000
vt 0.729167 0.000000
vt 0.739583 1.000000
vt 0.739583 0.000000
vt 0.750000 1.000000
vt 0.750000 0.000000
vt 0.760417 1.000000
vt 0.760417 0.000000
vt 0.770833 1.000000
vt 0.770833 0.000000
vt 0.781250 1.000000
vt 0.781250 0.000000
vt 0.791667 1.000000
vt 0.791667 0.000000
vt 0.802083 1.000000
vt 0.802083 0.000000
vt 0.812500 1.000000
vt 0.812500 0.000000
vt 0.822917 1.000000
vt 0.822917 0.000000
vt 0.833333 1.000000
vt 0.833333 0.000000
vt 0.843750 1.000000
vt 0.843750 0.000000
vt 0.854167 1.000000
vt 0.854167 0.000000
vt 0.864583 1.000000
vt 0.864583 0.000000
vt 0.875000 1.000000
vt 0.875000 0.000000
vt 0.885417 1.000000
vt 0.885417 0.000000
vt 0.895833 1.000000
vt 0.895833 0.000000
vt 0.906250 1.000000
vt 0.906250 0.000000
vt 0.916667 1.000000
vt 0.916667 0.000000
vt 0.927083 1.000000
vt 0.927083 0.000000
vt 0.937500 1.000000
vt 0.937500 0.000000
vt 0.947917 1.000000
vt 0.947917 0.000000
vt 0.958333 1.000000
vt 0.958333 0.000000
vt 0.968750 1.000000
vt 0.968750 0.000000
vt 0.979167 1.000000
vt 0.979167 0.000000
vt 0.989583 1.000000
vt 0.989583 0.000000
vt 1.000000 1.000000
s 0
usemtl Material.001
f 4319/4588/1657 4225/4589/1657 4320/4590/1657
f 4318/4591/1657 4225/4589/1657 4319/4588/1657
f 4318/4591/1657 4226/4592/1657 4225/4589/1657
f 4317/4593/1657 4226/4592/1657 4318/4591/1657
f 4317/4593/1657 4227/4594/1657 4226/4592/1657
f 4316/4595/1657 4227/4594/1657 4317/4593/1657
f 4316/4595/1657 4228/4596/1657 4227/4594/1657
f 4315/4597/1657 4228/4596/1657 4316/4595/1657
f 4315/4597/1657 4229/4598/1657 4228/4596/1657
f 4314/4599/1657 4229/4598/1657 4315/4597/1657
f 4314/4599/1657 4230/4600/1657 4229/4598/1657
f 4313/4601/1657 4230/4600/1657 4314/4599/1657
f 4313/4601/1657 4231/4602/1657 4230/4600/1657
f 4312/4603/1657 4231/4602/1657 4313/4601/1657
f 4312/4603/1657 4232/4604/1657 4231/4602/1657
f 4311/4605/1657 4232/4604/1657 4312/4603/1657
f 4311/4605/1657 4233/4606/1657 4232/4604/1657
f 4310/4607/1657 4233/4606/1657 4311/4605/1657
f 4310/4607/1657 4234/4608/1657 4233/4606/1657
f 4309/4609/1657 4234/4608/1657 4310/4607/1657
f 4309/4609/1657 4235/4610/1657 4234/4608/1657
f 4308/4611/1657 4235/4610/1657 4309/4609/1657
f 4308/4611/1657 4236/4612/1657 4235/4610/1657
f 4307/4613/1657 4236/4612/1657 4308/4611/1657
f 4307/4613/1657 4237/4614/1657 4236/4612/1657
f 4306/4615/1657 4237/4614/1657 4307/4613/1657
f 4306/4615/1657 4238/4616/1657 4237/4614/1657
f 4305/4617/1657 4238/4616/1657 4306/4615/1657
f 4305/4617/1657 4239/4618/1657 4238/4616/1657
f 4304/4619/1657 4239/4618/1657 4305/4617/1657
f 4304/4619/1657 4240/4620/1657 4239/4618/1657
f 4303/4621/1657 4240/4620/1657 4304/4619/1657
f 4303/4621/1657 4241/4622/1657 4240/4620/1657
f 4302/4623/1657 4241/4622/1657 4303/4621/1657
f 4302/4623/1657 4242/4624/1657 4241/4622/1657
f 4301/4625/1657 4242/4624/1657 4302/4623/1657
f 4301/4625/1657 4243/4626/1657 4242/4624/1657
f 4300/4627/1657 4243/4626/1657 4301/4625/1657
f 4300/4627/1657 4244/4628/1657 4243/4626/1657
f 4299/4629/1657 4244/4628/1657 4300/4627/1657
f 4299/4629/1657 4245/4630/1657 4244/4628/1657
f 4298/4631/1657 4245/4630/1657 4299/4629/1657
f 4298/4631/1657 4246/4632/1657 4245/4630/1657
f 4297/4633/1657 4246/4632/1657 4298/4631/1657
f 4297/4633/1657 4247/4634/1657 4246/4632/1657
f 4296/4635/1657 4247/4634/1657 4297/4633/1657
f 4296/4635/1657 4248/4636/1657 4247/4634/1657
f 4295/4637/1657 4248/4636/1657 4296/4635/1657
f 4295/4637/1657 4249/4638/1657 4248/4636/1657
f 4294/4639/1657 4249/4638/1657 4295/4637/1657
f 4294/4639/1657 4250/4640/1657 4249/4638/1657
f 4293/4641/1657 4250/4640/1657 4294/4639/1657
f 4293/4641/1657 4251/4642/1657 4250/4640/1657
f 4292/4643/1657 4251/4642/1657 4293/4641/1657
f 4292/4643/1657 4252/4644/1657 4251/4642/1657
f 4291/4645/1657 4252/4644/1657 4292/4643/1657
f 4291/4645/1657 4253/4646/1657 4252/4644/1657
f 4290/4647/1657 4253/4646/1657 4291/4645/1657
f 4290/4647/1657 4254/4648/1657 4253/4646/1657
f 4289/4649/1657 4254/4648/1657 4290/4647/1657
f 4289/4649/1657 4255/4650/1657 4254/4648/1657
f 4288/4651/1657 4255/4650/1657 4289/4649/1657
f 4288/4651/1657 4256/4652/1657 4255/4650/1657
f 4287/4653/1657 4256/4652/1657 4288/4651/1657
f 4287/4653/1657 4257/4654/1657 4256/4652/1657
f 4286/4655/1657 4257/4654/1657 4287/4653/1657
f 4286/4655/1657 4258/4656/1657 4257/4654/1657
f 4285/4657/1657 4258/4656/1657 4286/4655/1657
f 4285/4657/1657 4259/4658/1657 4258/4656/1657
f 4284/4659/1657 4259/4658/1657 4285/4657/1657
f 4284/4659/1657 4260/4660/1657 4259/4658/1657
f 4283/4661/1657 4260/4660/1657 4284/4659/1657
f 4283/4661/1657 4261/4662/1657 4260/4660/1657
f 4282/4663/1657 4261/4662/1657 4283/4661/1657
f 4282/4663/1657 4262/4664/1657 4261/4662/1657
f 4281/4665/1657 4262/4664/1657 4282/4663/1657
f 4281/4665/1657 4263/4666/1657 4262/4664/1657
f 4280/4667/1657 4263/4666/1657 4281/4665/1657
f 4280/4667/1657 4264/4668/1657 4263/4666/1657
f 4279/4669/1657 4264/4668/1657 4280/4667/1657
f 4279/4669/1657 4265/4670/1657 4264/4668/1657
f 4278/4671/1657 4265/4670/1657 4279/4669/1657
f 4278/4671/1657 4266/4672/1657 4265/4670/1657
f 4277/4673/1657 4266/4672/1657 4278/4671/1657
f 4277/4673/1657 4267/4674/1657 4266/4672/1657
f 4276/4675/1657 4267/4674/1657 4277/4673/1657
f 4276/4675/1657 4268/4676/1657 4267/4674/1657
f 4275/4677/1657 4268/4676/1657 4276/4675/1657
f 4275/4677/1657 4269/4678/1657 4268/4676/1657
f 4274/4679/1657 4269/4678/1657 4275/4677/1657
f 4274/4679/1657 4270/4680/1657 4269/4678/1657
f 4273/4681/1657 4270/4680/1657 4274/4679/1657
f 4273/4681/1657 4271/4682/1657 4270/4680/1657
f 4272/4683/1657 4271/4682/1657 4273/4681/1657
f 4415/4588/1658 4416/4590/1658 4321/4589/1658
f 4414/4591/1658 4415/4588/1658 4321/4589/1658
f 4414/4591/1658 4321/4589/1658 4322/4592/1658
f 4413/4593/1658 4414/4591/1658 4322/4592/1658
f 4413/4593/1658 4322/4592/1658 4323/4594/1658
f 4412/4595/1658 4413/4593/1658 4323/4594/1658
f 4412/4595/1658 4323/4594/1658 4324/4596/1658
f 4411/4597/1658 4412/4595/1658 4324/4596/1658
f 4411/4597/1658 4324/4596/1658 4325/4598/1658
f 4410/4599/1658 4411/4597/1658 4325/4598/1658
f 4410/4599/1658 4325/4598/1658 4326/4600/1658
f 4409/4601/1658 4410/4599/1658 4326/4600/1658
f 4409/4601/1658 4326/4600/1658 4327/4602/1658
f 4408/4603/1658 4409/4601/1658 4327/4602/1658
f 4408/4603/1658 4327/4602/1658 4328/4604/1658
f 4407/4605/1658 4408/4603/1658 4328/4604/1658
f 4407/4605/1658 4328/4604/1658 4329/4606/1658
f 4406/4607/1658 4407/4605/1658 4329/4606/1658
f 4406/4607/1658 4329/4606/1658 4330/4608/1658
f 4405/4609/1658 4406/4607/1658 4330/4608/1658
f 4405/4609/1658 4330/4608/1658 4331/4610/1658
f 4404/4611/1658 4405/4609/1658 4331/4610/1658
f 4404/4611/1658 4331/4610/1658 4332/4612/1658
f 4403/4613/1658 4404/4611/1658 4332/4612/1658
f 4403/4613/1658 4332/4612/1658 4333/4614/1658
f 4402/4615/1658 4403/4613/1658 4333/4614/1658
f 4402/4615/1658 4333/4614/1658 4334/4616/1658
f 4401/4617/1658 4402/4615/1658 4334/4616/1658
f 4401/4617/1658 4334/4616/1658 4335/4618/1658
f 4400/4619/1658 4401/4617/1658 4335/4618/1658
f 4400/4619/1658 4335/4618/1658 4336/4620/1658
f 4399/4621/1658 4400/4619/1658 4336/4620/1658
f 4399/4621/1658 4336/4620/1658 4337/4622/1658
f 4398/4623/1658 4399/4621/1658 4337/4622/1658
f 4398/4623/1658 4337/4622/1658 4338/4624/1658
f 4397/4625/1658 4398/4623/1658 4338/4624/1658
f 4397/4625/1658 4338/4624/1658 4339/4626/1658
f 4396/4627/1658 4397/4625/1658 4339/4626/1658
f 4396/4627/1658 4339/4626/1658 4340/4628/1658
f 4395/4629/1658 4396/4627/1658 4340/4628/1658
f 4395/4629/1658 4340/4628/1658 4341/4630/1658
f 4394/4631/1658 4395/4629/1658 4341/4630/1658
f 4394/4631/1658 4341/4630/1658 4342/4632/1658
f 4393/4633/1658 4394/4631/1658 4342/4632/1658
f 4393/4633/1658 4342/4632/1658 4343/4634/1658
f 4392/4635/1658 4393/4633/1658 4343/4634/1658
f 4392/4635/1658 4343/4634/1658 4344/4636/1658
f 4391/4637/1658 4392/4635/1658 4344/4636/1658
f 4391/4637/1658 4344/4636/1658 4345/4638/1658
f 4390/4639/1658 4391/4637/1658 4345/4638/1658
f 4390/4639/1658 4345/4638/1658 4346/4640/1658
f 4389/4641/1658 4390/4639/1658 4346/4640/1658
f 4389/4641/1658 4346/4640/1658 4347/4642/1658
f 4388/4643/1658 4389/4641/1658 4347/4642/1658
f 4388/4643/1658 4347/4642/1658 4348/4644/1658
f 4387/4645/1658 4388/4643/1658 4348/4644/1658
f 4387/4645/1658 4348/4644/1658 4349/4646/1658
f 4386/4647/1658 4387/4645/1658 4349/4646/1658
f 4386/4647/1658 4349/4646/1658 4350/4648/1658
f 4385/4649/1658 4386/4647/1658 4350/4648/1658
f 4385/4649/1658 4350/4648/1658 4351/4650/1658
f 4384/4651/1658 4385/4649/1658 4351/4650/1658
f 4384/4651/1658 4351/4650/1658 4352/4652/1658
f 4383/4653/1658 4384/4651/1658 4352/4652/1658
f 4383/4653/1658 4352/4652/1658 4353/4654/1658
f 4382/4655/1658 4383/4653/1658 4353/4654/1658
f 4382/4655/1658 4353/4654/1658 4354/4656/1658
f 4381/4657/1658 4382/4655/1658 4354/4656/1658
f 4381/4657/1658 4354/4656/1658 4355/4658/1658
f 4380/4659/1658 4381/4657/1658 4355/4658/1658
f 4380/4659/1658 4355/4658/1658 4356/4660/1658
f 4379/4661/1658 4380/4659/1658 4356/4660/1658
f 4379/4661/1658 4356/4660/1658 4357/4662/1658
f 4378/4663/1658 4379/4661/1658 4357/4662/1658
f 4378/4663/1658 4357/4662/1658 4358/4664/1658
f 4377/4665/1658 4378/4663/1658 4358/4664/1658
f 4377/4665/1658 4358/4664/1658 4359/4666/1658
f 4376/4667/1658 4377/4665/1658 4359/4666/1658
f 4376/4667/1658 4359/4666/1658 4360/4668/1658
f 4375/4669/1658 4376/4667/1658 4360/4668/1658
f 4375/4669/1658 4360/4668/1658 4361/4670/1658
f 4374/4671/1658 4375/4669/1658 4361/4670/1658
f 4374/4671/1658 4361/4670/1658 4362/4672/1658
f 4373/4673/1658 4374/4671/1658 4362/4672/1658
f 4373/4673/1658 4362/4672/1658 4363/4674/1658
f 4372/4675/1658 4373/4673/1658 4363/4674/1658
f 4372/4675/1658 4363/4674/1658 4364/4676/1658
f 4371/4677/1658 4372/4675/1658 4364/4676/1658
f 4371/4677/1658 4364/4676/1658 4365/4678/1658
f 4370/4679/1658 4371/4677/1658 4365/4678/1658
f 4370/4679/1658 4365/4678/1658 4366/4680/1658
f 4369/4681/1658 4370/4679/1658 4366/4680/1658
f 4369/4681/1658 4366/4680/1658 4367/4682/1658
f 4368/4683/1658 4369/4681/1658 4367/4682/1658
s 1
f 4418/4684/1659 4420/4685/1660 4419/4686/1660 4417/4589/1659
f 4420/4685/1660 4422/4687/1661 4421/4688/1661 4419/4686/1660
f 4422/4687/1661 4424/4689/1662 4423/4690/1662 4421/4688/1661
f 4424/4689/1662 4426/4691/1663 4425/4692/1663 4423/4690/1662
f 4426/4691/1663 4428/4693/1664 4427/4694/1664 4425/4692/1663
f 4428/4693/1664 4430/4695/1665 4429/4696/1665 4427/4694/1664
f 4430/4695/1665 4432/4697/1666 4431/4698/1666 4429/4696/1665
f 4432/4697/1666 4434/4699/1667 4433/4700/1667 4431/4698/1666
f 4434/4699/1667 4436/4701/1668 4435/4702/1668 4433/4700/1667
f 4436/4701/1668 4438/4703/1669 4437/4704/1669 4435/4702/1668
f 4438/4703/1669 4440/4705/1670 4439/4706/1670 4437/4704/1669
f 4440/4705/1670 4442/4707/1671 4441/4708/1671 4439/4706/1670
f 4442/4707/1671 4444/4709/1672 4443/4710/1672 4441/4708/1671
f 4444/4709/1672 4446/4711/1673 4445/4712/1673 4443/4710/1672
f 4446/4711/1673 4448/4713/1674 4447/4714/1674 4445/4712/1673
f 4448/4713/1674 4450/4715/1675 4449/4716/1675 4447/4714/1674
f 4450/4715/1675 4452/4717/1676 4451/4718/1676 4449/4716/1675
f 4452/4717/1676 4454/4719/1677 4453/4720/1677 4451/4718/1676
f 4454/4719/1677 4456/4721/1678 4455/4722/1678 4453/4720/1677
f 4456/4721/1678 4458/4723/1679 4457/4724/1679 4455/4722/1678
f 4458/4723/1679 4460/4725/1680 4459/4726/1680 4457/4724/1679
f 4460/4725/1680 4462/4727/1681 4461/4728/1681 4459/4726/1680
f 4462/4727/1681 4464/4729/1682 4463/4730/1682 4461/4728/1681
f 4464/4729/1682 4466/4731/1683 4465/4732/1683 4463/4730/1682
f 4466/4731/1683 4468/4733/1684 4467/4734/1684 4465/4732/1683
f 4468/4733/1684 4470/4735/1685 4469/4736/1685 4467/4734/1684
f 4470/4735/1685 4472/4737/1686 4471/4738/1686 4469/4736/1685
f 4472/4737/1686 4474/4739/1687 4473/4740/1687 4471/4738/1686
f 4474/4739/1687 4476/4741/1688 4475/4742/1688 4473/4740/1687
f 4476/4741/1688 4478/4743/1689 4477/4744/1689 4475/4742/1688
f 4478/4743/1689 4480/4745/1690 4479/4746/1690 4477/4744/1689
f 4480/4745/1690 4482/4747/1691 4481/4748/1691 4479/4746/1690
f 4482/4747/1691 4484/4749/1692 4483/4750/1692 4481/4748/1691
f 4484/4749/1692 4486/4751/1693 4485/4752/1693 4483/4750/1692
f 4486/4751/1693 4488/4753/1694 4487/4754/1694 4485/4752/1693
f 4488/4753/1694 4490/4755/1695 4489/4756/1695 4487/4754/1694
f 4490/4755/1695 4492/4757/1696 4491/4758/1696 4489/4756/1695
f 4492/4757/1696 4494/4759/1697 4493/4760/1697 4491/4758/1696
f 4494/4759/1697 4496/4761/1698 4495/4762/1698 4493/4760/1697
f 4496/4761/1698 4498/4763/1699 4497/4764/1699 4495/4762/1698
f 4498/4763/1699 4500/4765/1700 4499/4766/1700 4497/4764/1699
f 4500/4765/1700 4502/4767/1701 4501/4768/1701 4499/4766/1700
f 4502/4767/1701 4504/4769/1702 4503/4770/1702 4501/4768/1701
f 4504/4769/1702 4506/4771/1703 4505/4772/1703 4503/4770/1702
f 4506/4771/1703 4508/4773/1704 4507/4774/1704 4505/4772/1703
f 4508/4773/1704 4510/4775/1705 4509/4776/1705 4507/4774/1704
f 4510/4775/1705 4512/4777/1706 4511/4778/1706 4509/4776/1705
f 4512/4777/1706 4514/4779/1707 4513/4780/1707 4511/4778/1706
f 4514/4779/1707 4516/4781/1708 4515/4782/1708 4513/4780/1707
f 4516/4781/1708 4518/4783/1709 4517/4784/1709 4515/4782/1708
f 4518/4783/1709 4520/4785/1710 4519/4786/1710 4517/4784/1709
f 4520/4785/1710 4522/4787/1711 4521/4788/1711 4519/4786/1710
f 4522/4787/1711 4524/4789/1712 4523/4790/1712 4521/4788/1711
f 4524/4789/1712 4526/4791/1713 4525/4792/1713 4523/4790/1712
f 4526/4791/1713 4528/4793/1714 4527/4794/1714 4525/4792/1713
f 4528/4793/1714 4530/4795/1715 4529/4796/1715 4527/4794/1714
f 4530/4795/1715 4532/4797/1716 4531/4798/1716 4529/4796/1715
f 4532/4797/1716 4534/4799/1717 4533/4800/1717 4531/4798/1716
f 4534/4799/1717 4536/4801/1718 4535/4802/1718 4533/4800/1717
f 4536/4801/1718 4538/4803/1719 4537/4804/1719 4535/4802/1718
f 4538/4803/1719 4540/4805/1720 4539/4806/1720 4537/4804/1719
f 4540/4805/1720 4542/4807/1721 4541/4808/1721 4539/4806/1720
f 4542/4807/1721 4544/4809/1722 4543/4810/1722 4541/4808/1721
f 4544/4809/1722 4546/4811/1723 4545/4812/1723 4543/4810/1722
f 4546/4811/1723 4548/4813/1724 4547/4814/1724 4545/4812/1723
f 4548/4813/1724 4550/4815/1725 4549/4816/1725 4547/4814/1724
f 4550/4815/1725 4552/4817/1726 4551/4818/1726 4549/4816/1725
f 4552/4817/1726 4554/4819/1727 4553/4820/1727 4551/4818/1726
f 4554/4819/1727 4556/4821/1728 4555/4822/1728 4553/4820/1727
f 4556/4821/1728 4558/4823/1729 4557/4824/1729 4555/4822/1728
f 4558/4823/1729 4560/4825/1730 4559/4826/1730 4557/4824/1729
f 4560/4825/1730 4562/4827/1731 4561/4828/1731 4559/4826/1730
f 4562/4827/1731 4564/4829/1732 4563/4830/1732 4561/4828/1731
f 4564/4829/1732 4566/4831/1733 4565/4832/1733 4563/4830/1732
f 4566/4831/1733 4568/4833/1734 4567/4834/1734 4565/4832/1733
f 4568/4833/1734 4570/4835/1735 4569/4836/1735 4567/4834/1734
f 4570/4835/1735 4572/4837/1736 4571/4838/1736 4569/4836/1735
f 4572/4837/1736 4574/4839/1737 4573/4840/1737 4571/4838/1736
f 4574/4839/1737 4576/4841/1738 4575/4842/1738 4573/4840/1737
f 4576/4841/1738 4578/4843/1739 4577/4844/1739 4575/4842/1738
f 4578/4843/1739 4580/4845/1740 4579/4846/1740 4577/4844/1739
f 4580/4845/1740 4582/4847/1741 4581/4848/1741 4579/4846/1740
f 4582/4847/1741 4584/4849/1742 4583/4850/1742 4581/4848/1741
f 4584/4849/1742 4586/4851/1743 4585/4852/1743 4583/4850/1742
f 4586/4851/1743 4588/4853/1744 4587/4854/1744 4585/4852/1743
f 4588/4853/1744 4590/4855/1745 4589/4856/1745 4587/4854/1744
f 4590/4855/1745 4592/4857/1746 4591/4858/1746 4589/4856/1745
f 4592/4857/1746 4594/4859/1747 4593/4860/1747 4591/4858/1746
f 4594/4859/1747 4596/4861/1748 4595/4862/1748 4593/4860/1747
f 4596/4861/1748 4598/4863/1749 4597/4864/1749 4595/4862/1748
f 4598/4863/1749 4600/4865/1750 4599/4866/1750 4597/4864/1749
f 4600/4865/1750 4602/4867/1751 4601/4868/1751 4599/4866/1750
f 4602/4867/1751 4604/4869/1752 4603/4870/1752 4601/4868/1751
f 4604/4869/1752 4606/4871/1753 4605/4872/1753 4603/4870/1752
f 4606/4871/1753 4608/4873/1754 4607/4874/1754 4605/4872/1753
f 4608/4873/1754 4418/4875/1659 4417/4590/1659 4607/4874/1754
o Curve.002
v 1.077114 -6.004926 21.105900
v 2.495476 -6.004926 21.106403
v 3.660728 -6.004926 21.107769
v 4.598366 -6.004926 21.110432
v 5.333878 -6.004926 21.114819
v 5.892757 -6.004926 21.121365
v 6.300499 -6.004926 21.130501
v 6.582592 -6.004926 21.142658
v 6.764530 -6.004926 21.158268
v 6.871803 -6.004926 21.177763
v 6.929905 -6.004926 21.201572
v 6.964329 -6.004926 21.230133
v 6.981140 -6.004926 21.248592
v 6.997284 -6.004926 21.269554
v 7.012608 -6.004926 21.292673
v 7.026958 -6.004926 21.317606
v 7.040188 -6.004926 21.344006
v 7.052143 -6.004926 21.371529
v 7.062672 -6.004926 21.399828
v 7.071625 -6.004926 21.428558
v 7.078854 -6.004926 21.457376
v 7.084202 -6.004926 21.485935
v 7.087521 -6.004926 21.513889
v 7.088661 -6.004926 21.540894
v 7.087521 -6.004926 21.567898
v 7.084202 -6.004926 21.595852
v 7.078854 -6.004926 21.624411
v 7.071625 -6.004926 21.653229
v 7.062672 -6.004926 21.681959
v 7.052143 -6.004926 21.710258
v 7.040188 -6.004926 21.737782
v 7.026958 -6.004926 21.764183
v 7.012608 -6.004926 21.789116
v 6.997284 -6.004926 21.812235
v 6.981140 -6.004926 21.833197
v 6.964329 -6.004926 21.851654
v 6.929901 -6.004926 21.880215
v 6.871799 -6.004926 21.904024
v 6.764526 -6.004926 21.923519
v 6.582588 -6.004926 21.939129
v 6.300495 -6.004926 21.951286
v 5.892754 -6.004926 21.960423
v 5.333874 -6.004926 21.966969
v 4.598362 -6.004926 21.971355
v 3.660725 -6.004926 21.974018
v 2.495472 -6.004926 21.975384
v 1.077110 -6.004926 21.975887
v -0.619850 -6.004926 21.975960
v -2.316813 -6.004926 21.975887
v -3.735174 -6.004926 21.975384
v -4.900427 -6.004926 21.974016
v -5.838064 -6.004926 21.971355
v -6.573576 -6.004926 21.966967
v -7.132456 -6.004926 21.960421
v -7.540197 -6.004926 21.951284
v -7.822290 -6.004926 21.939127
v -8.004229 -6.004926 21.923517
v -8.111504 -6.004926 21.904022
v -8.169607 -6.004926 21.880213
v -8.204031 -6.004926 21.851654
v -8.220840 -6.004926 21.833197
v -8.236982 -6.004926 21.812235
v -8.252304 -6.004926 21.789116
v -8.266655 -6.004926 21.764183
v -8.279882 -6.004926 21.737782
v -8.291838 -6.004926 21.710258
v -8.302368 -6.004926 21.681959
v -8.311323 -6.004926 21.653229
v -8.318550 -6.004926 21.624411
v -8.323900 -6.004926 21.595852
v -8.327221 -6.004926 21.567898
v -8.328362 -6.004926 21.540894
v -8.327223 -6.004926 21.513889
v -8.323902 -6.004926 21.485935
v -8.318552 -6.004926 21.457375
v -8.311325 -6.004926 21.428558
v -8.302370 -6.004926 21.399826
v -8.291840 -6.004926 21.371529
v -8.279884 -6.004926 21.344006
v -8.266657 -6.004926 21.317604
v -8.252306 -6.004926 21.292671
v -8.236984 -6.004926 21.269552
v -8.220842 -6.004926 21.248590
v -8.204031 -6.004926 21.230133
v -8.169605 -6.004926 21.201572
v -8.111502 -6.004926 21.177763
v -8.004227 -6.004926 21.158268
v -7.822289 -6.004926 21.142658
v -7.540195 -6.004926 21.130501
v -7.132454 -6.004926 21.121365
v -6.573574 -6.004926 21.114819
v -5.838062 -6.004926 21.110432
v -4.900425 -6.004926 21.107769
v -3.735172 -6.004926 21.106403
v -2.316811 -6.004926 21.105900
v -0.619850 -6.004926 21.105827
v 1.077114 -7.203732 21.105900
v 2.495476 -7.203732 21.106403
v 3.660728 -7.203732 21.107769
v 4.598366 -7.203732 21.110432
v 5.333878 -7.203732 21.114819
v 5.892757 -7.203732 21.121365
v 6.300499 -7.203732 21.130501
v 6.582592 -7.203732 21.142658
v 6.764530 -7.203732 21.158268
v 6.871803 -7.203732 21.177763
v 6.929905 -7.203732 21.201572
v 6.964329 -7.203732 21.230133
v 6.981140 -7.203732 21.248592
v 6.997284 -7.203732 21.269554
v 7.012608 -7.203732 21.292673
v 7.026958 -7.203732 21.317606
v 7.040188 -7.203732 21.344006
v 7.052143 -7.203732 21.371529
v 7.062672 -7.203732 21.399828
v 7.071625 -7.203732 21.428558
v 7.078854 -7.203732 21.457376
v 7.084202 -7.203732 21.485935
v 7.087521 -7.203732 21.513889
v 7.088661 -7.203732 21.540894
v 7.087521 -7.203732 21.567898
v 7.084202 -7.203732 21.595852
v 7.078854 -7.203732 21.624411
v 7.071625 -7.203732 21.653229
v 7.062672 -7.203732 21.681959
v 7.052143 -7.203732 21.710258
v 7.040188 -7.203732 21.737782
v 7.026958 -7.203732 21.764183
v 7.012608 -7.203732 21.789116
v 6.997284 -7.203732 21.812235
v 6.981140 -7.203732 21.833197
v 6.964329 -7.203732 21.851654
v 6.929901 -7.203732 21.880215
v 6.871799 -7.203732 21.904024
v 6.764526 -7.203732 21.923519
v 6.582588 -7.203732 21.939129
v 6.300495 -7.203732 21.951286
v 5.892754 -7.203732 21.960423
v 5.333874 -7.203732 21.966969
v 4.598362 -7.203732 21.971355
v 3.660725 -7.203732 21.974018
v 2.495472 -7.203732 21.975384
v 1.077110 -7.203732 21.975887
v -0.619850 -7.203732 21.975960
v -2.316813 -7.203732 21.975887
v -3.735174 -7.203732 21.975384
v -4.900427 -7.203732 21.974016
v -5.838064 -7.203732 21.971355
v -6.573576 -7.203732 21.966967
v -7.132456 -7.203732 21.960421
v -7.540197 -7.203732 21.951284
v -7.822290 -7.203732 21.939127
v -8.004229 -7.203732 21.923517
v -8.111504 -7.203732 21.904022
v -8.169607 -7.203732 21.880213
v -8.204031 -7.203732 21.851654
v -8.220840 -7.203732 21.833197
v -8.236982 -7.203732 21.812235
v -8.252304 -7.203732 21.789116
v -8.266655 -7.203732 21.764183
v -8.279882 -7.203732 21.737782
v -8.291838 -7.203732 21.710258
v -8.302368 -7.203732 21.681959
v -8.311323 -7.203732 21.653229
v -8.318550 -7.203732 21.624411
v -8.323900 -7.203732 21.595852
v -8.327221 -7.203732 21.567898
v -8.328362 -7.203732 21.540894
v -8.327223 -7.203732 21.513889
v -8.323902 -7.203732 21.485935
v -8.318552 -7.203732 21.457375
v -8.311325 -7.203732 21.428558
v -8.302370 -7.203732 21.399826
v -8.291840 -7.203732 21.371529
v -8.279884 -7.203732 21.344006
v -8.266657 -7.203732 21.317604
v -8.252306 -7.203732 21.292671
v -8.236984 -7.203732 21.269552
v -8.220842 -7.203732 21.248590
v -8.204031 -7.203732 21.230133
v -8.169605 -7.203732 21.201572
v -8.111502 -7.203732 21.177763
v -8.004227 -7.203732 21.158268
v -7.822289 -7.203732 21.142658
v -7.540195 -7.203732 21.130501
v -7.132454 -7.203732 21.121365
v -6.573574 -7.203732 21.114819
v -5.838062 -7.203732 21.110432
v -4.900425 -7.203732 21.107769
v -3.735172 -7.203732 21.106403
v -2.316811 -7.203732 21.105900
v -0.619850 -7.203732 21.105827
v 1.077114 -7.203732 21.105900
v 1.077114 -6.004926 21.105900
v 2.495476 -7.203732 21.106403
v 2.495476 -6.004926 21.106403
v 3.660728 -7.203732 21.107769
v 3.660728 -6.004926 21.107769
v 4.598366 -7.203732 21.110432
v 4.598366 -6.004926 21.110432
v 5.333878 -7.203732 21.114819
v 5.333878 -6.004926 21.114819
v 5.892757 -7.203732 21.121365
v 5.892757 -6.004926 21.121365
v 6.300499 -7.203732 21.130501
v 6.300499 -6.004926 21.130501
v 6.582592 -7.203732 21.142658
v 6.582592 -6.004926 21.142658
v 6.764530 -7.203732 21.158268
v 6.764530 -6.004926 21.158268
v 6.871803 -7.203732 21.177763
v 6.871803 -6.004926 21.177763
v 6.929905 -7.203732 21.201572
v 6.929905 -6.004926 21.201572
v 6.964329 -7.203732 21.230133
v 6.964329 -6.004926 21.230133
v 6.981140 -7.203732 21.248592
v 6.981140 -6.004926 21.248592
v 6.997284 -7.203732 21.269554
v 6.997284 -6.004926 21.269554
v 7.012608 -7.203732 21.292673
v 7.012608 -6.004926 21.292673
v 7.026958 -7.203732 21.317606
v 7.026958 -6.004926 21.317606
v 7.040188 -7.203732 21.344006
v 7.040188 -6.004926 21.344006
v 7.052143 -7.203732 21.371529
v 7.052143 -6.004926 21.371529
v 7.062672 -7.203732 21.399828
v 7.062672 -6.004926 21.399828
v 7.071625 -7.203732 21.428558
v 7.071625 -6.004926 21.428558
v 7.078854 -7.203732 21.457376
v 7.078854 -6.004926 21.457376
v 7.084202 -7.203732 21.485935
v 7.084202 -6.004926 21.485935
v 7.087521 -7.203732 21.513889
v 7.087521 -6.004926 21.513889
v 7.088661 -7.203732 21.540894
v 7.088661 -6.004926 21.540894
v 7.087521 -7.203732 21.567898
v 7.087521 -6.004926 21.567898
v 7.084202 -7.203732 21.595852
v 7.084202 -6.004926 21.595852
v 7.078854 -7.203732 21.624411
v 7.078854 -6.004926 21.624411
v 7.071625 -7.203732 21.653229
v 7.071625 -6.004926 21.653229
v 7.062672 -7.203732 21.681959
v 7.062672 -6.004926 21.681959
v 7.052143 -7.203732 21.710258
v 7.052143 -6.004926 21.710258
v 7.040188 -7.203732 21.737782
v 7.040188 -6.004926 21.737782
v 7.026958 -7.203732 21.764183
v 7.026958 -6.004926 21.764183
v 7.012608 -7.203732 21.789116
v 7.012608 -6.004926 21.789116
v 6.997284 -7.203732 21.812235
v 6.997284 -6.004926 21.812235
v 6.981140 -7.203732 21.833197
v 6.981140 -6.004926 21.833197
v 6.964329 -7.203732 21.851654
v 6.964329 -6.004926 21.851654
v 6.929901 -7.203732 21.880215
v 6.929901 -6.004926 21.880215
v 6.871799 -7.203732 21.904024
v 6.871799 -6.004926 21.904024
v 6.764526 -7.203732 21.923519
v 6.764526 -6.004926 21.923519
v 6.582588 -7.203732 21.939129
v 6.582588 -6.004926 21.939129
v 6.300495 -7.203732 21.951286
v 6.300495 -6.004926 21.951286
v 5.892754 -7.203732 21.960423
v 5.892754 -6.004926 21.960423
v 5.333874 -7.203732 21.966969
v 5.333874 -6.004926 21.966969
v 4.598362 -7.203732 21.971355
v 4.598362 -6.004926 21.971355
v 3.660725 -7.203732 21.974018
v 3.660725 -6.004926 21.974018
v 2.495472 -7.203732 21.975384
v 2.495472 -6.004926 21.975384
v 1.077110 -7.203732 21.975887
v 1.077110 -6.004926 21.975887
v -0.619850 -7.203732 21.975960
v -0.619850 -6.004926 21.975960
v -2.316813 -7.203732 21.975887
v -2.316813 -6.004926 21.975887
v -3.735174 -7.203732 21.975384
v -3.735174 -6.004926 21.975384
v -4.900427 -7.203732 21.974016
v -4.900427 -6.004926 21.974016
v -5.838064 -7.203732 21.971355
v -5.838064 -6.004926 21.971355
v -6.573576 -7.203732 21.966967
v -6.573576 -6.004926 21.966967
v -7.132456 -7.203732 21.960421
v -7.132456 -6.004926 21.960421
v -7.540197 -7.203732 21.951284
v -7.540197 -6.004926 21.951284
v -7.822290 -7.203732 21.939127
v -7.822290 -6.004926 21.939127
v -8.004229 -7.203732 21.923517
v -8.004229 -6.004926 21.923517
v -8.111504 -7.203732 21.904022
v -8.111504 -6.004926 21.904022
v -8.169607 -7.203732 21.880213
v -8.169607 -6.004926 21.880213
v -8.204031 -7.203732 21.851654
v -8.204031 -6.004926 21.851654
v -8.220840 -7.203732 21.833197
v -8.220840 -6.004926 21.833197
v -8.236982 -7.203732 21.812235
v -8.236982 -6.004926 21.812235
v -8.252304 -7.203732 21.789116
v -8.252304 -6.004926 21.789116
v -8.266655 -7.203732 21.764183
v -8.266655 -6.004926 21.764183
v -8.279882 -7.203732 21.737782
v -8.279882 -6.004926 21.737782
v -8.291838 -7.203732 21.710258
v -8.291838 -6.004926 21.710258
v -8.302368 -7.203732 21.681959
v -8.302368 -6.004926 21.681959
v -8.311323 -7.203732 21.653229
v -8.311323 -6.004926 21.653229
v -8.318550 -7.203732 21.624411
v -8.318550 -6.004926 21.624411
v -8.323900 -7.203732 21.595852
v -8.323900 -6.004926 21.595852
v -8.327221 -7.203732 21.567898
v -8.327221 -6.004926 21.567898
v -8.328362 -7.203732 21.540894
v -8.328362 -6.004926 21.540894
v -8.327223 -7.203732 21.513889
v -8.327223 -6.004926 21.513889
v -8.323902 -7.203732 21.485935
v -8.323902 -6.004926 21.485935
v -8.318552 -7.203732 21.457375
v -8.318552 -6.004926 21.457375
v -8.311325 -7.203732 21.428558
v -8.311325 -6.004926 21.428558
v -8.302370 -7.203732 21.399826
v -8.302370 -6.004926 21.399826
v -8.291840 -7.203732 21.371529
v -8.291840 -6.004926 21.371529
v -8.279884 -7.203732 21.344006
v -8.279884 -6.004926 21.344006
v -8.266657 -7.203732 21.317604
v -8.266657 -6.004926 21.317604
v -8.252306 -7.203732 21.292671
v -8.252306 -6.004926 21.292671
v -8.236984 -7.203732 21.269552
v -8.236984 -6.004926 21.269552
v -8.220842 -7.203732 21.248590
v -8.220842 -6.004926 21.248590
v -8.204031 -7.203732 21.230133
v -8.204031 -6.004926 21.230133
v -8.169605 -7.203732 21.201572
v -8.169605 -6.004926 21.201572
v -8.111502 -7.203732 21.177763
v -8.111502 -6.004926 21.177763
v -8.004227 -7.203732 21.158268
v -8.004227 -6.004926 21.158268
v -7.822289 -7.203732 21.142658
v -7.822289 -6.004926 21.142658
v -7.540195 -7.203732 21.130501
v -7.540195 -6.004926 21.130501
v -7.132454 -7.203732 21.121365
v -7.132454 -6.004926 21.121365
v -6.573574 -7.203732 21.114819
v -6.573574 -6.004926 21.114819
v -5.838062 -7.203732 21.110432
v -5.838062 -6.004926 21.110432
v -4.900425 -7.203732 21.107769
v -4.900425 -6.004926 21.107769
v -3.735172 -7.203732 21.106403
v -3.735172 -6.004926 21.106403
v -2.316811 -7.203732 21.105900
v -2.316811 -6.004926 21.105900
v -0.619850 -7.203732 21.105827
v -0.619850 -6.004926 21.105827
vn -0.0000 1.0000 -0.0000
vn -0.0000 -1.0000 -0.0000
vn 0.0002 -0.0000 -1.0000
vn 0.0008 -0.0000 -1.0000
vn 0.0020 -0.0000 -1.0000
vn 0.0044 -0.0000 -1.0000
vn 0.0088 -0.0000 -1.0000
vn 0.0171 -0.0000 -0.9999
vn 0.0327 -0.0000 -0.9995
vn 0.0643 -0.0000 -0.9979
vn 0.1323 -0.0000 -0.9912
vn 0.2805 -0.0000 -0.9598
vn 0.5148 -0.0000 -0.8573
vn 0.6906 -0.0000 -0.7232
vn 0.7665 -0.0000 -0.6423
vn 0.8134 -0.0000 -0.5817
vn 0.8505 -0.0000 -0.5259
vn 0.8807 -0.0000 -0.4736
vn 0.9060 -0.0000 -0.4233
vn 0.9275 -0.0000 -0.3737
vn 0.9463 -0.0000 -0.3232
vn 0.9627 -0.0000 -0.2705
vn 0.9769 -0.0000 -0.2138
vn 0.9885 -0.0000 -0.1511
vn 0.9968 -0.0000 -0.0801
vn 1.0000 -0.0000 -0.0000
vn 0.9968 -0.0000 0.0801
vn 0.9885 -0.0000 0.1511
vn 0.9769 -0.0000 0.2138
vn 0.9627 -0.0000 0.2705
vn 0.9463 -0.0000 0.3232
vn 0.9276 -0.0000 0.3737
vn 0.9060 -0.0000 0.4233
vn 0.8807 -0.0000 0.4736
vn 0.8505 -0.0000 0.5259
vn 0.8134 -0.0000 0.5817
vn 0.7665 -0.0000 0.6423
vn 0.6906 -0.0000 0.7233
vn 0.5147 -0.0000 0.8574
vn 0.2805 -0.0000 0.9598
vn 0.1323 -0.0000 0.9912
vn 0.0643 -0.0000 0.9979
vn 0.0327 -0.0000 0.9995
vn 0.0171 -0.0000 0.9999
vn 0.0088 -0.0000 1.0000
vn 0.0044 -0.0000 1.0000
vn 0.0020 -0.0000 1.0000
vn 0.0008 -0.0000 1.0000
vn 0.0002 -0.0000 1.0000
vn -0.0000 -0.0000 1.0000
vn -0.0002 -0.0000 1.0000
vn -0.0008 -0.0000 1.0000
vn -0.0020 -0.0000 1.0000
vn -0.0044 -0.0000 1.0000
vn -0.0088 -0.0000 1.0000
vn -0.0171 -0.0000 0.9999
vn -0.0327 -0.0000 0.9995
vn -0.0643 -0.0000 0.9979
vn -0.1323 -0.0000 0.9912
vn -0.2805 -0.0000 0.9598
vn -0.5148 -0.0000 0.8573
vn -0.6906 -0.0000 0.7232
vn -0.7665 -0.0000 0.6423
vn -0.8135 -0.0000 0.5816
vn -0.8505 -0.0000 0.5259
vn -0.8807 -0.0000 0.4736
vn -0.9060 -0.0000 0.4233
vn -0.9276 -0.0000 0.3737
vn -0.9463 -0.0000 0.3233
vn -0.9627 -0.0000 0.2705
vn -0.9769 -0.0000 0.2138
vn -0.9885 -0.0000 0.1511
vn -0.9968 -0.0000 0.0801
vn -1.0000 -0.0000 -0.0000
vn -0.9968 -0.0000 -0.0801
vn -0.9885 -0.0000 -0.1511
vn -0.9769 -0.0000 -0.2138
vn -0.9627 -0.0000 -0.2705
vn -0.9463 -0.0000 -0.3233
vn -0.9275 -0.0000 -0.3737
vn -0.9060 -0.0000 -0.4233
vn -0.8807 -0.0000 -0.4736
vn -0.8505 -0.0000 -0.5259
vn -0.8135 -0.0000 -0.5816
vn -0.7665 -0.0000 -0.6423
vn -0.6906 -0.0000 -0.7233
vn -0.5147 -0.0000 -0.8573
vn -0.2805 -0.0000 -0.9598
vn -0.1323 -0.0000 -0.9912
vn -0.0643 -0.0000 -0.9979
vn -0.0327 -0.0000 -0.9995
vn -0.0171 -0.0000 -0.9999
vn -0.0088 -0.0000 -1.0000
vn -0.0044 -0.0000 -1.0000
vn -0.0020 -0.0000 -1.0000
vn -0.0008 -0.0000 -1.0000
vn -0.0002 -0.0000 -1.0000
vn -0.0000 -0.0000 -1.0000
vt 0.989474 0.000000
vt 0.000000 0.000000
vt 1.000000 0.000000
vt 0.978947 0.000000
vt 0.010526 0.000000
vt 0.968421 0.000000
vt 0.021053 0.000000
vt 0.957895 0.000000
vt 0.031579 0.000000
vt 0.947368 0.000000
vt 0.042105 0.000000
vt 0.936842 0.000000
vt 0.052632 0.000000
vt 0.926316 0.000000
vt 0.063158 0.000000
vt 0.915789 0.000000
vt 0.073684 0.000000
vt 0.905263 0.000000
vt 0.084211 0.000000
vt 0.894737 0.000000
vt 0.094737 0.000000
vt 0.884211 0.000000
vt 0.105263 0.000000
vt 0.873684 0.000000
vt 0.115789 0.000000
vt 0.863158 0.000000
vt 0.126316 0.000000
vt 0.852632 0.000000
vt 0.136842 0.000000
vt 0.842105 0.000000
vt 0.147368 0.000000
vt 0.831579 0.000000
vt 0.157895 0.000000
vt 0.821053 0.000000
vt 0.168421 0.000000
vt 0.810526 0.000000
vt 0.178947 0.000000
vt 0.800000 0.000000
vt 0.189474 0.000000
vt 0.789474 0.000000
vt 0.200000 0.000000
vt 0.778947 0.000000
vt 0.210526 0.000000
vt 0.768421 0.000000
vt 0.221053 0.000000
vt 0.757895 0.000000
vt 0.231579 0.000000
vt 0.747368 0.000000
vt 0.242105 0.000000
vt 0.736842 0.000000
vt 0.252632 0.000000
vt 0.726316 0.000000
vt 0.263158 0.000000
vt 0.715789 0.000000
vt 0.273684 0.000000
vt 0.705263 0.000000
vt 0.284211 0.000000
vt 0.694737 0.000000
vt 0.294737 0.000000
vt 0.684211 0.000000
vt 0.305263 0.000000
vt 0.673684 0.000000
vt 0.315789 0.000000
vt 0.663158 0.000000
vt 0.326316 0.000000
vt 0.652632 0.000000
vt 0.336842 0.000000
vt 0.642105 0.000000
vt 0.347368 0.000000
vt 0.631579 0.000000
vt 0.357895 0.000000
vt 0.621053 0.000000
vt 0.368421 0.000000
vt 0.610526 0.000000
vt 0.378947 0.000000
vt 0.600000 0.000000
vt 0.389474 0.000000
vt 0.589474 0.000000
vt 0.400000 0.000000
vt 0.578947 0.000000
vt 0.410526 0.000000
vt 0.568421 0.000000
vt 0.421053 0.000000
vt 0.557895 0.000000
vt 0.431579 0.000000
vt 0.547368 0.000000
vt 0.442105 0.000000
vt 0.536842 0.000000
vt 0.452632 0.000000
vt 0.526316 0.000000
vt 0.463158 0.000000
vt 0.515789 0.000000
vt 0.473684 0.000000
vt 0.505263 0.000000
vt 0.484211 0.000000
vt 0.494737 0.000000
vt 0.000000 1.000000
vt 0.010417 1.000000
vt 0.010417 0.000000
vt 0.020833 1.000000
vt 0.020833 0.000000
vt 0.031250 1.000000
vt 0.031250 0.000000
vt 0.041667 1.000000
vt 0.041667 0.000000
vt 0.052083 1.000000
vt 0.052083 0.000000
vt 0.062500 1.000000
vt 0.062500 0.000000
vt 0.072917 1.000000
vt 0.072917 0.000000
vt 0.083333 1.000000
vt 0.083333 0.000000
vt 0.093750 1.000000
vt 0.093750 0.000000
vt 0.104167 1.000000
vt 0.104167 0.000000
vt 0.114583 1.000000
vt 0.114583 0.000000
vt 0.125000 1.000000
vt 0.125000 0.000000
vt 0.135417 1.000000
vt 0.135417 0.000000
vt 0.145833 1.000000
vt 0.145833 0.000000
vt 0.156250 1.000000
vt 0.156250 0.000000
vt 0.166667 1.000000
vt 0.166667 0.000000
vt 0.177083 1.000000
vt 0.177083 0.000000
vt 0.187500 1.000000
vt 0.187500 0.000000
vt 0.197917 1.000000
vt 0.197917 0.000000
vt 0.208333 1.000000
vt 0.208333 0.000000
vt 0.218750 1.000000
vt 0.218750 0.000000
vt 0.229167 1.000000
vt 0.229167 0.000000
vt 0.239583 1.000000
vt 0.239583 0.000000
vt 0.250000 1.000000
vt 0.250000 0.000000
vt 0.260417 1.000000
vt 0.260417 0.000000
vt 0.270833 1.000000
vt 0.270833 0.000000
vt 0.281250 1.000000
vt 0.281250 0.000000
vt 0.291667 1.000000
vt 0.291667 0.000000
vt 0.302083 1.000000
vt 0.302083 0.000000
vt 0.312500 1.000000
vt 0.312500 0.000000
vt 0.322917 1.000000
vt 0.322917 0.000000
vt 0.333333 1.000000
vt 0.333333 0.000000
vt 0.343750 1.000000
vt 0.343750 0.000000
vt 0.354167 1.000000
vt 0.354167 0.000000
vt 0.364583 1.000000
vt 0.364583 0.000000
vt 0.375000 1.000000
vt 0.375000 0.000000
vt 0.385417 1.000000
vt 0.385417 0.000000
vt 0.395833 1.000000
vt 0.395833 0.000000
vt 0.406250 1.000000
vt 0.406250 0.000000
vt 0.416667 1.000000
vt 0.416667 0.000000
vt 0.427083 1.000000
vt 0.427083 0.000000
vt 0.437500 1.000000
vt 0.437500 0.000000
vt 0.447917 1.000000
vt 0.447917 0.000000
vt 0.458333 1.000000
vt 0.458333 0.000000
vt 0.468750 1.000000
vt 0.468750 0.000000
vt 0.479167 1.000000
vt 0.479167 0.000000
vt 0.489583 1.000000
vt 0.489583 0.000000
vt 0.500000 1.000000
vt 0.500000 0.000000
vt 0.510417 1.000000
vt 0.510417 0.000000
vt 0.520833 1.000000
vt 0.520833 0.000000
vt 0.531250 1.000000
vt 0.531250 0.000000
vt 0.541667 1.000000
vt 0.541667 0.000000
vt 0.552083 1.000000
vt 0.552083 0.000000
vt 0.562500 1.000000
vt 0.562500 0.000000
vt 0.572917 1.000000
vt 0.572917 0.000000
vt 0.583333 1.000000
vt 0.583333 0.000000
vt 0.593750 1.000000
vt 0.593750 0.000000
vt 0.604167 1.000000
vt 0.604167 0.000000
vt 0.614583 1.000000
vt 0.614583 0.000000
vt 0.625000 1.000000
vt 0.625000 0.000000
vt 0.635417 1.000000
vt 0.635417 0.000000
vt 0.645833 1.000000
vt 0.645833 0.000000
vt 0.656250 1.000000
vt 0.656250 0.000000
vt 0.666667 1.000000
vt 0.666667 0.000000
vt 0.677083 1.000000
vt 0.677083 0.000000
vt 0.687500 1.000000
vt 0.687500 0.000000
vt 0.697917 1.000000
vt 0.697917 0.000000
vt 0.708333 1.000000
vt 0.708333 0.000000
vt 0.718750 1.000000
vt 0.718750 0.000000
vt 0.729167 1.000000
vt 0.729167 0.000000
vt 0.739583 1.000000
vt 0.739583 0.000000
vt 0.750000 1.000000
vt 0.750000 0.000000
vt 0.760417 1.000000
vt 0.760417 0.000000
vt 0.770833 1.000000
vt 0.770833 0.000000
vt 0.781250 1.000000
vt 0.781250 0.000000
vt 0.791667 1.000000
vt 0.791667 0.000000
vt 0.802083 1.000000
vt 0.802083 0.000000
vt 0.812500 1.000000
vt 0.812500 0.000000
vt 0.822917 1.000000
vt 0.822917 0.000000
vt 0.833333 1.000000
vt 0.833333 0.000000
vt 0.843750 1.000000
vt 0.843750 0.000000
vt 0.854167 1.000000
vt 0.854167 0.000000
vt 0.864583 1.000000
vt 0.864583 0.000000
vt 0.875000 1.000000
vt 0.875000 0.000000
vt 0.885417 1.000000
vt 0.885417 0.000000
vt 0.895833 1.000000
vt 0.895833 0.000000
vt 0.906250 1.000000
vt 0.906250 0.000000
vt 0.916667 1.000000
vt 0.916667 0.000000
vt 0.927083 1.000000
vt 0.927083 0.000000
vt 0.937500 1.000000
vt 0.937500 0.000000
vt 0.947917 1.000000
vt 0.947917 0.000000
vt 0.958333 1.000000
vt 0.958333 0.000000
vt 0.968750 1.000000
vt 0.968750 0.000000
vt 0.979167 1.000000
vt 0.979167 0.000000
vt 0.989583 1.000000
vt 0.989583 0.000000
vt 1.000000 1.000000
s 0
usemtl Material.001
f 4703/4876/1755 4609/4877/1755 4704/4878/1755
f 4702/4879/1755 4609/4877/1755 4703/4876/1755
f 4702/4879/1755 4610/4880/1755 4609/4877/1755
f 4701/4881/1755 4610/4880/1755 4702/4879/1755
f 4701/4881/1755 4611/4882/1755 4610/4880/1755
f 4700/4883/1755 4611/4882/1755 4701/4881/1755
f 4700/4883/1755 4612/4884/1755 4611/4882/1755
f 4699/4885/1755 4612/4884/1755 4700/4883/1755
f 4699/4885/1755 4613/4886/1755 4612/4884/1755
f 4698/4887/1755 4613/4886/1755 4699/4885/1755
f 4698/4887/1755 4614/4888/1755 4613/4886/1755
f 4697/4889/1755 4614/4888/1755 4698/4887/1755
f 4697/4889/1755 4615/4890/1755 4614/4888/1755
f 4696/4891/1755 4615/4890/1755 4697/4889/1755
f 4696/4891/1755 4616/4892/1755 4615/4890/1755
f 4695/4893/1755 4616/4892/1755 4696/4891/1755
f 4695/4893/1755 4617/4894/1755 4616/4892/1755
f 4694/4895/1755 4617/4894/1755 4695/4893/1755
f 4694/4895/1755 4618/4896/1755 4617/4894/1755
f 4693/4897/1755 4618/4896/1755 4694/4895/1755
f 4693/4897/1755 4619/4898/1755 4618/4896/1755
f 4692/4899/1755 4619/4898/1755 4693/4897/1755
f 4692/4899/1755 4620/4900/1755 4619/4898/1755
f 4691/4901/1755 4620/4900/1755 4692/4899/1755
f 4691/4901/1755 4621/4902/1755 4620/4900/1755
f 4690/4903/1755 4621/4902/1755 4691/4901/1755
f 4690/4903/1755 4622/4904/1755 4621/4902/1755
f 4689/4905/1755 4622/4904/1755 4690/4903/1755
f 4689/4905/1755 4623/4906/1755 4622/4904/1755
f 4688/4907/1755 4623/4906/1755 4689/4905/1755
f 4688/4907/1755 4624/4908/1755 4623/4906/1755
f 4687/4909/1755 4624/4908/1755 4688/4907/1755
f 4687/4909/1755 4625/4910/1755 4624/4908/1755
f 4686/4911/1755 4625/4910/1755 4687/4909/1755
f 4686/4911/1755 4626/4912/1755 4625/4910/1755
f 4685/4913/1755 4626/4912/1755 4686/4911/1755
f 4685/4913/1755 4627/4914/1755 4626/4912/1755
f 4684/4915/1755 4627/4914/1755 4685/4913/1755
f 4684/4915/1755 4628/4916/1755 4627/4914/1755
f 4683/4917/1755 4628/4916/1755 4684/4915/1755
f 4683/4917/1755 4629/4918/1755 4628/4916/1755
f 4682/4919/1755 4629/4918/1755 4683/4917/1755
f 4682/4919/1755 4630/4920/1755 4629/4918/1755
f 4681/4921/1755 4630/4920/1755 4682/4919/1755
f 4681/4921/1755 4631/4922/1755 4630/4920/1755
f 4680/4923/1755 4631/4922/1755 4681/4921/1755
f 4680/4923/1755 4632/4924/1755 4631/4922/1755
f 4679/4925/1755 4632/4924/1755 4680/4923/1755
f 4679/4925/1755 4633/4926/1755 4632/4924/1755
f 4678/4927/1755 4633/4926/1755 4679/4925/1755
f 4678/4927/1755 4634/4928/1755 4633/4926/1755
f 4677/4929/1755 4634/4928/1755 4678/4927/1755
f 4677/4929/1755 4635/4930/1755 4634/4928/1755
f 4676/4931/1755 4635/4930/1755 4677/4929/1755
f 4676/4931/1755 4636/4932/1755 4635/4930/1755
f 4675/4933/1755 4636/4932/1755 4676/4931/1755
f 4675/4933/1755 4637/4934/1755 4636/4932/1755
f 4674/4935/1755 4637/4934/1755 4675/4933/1755
f 4674/4935/1755 4638/4936/1755 4637/4934/1755
f 4673/4937/1755 4638/4936/1755 4674/4935/1755
f 4673/4937/1755 4639/4938/1755 4638/4936/1755
f 4672/4939/1755 4639/4938/1755 4673/4937/1755
f 4672/4939/1755 4640/4940/1755 4639/4938/1755
f 4671/4941/1755 4640/4940/1755 4672/4939/1755
f 4671/4941/1755 4641/4942/1755 4640/4940/1755
f 4670/4943/1755 4641/4942/1755 4671/4941/1755
f 4670/4943/1755 4642/4944/1755 4641/4942/1755
f 4669/4945/1755 4642/4944/1755 4670/4943/1755
f 4669/4945/1755 4643/4946/1755 4642/4944/1755
f 4668/4947/1755 4643/4946/1755 4669/4945/1755
f 4668/4947/1755 4644/4948/1755 4643/4946/1755
f 4667/4949/1755 4644/4948/1755 4668/4947/1755
f 4667/4949/1755 4645/4950/1755 4644/4948/1755
f 4666/4951/1755 4645/4950/1755 4667/4949/1755
f 4666/4951/1755 4646/4952/1755 4645/4950/1755
f 4665/4953/1755 4646/4952/1755 4666/4951/1755
f 4665/4953/1755 4647/4954/1755 4646/4952/1755
f 4664/4955/1755 4647/4954/1755 4665/4953/1755
f 4664/4955/1755 4648/4956/1755 4647/4954/1755
f 4663/4957/1755 4648/4956/1755 4664/4955/1755
f 4663/4957/1755 4649/4958/1755 4648/4956/1755
f 4662/4959/1755 4649/4958/1755 4663/4957/1755
f 4662/4959/1755 4650/4960/1755 4649/4958/1755
f 4661/4961/1755 4650/4960/1755 4662/4959/1755
f 4661/4961/1755 4651/4962/1755 4650/4960/1755
f 4660/4963/1755 4651/4962/1755 4661/4961/1755
f 4660/4963/1755 4652/4964/1755 4651/4962/1755
f 4659/4965/1755 4652/4964/1755 4660/4963/1755
f 4659/4965/1755 4653/4966/1755 4652/4964/1755
f 4658/4967/1755 4653/4966/1755 4659/4965/1755
f 4658/4967/1755 4654/4968/1755 4653/4966/1755
f 4657/4969/1755 4654/4968/1755 4658/4967/1755
f 4657/4969/1755 4655/4970/1755 4654/4968/1755
f 4656/4971/1755 4655/4970/1755 4657/4969/1755
f 4799/4876/1756 4800/4878/1756 4705/4877/1756
f 4798/4879/1756 4799/4876/1756 4705/4877/1756
f 4798/4879/1756 4705/4877/1756 4706/4880/1756
f 4797/4881/1756 4798/4879/1756 4706/4880/1756
f 4797/4881/1756 4706/4880/1756 4707/4882/1756
f 4796/4883/1756 4797/4881/1756 4707/4882/1756
f 4796/4883/1756 4707/4882/1756 4708/4884/1756
f 4795/4885/1756 4796/4883/1756 4708/4884/1756
f 4795/4885/1756 4708/4884/1756 4709/4886/1756
f 4794/4887/1756 4795/4885/1756 4709/4886/1756
f 4794/4887/1756 4709/4886/1756 4710/4888/1756
f 4793/4889/1756 4794/4887/1756 4710/4888/1756
f 4793/4889/1756 4710/4888/1756 4711/4890/1756
f 4792/4891/1756 4793/4889/1756 4711/4890/1756
f 4792/4891/1756 4711/4890/1756 4712/4892/1756
f 4791/4893/1756 4792/4891/1756 4712/4892/1756
f 4791/4893/1756 4712/4892/1756 4713/4894/1756
f 4790/4895/1756 4791/4893/1756 4713/4894/1756
f 4790/4895/1756 4713/4894/1756 4714/4896/1756
f 4789/4897/1756 4790/4895/1756 4714/4896/1756
f 4789/4897/1756 4714/4896/1756 4715/4898/1756
f 4788/4899/1756 4789/4897/1756 4715/4898/1756
f 4788/4899/1756 4715/4898/1756 4716/4900/1756
f 4787/4901/1756 4788/4899/1756 4716/4900/1756
f 4787/4901/1756 4716/4900/1756 4717/4902/1756
f 4786/4903/1756 4787/4901/1756 4717/4902/1756
f 4786/4903/1756 4717/4902/1756 4718/4904/1756
f 4785/4905/1756 4786/4903/1756 4718/4904/1756
f 4785/4905/1756 4718/4904/1756 4719/4906/1756
f 4784/4907/1756 4785/4905/1756 4719/4906/1756
f 4784/4907/1756 4719/4906/1756 4720/4908/1756
f 4783/4909/1756 4784/4907/1756 4720/4908/1756
f 4783/4909/1756 4720/4908/1756 4721/4910/1756
f 4782/4911/1756 4783/4909/1756 4721/4910/1756
f 4782/4911/1756 4721/4910/1756 4722/4912/1756
f 4781/4913/1756 4782/4911/1756 4722/4912/1756
f 4781/4913/1756 4722/4912/1756 4723/4914/1756
f 4780/4915/1756 4781/4913/1756 4723/4914/1756
f 4780/4915/1756 4723/4914/1756 4724/4916/1756
f 4779/4917/1756 4780/4915/1756 4724/4916/1756
f 4779/4917/1756 4724/4916/1756 4725/4918/1756
f 4778/4919/1756 4779/4917/1756 4725/4918/1756
f 4778/4919/1756 4725/4918/1756 4726/4920/1756
f 4777/4921/1756 4778/4919/1756 4726/4920/1756
f 4777/4921/1756 4726/4920/1756 4727/4922/1756
f 4776/4923/1756 4777/4921/1756 4727/4922/1756
f 4776/4923/1756 4727/4922/1756 4728/4924/1756
f 4775/4925/1756 4776/4923/1756 4728/4924/1756
f 4775/4925/1756 4728/4924/1756 4729/4926/1756
f 4774/4927/1756 4775/4925/1756 4729/4926/1756
f 4774/4927/1756 4729/4926/1756 4730/4928/1756
f 4773/4929/1756 4774/4927/1756 4730/4928/1756
f 4773/4929/1756 4730/4928/1756 4731/4930/1756
f 4772/4931/1756 4773/4929/1756 4731/4930/1756
f 4772/4931/1756 4731/4930/1756 4732/4932/1756
f 4771/4933/1756 4772/4931/1756 4732/4932/1756
f 4771/4933/1756 4732/4932/1756 4733/4934/1756
f 4770/4935/1756 4771/4933/1756 4733/4934/1756
f 4770/4935/1756 4733/4934/1756 4734/4936/1756
f 4769/4937/1756 4770/4935/1756 4734/4936/1756
f 4769/4937/1756 4734/4936/1756 4735/4938/1756
f 4768/4939/1756 4769/4937/1756 4735/4938/1756
f 4768/4939/1756 4735/4938/1756 4736/4940/1756
f 4767/4941/1756 4768/4939/1756 4736/4940/1756
f 4767/4941/1756 4736/4940/1756 4737/4942/1756
f 4766/4943/1756 4767/4941/1756 4737/4942/1756
f 4766/4943/1756 4737/4942/1756 4738/4944/1756
f 4765/4945/1756 4766/4943/1756 4738/4944/1756
f 4765/4945/1756 4738/4944/1756 4739/4946/1756
f 4764/4947/1756 4765/4945/1756 4739/4946/1756
f 4764/4947/1756 4739/4946/1756 4740/4948/1756
f 4763/4949/1756 4764/4947/1756 4740/4948/1756
f 4763/4949/1756 4740/4948/1756 4741/4950/1756
f 4762/4951/1756 4763/4949/1756 4741/4950/1756
f 4762/4951/1756 4741/4950/1756 4742/4952/1756
f 4761/4953/1756 4762/4951/1756 4742/4952/1756
f 4761/4953/1756 4742/4952/1756 4743/4954/1756
f 4760/4955/1756 4761/4953/1756 4743/4954/1756
f 4760/4955/1756 4743/4954/1756 4744/4956/1756
f 4759/4957/1756 4760/4955/1756 4744/4956/1756
f 4759/4957/1756 4744/4956/1756 4745/4958/1756
f 4758/4959/1756 4759/4957/1756 4745/4958/1756
f 4758/4959/1756 4745/4958/1756 4746/4960/1756
f 4757/4961/1756 4758/4959/1756 4746/4960/1756
f 4757/4961/1756 4746/4960/1756 4747/4962/1756
f 4756/4963/1756 4757/4961/1756 4747/4962/1756
f 4756/4963/1756 4747/4962/1756 4748/4964/1756
f 4755/4965/1756 4756/4963/1756 4748/4964/1756
f 4755/4965/1756 4748/4964/1756 4749/4966/1756
f 4754/4967/1756 4755/4965/1756 4749/4966/1756
f 4754/4967/1756 4749/4966/1756 4750/4968/1756
f 4753/4969/1756 4754/4967/1756 4750/4968/1756
f 4753/4969/1756 4750/4968/1756 4751/4970/1756
f 4752/4971/1756 4753/4969/1756 4751/4970/1756
s 1
f 4802/4972/1757 4804/4973/1758 4803/4974/1758 4801/4877/1757
f 4804/4973/1758 4806/4975/1759 4805/4976/1759 4803/4974/1758
f 4806/4975/1759 4808/4977/1760 4807/4978/1760 4805/4976/1759
f 4808/4977/1760 4810/4979/1761 4809/4980/1761 4807/4978/1760
f 4810/4979/1761 4812/4981/1762 4811/4982/1762 4809/4980/1761
f 4812/4981/1762 4814/4983/1763 4813/4984/1763 4811/4982/1762
f 4814/4983/1763 4816/4985/1764 4815/4986/1764 4813/4984/1763
f 4816/4985/1764 4818/4987/1765 4817/4988/1765 4815/4986/1764
f 4818/4987/1765 4820/4989/1766 4819/4990/1766 4817/4988/1765
f 4820/4989/1766 4822/4991/1767 4821/4992/1767 4819/4990/1766
f 4822/4991/1767 4824/4993/1768 4823/4994/1768 4821/4992/1767
f 4824/4993/1768 4826/4995/1769 4825/4996/1769 4823/4994/1768
f 4826/4995/1769 4828/4997/1770 4827/4998/1770 4825/4996/1769
f 4828/4997/1770 4830/4999/1771 4829/5000/1771 4827/4998/1770
f 4830/4999/1771 4832/5001/1772 4831/5002/1772 4829/5000/1771
f 4832/5001/1772 4834/5003/1773 4833/5004/1773 4831/5002/1772
f 4834/5003/1773 4836/5005/1774 4835/5006/1774 4833/5004/1773
f 4836/5005/1774 4838/5007/1775 4837/5008/1775 4835/5006/1774
f 4838/5007/1775 4840/5009/1776 4839/5010/1776 4837/5008/1775
f 4840/5009/1776 4842/5011/1777 4841/5012/1777 4839/5010/1776
f 4842/5011/1777 4844/5013/1778 4843/5014/1778 4841/5012/1777
f 4844/5013/1778 4846/5015/1779 4845/5016/1779 4843/5014/1778
f 4846/5015/1779 4848/5017/1780 4847/5018/1780 4845/5016/1779
f 4848/5017/1780 4850/5019/1781 4849/5020/1781 4847/5018/1780
f 4850/5019/1781 4852/5021/1782 4851/5022/1782 4849/5020/1781
f 4852/5021/1782 4854/5023/1783 4853/5024/1783 4851/5022/1782
f 4854/5023/1783 4856/5025/1784 4855/5026/1784 4853/5024/1783
f 4856/5025/1784 4858/5027/1785 4857/5028/1785 4855/5026/1784
f 4858/5027/1785 4860/5029/1786 4859/5030/1786 4857/5028/1785
f 4860/5029/1786 4862/5031/1787 4861/5032/1787 4859/5030/1786
f 4862/5031/1787 4864/5033/1788 4863/5034/1788 4861/5032/1787
f 4864/5033/1788 4866/5035/1789 4865/5036/1789 4863/5034/1788
f 4866/5035/1789 4868/5037/1790 4867/5038/1790 4865/5036/1789
f 4868/5037/1790 4870/5039/1791 4869/5040/1791 4867/5038/1790
f 4870/5039/1791 4872/5041/1792 4871/5042/1792 4869/5040/1791
f 4872/5041/1792 4874/5043/1793 4873/5044/1793 4871/5042/1792
f 4874/5043/1793 4876/5045/1794 4875/5046/1794 4873/5044/1793
f 4876/5045/1794 4878/5047/1795 4877/5048/1795 4875/5046/1794
f 4878/5047/1795 4880/5049/1796 4879/5050/1796 4877/5048/1795
f 4880/5049/1796 4882/5051/1797 4881/5052/1797 4879/5050/1796
f 4882/5051/1797 4884/5053/1798 4883/5054/1798 4881/5052/1797
f 4884/5053/1798 4886/5055/1799 4885/5056/1799 4883/5054/1798
f 4886/5055/1799 4888/5057/1800 4887/5058/1800 4885/5056/1799
f 4888/5057/1800 4890/5059/1801 4889/5060/1801 4887/5058/1800
f 4890/5059/1801 4892/5061/1802 4891/5062/1802 4889/5060/1801
f 4892/5061/1802 4894/5063/1803 4893/5064/1803 4891/5062/1802
f 4894/5063/1803 4896/5065/1804 4895/5066/1804 4893/5064/1803
f 4896/5065/1804 4898/5067/1805 4897/5068/1805 4895/5066/1804
f 4898/5067/1805 4900/5069/1806 4899/5070/1806 4897/5068/1805
f 4900/5069/1806 4902/5071/1807 4901/5072/1807 4899/5070/1806
f 4902/5071/1807 4904/5073/1808 4903/5074/1808 4901/5072/1807
f 4904/5073/1808 4906/5075/1809 4905/5076/1809 4903/5074/1808
f 4906/5075/1809 4908/5077/1810 4907/5078/1810 4905/5076/1809
f 4908/5077/1810 4910/5079/1811 4909/5080/1811 4907/5078/1810
f 4910/5079/1811 4912/5081/1812 4911/5082/1812 4909/5080/1811
f 4912/5081/1812 4914/5083/1813 4913/5084/1813 4911/5082/1812
f 4914/5083/1813 4916/5085/1814 4915/5086/1814 4913/5084/1813
f 4916/5085/1814 4918/5087/1815 4917/5088/1815 4915/5086/1814
f 4918/5087/1815 4920/5089/1816 4919/5090/1816 4917/5088/1815
f 4920/5089/1816 4922/5091/1817 4921/5092/1817 4919/5090/1816
f 4922/5091/1817 4924/5093/1818 4923/5094/1818 4921/5092/1817
f 4924/5093/1818 4926/5095/1819 4925/5096/1819 4923/5094/1818
f 4926/5095/1819 4928/5097/1820 4927/5098/1820 4925/5096/1819
f 4928/5097/1820 4930/5099/1821 4929/5100/1821 4927/5098/1820
f 4930/5099/1821 4932/5101/1822 4931/5102/1822 4929/5100/1821
f 4932/5101/1822 4934/5103/1823 4933/5104/1823 4931/5102/1822
f 4934/5103/1823 4936/5105/1824 4935/5106/1824 4933/5104/1823
f 4936/5105/1824 4938/5107/1825 4937/5108/1825 4935/5106/1824
f 4938/5107/1825 4940/5109/1826 4939/5110/1826 4937/5108/1825
f 4940/5109/1826 4942/5111/1827 4941/5112/1827 4939/5110/1826
f 4942/5111/1827 4944/5113/1828 4943/5114/1828 4941/5112/1827
f 4944/5113/1828 4946/5115/1829 4945/5116/1829 4943/5114/1828
f 4946/5115/1829 4948/5117/1830 4947/5118/1830 4945/5116/1829
f 4948/5117/1830 4950/5119/1831 4949/5120/1831 4947/5118/1830
f 4950/5119/1831 4952/5121/1832 4951/5122/1832 4949/5120/1831
f 4952/5121/1832 4954/5123/1833 4953/5124/1833 4951/5122/1832
f 4954/5123/1833 4956/5125/1834 4955/5126/1834 4953/5124/1833
f 4956/5125/1834 4958/5127/1835 4957/5128/1835 4955/5126/1834
f 4958/5127/1835 4960/5129/1836 4959/5130/1836 4957/5128/1835
f 4960/5129/1836 4962/5131/1837 4961/5132/1837 4959/5130/1836
f 4962/5131/1837 4964/5133/1838 4963/5134/1838 4961/5132/1837
f 4964/5133/1838 4966/5135/1839 4965/5136/1839 4963/5134/1838
f 4966/5135/1839 4968/5137/1840 4967/5138/1840 4965/5136/1839
f 4968/5137/1840 4970/5139/1841 4969/5140/1841 4967/5138/1840
f 4970/5139/1841 4972/5141/1842 4971/5142/1842 4969/5140/1841
f 4972/5141/1842 4974/5143/1843 4973/5144/1843 4971/5142/1842
f 4974/5143/1843 4976/5145/1844 4975/5146/1844 4973/5144/1843
f 4976/5145/1844 4978/5147/1845 4977/5148/1845 4975/5146/1844
f 4978/5147/1845 4980/5149/1846 4979/5150/1846 4977/5148/1845
f 4980/5149/1846 4982/5151/1847 4981/5152/1847 4979/5150/1846
f 4982/5151/1847 4984/5153/1848 4983/5154/1848 4981/5152/1847
f 4984/5153/1848 4986/5155/1849 4985/5156/1849 4983/5154/1848
f 4986/5155/1849 4988/5157/1850 4987/5158/1850 4985/5156/1849
f 4988/5157/1850 4990/5159/1851 4989/5160/1851 4987/5158/1850
f 4990/5159/1851 4992/5161/1852 4991/5162/1852 4989/5160/1851
f 4992/5161/1852 4802/5163/1757 4801/4878/1757 4991/5162/1852
