# https://github.com/mikedh/trimesh
v -1.48042262 -2.22360682 -0.17500000
v -1.42360675 -2.33511400 -0.17500000
v -1.33511412 -2.42360687 -0.17500000
v -1.50000000 -2.09999990 -0.17500000
v -1.22360682 -2.48042250 -0.17500000
v -1.10000002 -2.50000000 -0.17500000
v -1.48042262 -2.22360682 0.17500000
v -1.42360675 -2.33511400 0.17500000
v -1.33511412 -2.42360687 0.17500000
v -1.50000000 -2.09999990 0.17500000
v -1.22360682 -2.48042250 0.17500000
v -1.10000002 -2.50000000 0.17500000
v -0.99274069 -1.66090608 0.17500000
v -0.99242967 -1.66164470 0.17500000
v -0.99210984 -1.66229117 0.17500000
v -0.99178112 -1.66285920 0.17500000
v -0.99144340 -1.66336250 0.17500000
v -0.99109650 -1.66381454 0.17500000
v -0.99074042 -1.66422904 0.17500000
v -0.99037498 -1.66461968 0.17500000
v -0.98962045 -1.66537499 0.17500000
v -0.98923552 -1.66574037 0.17500000
v -0.98883647 -1.66609657 0.17500000
v -0.98841441 -1.66644335 0.17500000
v -0.98796064 -1.66678107 0.17500000
v -0.98746645 -1.66710985 0.17500000
v -0.99000001 -1.66499996 0.17500000
v -0.98632151 -1.66774070 0.17500000
v -0.98692298 -1.66742969 0.17500000
v -0.98565322 -1.66804314 0.17500000
v -0.98490942 -1.66833711 0.17500000
v -0.99416888 -1.65535462 0.17500000
v -0.99362260 -1.65800142 0.17500000
v -0.99333704 -1.65909815 0.17500000
v -0.99389982 -1.65675819 0.17500000
v -0.99442995 -1.65377712 0.17500000
v -0.99468309 -1.65201223 0.17500000
v -0.99304312 -1.66006184 0.17500000
v -0.99492848 -1.65004599 0.17500000
v -0.99516612 -1.64786506 0.17500000
v -0.99539632 -1.64545560 0.17500000
v -0.99561900 -1.64280415 0.17500000
v -0.99624383 -1.63326085 0.17500000
v -0.99643809 -1.62950456 0.17500000
v -0.99662554 -1.62543821 0.17500000
v -0.99680626 -1.62104785 0.17500000
v -0.99698043 -1.61632001 0.17500000
v -0.99714816 -1.61124098 0.17500000
v -0.99730951 -1.60579717 0.17500000
v -0.99604267 -1.63672030 0.17500000
v -0.99583441 -1.63989687 0.17500000
v -0.99746472 -1.59997487 0.17500000
v -0.99761379 -1.59376049 0.17500000
v -0.99775696 -1.58714044 0.17500000
v -0.99789423 -1.58010101 0.17500000
v -0.99802577 -1.57262862 0.17500000
v -0.99815178 -1.56470966 0.17500000
v -0.98408133 -1.66862261 0.17500000
v -0.98316008 -1.66889977 0.17500000
v -0.98213702 -1.66916895 0.17500000
v -0.98100334 -1.66942990 0.17500000
v -0.97975028 -1.66968310 0.17500000
v -0.97685093 -1.67016613 0.17500000
v -0.97836906 -1.66992843 0.17500000
v -0.97518712 -1.67039633 0.17500000
v -0.97336882 -1.67061901 0.17500000
v -0.97138727 -1.67083442 0.17500000
v -0.96923375 -1.67104268 0.17500000
v -0.96689945 -1.67124391 0.17500000
v -0.96437562 -1.67143810 0.17500000
v -0.96165353 -1.67162549 0.17500000
v -0.95872432 -1.67180622 0.17500000
v -0.95557928 -1.67198038 0.17500000
v -0.95220965 -1.67214811 0.17500000
v -0.94860667 -1.67230952 0.17500000
v -0.94476151 -1.67246473 0.17500000
v -0.94066548 -1.67261374 0.17500000
v -0.99827224 -1.55633044 0.17500000
v -0.99838740 -1.54747725 0.17500000
v -0.99849731 -1.53813660 0.17500000
v -0.99860209 -1.52829480 0.17500000
v -0.99870193 -1.51793814 0.17500000
v -0.99879688 -1.50705302 0.17500000
v -0.99888706 -1.49562597 0.17500000
v -0.99897265 -1.48364305 0.17500000
v -0.99905372 -1.47109091 0.17500000
v -0.99913037 -1.45795572 0.17500000
v -0.99920285 -1.44422400 0.17500000
v -0.99927109 -1.42988205 0.17500000
v -0.99933541 -1.41491616 0.17500000
v -0.99939579 -1.39931273 0.17500000
v -0.99945235 -1.38305807 0.17500000
v -0.99950534 -1.36613870 0.17500000
v -0.99955475 -1.34854102 0.17500000
v -0.99960077 -1.33025110 0.17500000
v -0.99964350 -1.31125557 0.17500000
v -0.99968308 -1.29154062 0.17500000
v -0.99971962 -1.27109277 0.17500000
v -0.93630975 -1.67275691 0.17500000
v -0.93168557 -1.67289424 0.17500000
v -0.92678416 -1.67302585 0.17500000
v -0.92159677 -1.67315173 0.17500000
v -0.91611469 -1.67327225 0.17500000
v -0.91032904 -1.67338741 0.17500000
v -0.90423113 -1.67349732 0.17500000
v -0.89781213 -1.67360210 0.17500000
v -0.89106333 -1.67370188 0.17500000
v -0.88397592 -1.67379689 0.17500000
v -0.87654120 -1.67388701 0.17500000
v -0.86875033 -1.67397261 0.17500000
v -0.86059457 -1.67405367 0.17500000
v -0.85206509 -1.67413044 0.17500000
v -0.84315324 -1.67420280 0.17500000
v -0.83385020 -1.67427111 0.17500000
v -0.82414716 -1.67433536 0.17500000
v -0.81403542 -1.67439580 0.17500000
v -0.80350614 -1.67445242 0.17500000
v -0.79255062 -1.67450535 0.17500000
v -0.78116006 -1.67455471 0.17500000
v -0.76932567 -1.67460084 0.17500000
v -0.75703871 -1.67464352 0.17500000
v -0.99274069 -1.66090608 0.29499999
v -0.99242967 -1.66164470 0.29499999
v -0.99210984 -1.66229117 0.29499999
v -0.99178112 -1.66285920 0.29499999
v -0.99144340 -1.66336250 0.29499999
v -0.99109650 -1.66381454 0.29499999
v -0.99074042 -1.66422904 0.29499999
v -0.99037498 -1.66461968 0.29499999
v -0.98962045 -1.66537499 0.29499999
v -0.98923552 -1.66574037 0.29499999
v -0.98883647 -1.66609657 0.29499999
v -0.98841441 -1.66644335 0.29499999
v -0.98796064 -1.66678107 0.29499999
v -0.98746645 -1.66710985 0.29499999
v -0.99000001 -1.66499996 0.29499999
v -0.98692298 -1.66742969 0.29499999
v -0.98632151 -1.66774070 0.29499999
v -0.98565322 -1.66804314 0.29499999
v -0.98490942 -1.66833711 0.29499999
v -0.99416888 -1.65535462 0.29499999
v -0.99362260 -1.65800142 0.29499999
v -0.99333704 -1.65909815 0.29499999
v -0.99389982 -1.65675819 0.29499999
v -0.99468309 -1.65201223 0.29499999
v -0.99442995 -1.65377712 0.29499999
v -0.99304312 -1.66006184 0.29499999
v -0.99492848 -1.65004599 0.29499999
v -0.99516612 -1.64786506 0.29499999
v -0.99539632 -1.64545560 0.29499999
v -0.99561900 -1.64280415 0.29499999
v -0.99624383 -1.63326085 0.29499999
v -0.99643809 -1.62950456 0.29499999
v -0.99662554 -1.62543821 0.29499999
v -0.99680626 -1.62104785 0.29499999
v -0.99698043 -1.61632001 0.29499999
v -0.99714816 -1.61124098 0.29499999
v -0.99730951 -1.60579717 0.29499999
v -0.99583441 -1.63989687 0.29499999
v -0.99604267 -1.63672030 0.29499999
v -0.99746472 -1.59997487 0.29499999
v -0.99761379 -1.59376049 0.29499999
v -0.99775696 -1.58714044 0.29499999
v -0.99789423 -1.58010101 0.29499999
v -0.99802577 -1.57262862 0.29499999
v -0.99815178 -1.56470966 0.29499999
v -0.98408133 -1.66862261 0.29499999
v -0.98316008 -1.66889977 0.29499999
v -0.98213702 -1.66916895 0.29499999
v -0.98100334 -1.66942990 0.29499999
v -0.97975028 -1.66968310 0.29499999
v -0.97836906 -1.66992843 0.29499999
v -0.97685093 -1.67016613 0.29499999
v -0.97518712 -1.67039633 0.29499999
v -0.97336882 -1.67061901 0.29499999
v -0.97138727 -1.67083442 0.29499999
v -0.96923375 -1.67104268 0.29499999
v -0.96689945 -1.67124391 0.29499999
v -0.96437562 -1.67143810 0.29499999
v -0.96165353 -1.67162549 0.29499999
v -0.95872432 -1.67180622 0.29499999
v -0.95557928 -1.67198038 0.29499999
v -0.95220965 -1.67214811 0.29499999
v -0.94860667 -1.67230952 0.29499999
v -0.94476151 -1.67246473 0.29499999
v -0.94066548 -1.67261374 0.29499999
v -0.99827224 -1.55633044 0.29499999
v -0.99838740 -1.54747725 0.29499999
v -0.99849731 -1.53813660 0.29499999
v -0.99860209 -1.52829480 0.29499999
v -0.99870193 -1.51793814 0.29499999
v -0.99879688 -1.50705302 0.29499999
v -0.99888706 -1.49562597 0.29499999
v -0.99897265 -1.48364305 0.29499999
v -0.99905372 -1.47109091 0.29499999
v -0.99913037 -1.45795572 0.29499999
v -0.99920285 -1.44422400 0.29499999
v -0.99927109 -1.42988205 0.29499999
v -0.99933541 -1.41491616 0.29499999
v -0.99939579 -1.39931273 0.29499999
v -0.99945235 -1.38305807 0.29499999
v -0.99950534 -1.36613870 0.29499999
v -0.99955475 -1.34854102 0.29499999
v -0.99960077 -1.33025110 0.29499999
v -0.99964350 -1.31125557 0.29499999
v -0.99968308 -1.29154062 0.29499999
v -0.99971962 -1.27109277 0.29499999
v -0.93630975 -1.67275691 0.29499999
v -0.93168557 -1.67289424 0.29499999
v -0.92678416 -1.67302585 0.29499999
v -0.92159677 -1.67315173 0.29499999
v -0.91611469 -1.67327225 0.29499999
v -0.91032904 -1.67338741 0.29499999
v -0.90423113 -1.67349732 0.29499999
v -0.89781213 -1.67360210 0.29499999
v -0.89106333 -1.67370188 0.29499999
v -0.88397592 -1.67379689 0.29499999
v -0.87654120 -1.67388701 0.29499999
v -0.86875033 -1.67397261 0.29499999
v -0.86059457 -1.67405367 0.29499999
v -0.85206509 -1.67413044 0.29499999
v -0.84315324 -1.67420280 0.29499999
v -0.83385020 -1.67427111 0.29499999
v -0.82414716 -1.67433536 0.29499999
v -0.81403542 -1.67439580 0.29499999
v -0.80350614 -1.67445242 0.29499999
v -0.79255062 -1.67450535 0.29499999
v -0.78116006 -1.67455471 0.29499999
v -0.76932567 -1.67460084 0.29499999
v -0.75703871 -1.67464352 0.29499999
v -0.99975324 -1.24989831 0.17500000
v -0.99978405 -1.22794366 0.17500000
v -0.99981219 -1.20521510 0.17500000
v -0.99983776 -1.18169904 0.17500000
v -0.99986088 -1.15738177 0.17500000
v -0.99988168 -1.13224971 0.17500000
v -0.99990034 -1.10628927 0.17500000
v -0.99991691 -1.07948673 0.17500000
v -0.99993157 -1.05182850 0.17500000
v -0.99994433 -1.02330101 0.17500000
v -0.99995542 -0.99389052 0.17500000
v -0.99996495 -0.96358341 0.17500000
v -0.99997300 -0.93236607 0.17500000
v -0.99997973 -0.90022486 0.17500000
v -0.99998522 -0.86714619 0.17500000
v -0.99998963 -0.83311635 0.17500000
v -0.99999303 -0.79812169 0.17500000
v -0.99999559 -0.76214862 0.17500000
v -0.99999744 -0.72518355 0.17500000
v -0.99999869 -0.68721277 0.17500000
v -0.99999946 -0.64822263 0.17500000
v -0.99999982 -0.60819954 0.17500000
v -0.99999982 -0.44180045 0.17500000
v -0.99999946 -0.40177736 0.17500000
v -0.99999869 -0.36278725 0.17500000
v -0.99999744 -0.32481647 0.17500000
v -0.99999559 -0.28785136 0.17500000
v -0.99999303 -0.25187832 0.17500000
v -0.99998963 -0.21688367 0.17500000
v -0.99998522 -0.18285382 0.17500000
v -0.99997973 -0.14977510 0.17500000
v -0.99997300 -0.11763390 0.17500000
v -0.99996495 -0.08641657 0.17500000
v -0.99995542 -0.05610948 0.17500000
v -0.99994433 -0.02669898 0.17500000
v -0.99975324 -1.24989831 0.29499999
v -0.99978405 -1.22794366 0.29499999
v -0.99981219 -1.20521510 0.29499999
v -0.99983776 -1.18169904 0.29499999
v -0.99986088 -1.15738177 0.29499999
v -0.99988168 -1.13224971 0.29499999
v -0.99990034 -1.10628927 0.29499999
v -0.99991691 -1.07948673 0.29499999
v -0.99993157 -1.05182850 0.29499999
v -0.99994433 -1.02330101 0.29499999
v -0.99995542 -0.99389052 0.29499999
v -0.99996495 -0.96358341 0.29499999
v -0.99997300 -0.93236607 0.29499999
v -0.99997973 -0.90022486 0.29499999
v -0.99998522 -0.86714619 0.29499999
v -0.99998963 -0.83311635 0.29499999
v -0.99999303 -0.79812169 0.29499999
v -0.99999559 -0.76214862 0.29499999
v -0.99999744 -0.72518355 0.29499999
v -0.99999869 -0.68721277 0.29499999
v -0.99999946 -0.64822263 0.29499999
v -0.99999982 -0.60819954 0.29499999
v -1.00000000 -0.56712991 0.29499999
v -1.00000000 -0.52499998 0.29499999
v -1.00000000 -0.48287010 0.29499999
v -0.99999982 -0.44180045 0.29499999
v -0.99999946 -0.40177736 0.29499999
v -0.99999869 -0.36278725 0.29499999
v -0.99999744 -0.32481647 0.29499999
v -0.99999559 -0.28785136 0.29499999
v -0.99999303 -0.25187832 0.29499999
v -0.99998963 -0.21688367 0.29499999
v -0.99998522 -0.18285382 0.29499999
v -0.99997973 -0.14977510 0.29499999
v -0.99997300 -0.11763390 0.29499999
v -0.99996495 -0.08641657 0.29499999
v -0.99995542 -0.05610948 0.29499999
v -0.99994433 -0.02669898 0.29499999
v -0.74429041 -1.67468309 0.17500000
v -0.73107201 -1.67471957 0.17500000
v -0.71737474 -1.67475319 0.17500000
v -0.70318979 -1.67478406 0.17500000
v -0.68850845 -1.67481220 0.17500000
v -0.67332190 -1.67483771 0.17500000
v -0.65762144 -1.67486084 0.17500000
v -0.64139825 -1.67488170 0.17500000
v -0.62464356 -1.67490029 0.17500000
v -0.60734856 -1.67491698 0.17500000
v -0.58950460 -1.67493153 0.17500000
v -0.57110286 -1.67494440 0.17500000
v -0.59776396 -1.29088295 0.17500000
v -0.59480703 -1.31057882 0.17500000
v -0.59502786 -1.30990732 0.17500000
v -0.59524238 -1.30918825 0.17500000
v -0.59223056 -1.31527448 0.17500000
v -0.59251970 -1.31492996 0.17500000
v -0.59280157 -1.31456470 0.17500000
v -0.59307629 -1.31417632 0.17500000
v -0.59334397 -1.31376183 0.17500000
v -0.59193414 -1.31560099 0.17500000
v -0.59410554 -1.31233561 0.17500000
v -0.59434593 -1.31179035 0.17500000
v -0.59457976 -1.31120563 0.17500000
v -0.59360468 -1.31331861 0.17500000
v -0.59385848 -1.31284416 0.17500000
v -0.58688807 -1.31870687 0.17500000
v -0.58760977 -1.31845474 0.17500000
v -0.58609217 -1.31895256 0.17500000
v -0.59027863 -1.31709325 0.17500000
v -0.59065908 -1.31680024 0.17500000
v -0.59100002 -1.31649995 0.17500000
v -0.59131896 -1.31621110 0.17500000
v -0.59163028 -1.31591237 0.17500000
v -0.58937919 -1.31765842 0.17500000
v -0.58985364 -1.31737936 0.17500000
v -0.58885038 -1.31793058 0.17500000
v -0.58826220 -1.31819606 0.17500000
v -0.59545070 -1.30841911 0.17500000
v -0.59565288 -1.30759716 0.17500000
v -0.59584904 -1.30671966 0.17500000
v -0.59603918 -1.30578387 0.17500000
v -0.59622347 -1.30478728 0.17500000
v -0.59640199 -1.30372715 0.17500000
v -0.59657484 -1.30260086 0.17500000
v -0.59674209 -1.30140555 0.17500000
v -0.59690386 -1.30013859 0.17500000
v -0.59706020 -1.29879737 0.17500000
v -0.59721118 -1.29737914 0.17500000
v -0.59735698 -1.29588139 0.17500000
v -0.59749764 -1.29430115 0.17500000
v -0.59763330 -1.29263592 0.17500000
v -0.59788972 -1.28903961 0.17500000
v -0.59801078 -1.28710330 0.17500000
v -0.59812713 -1.28507102 0.17500000
v -0.59823889 -1.28294051 0.17500000
v -0.59834617 -1.28070867 0.17500000
v -0.59844899 -1.27837312 0.17500000
v -0.59854758 -1.27593112 0.17500000
v -0.59864187 -1.27337992 0.17500000
v -0.59873211 -1.27071679 0.17500000
v -0.59881824 -1.26793921 0.17500000
v -0.59890044 -1.26504433 0.17500000
v -0.59897882 -1.26202953 0.17500000
v -0.59905338 -1.25889218 0.17500000
v -0.59912425 -1.25562954 0.17500000
v -0.59919161 -1.25223899 0.17500000
v -0.58521718 -1.31919169 0.17500000
v -0.58320999 -1.31965101 0.17500000
v -0.58425808 -1.31942439 0.17500000
v -0.58206791 -1.31987131 0.17500000
v -0.58082688 -1.32008553 0.17500000
v -0.57948202 -1.32029366 0.17500000
v -0.57802832 -1.32049596 0.17500000
v -0.57646090 -1.32069242 0.17500000
v -0.57477474 -1.32088304 0.17500000
v -0.57296491 -1.32106805 0.17500000
v -0.57102650 -1.32124746 0.17500000
v -0.56895453 -1.32142138 0.17500000
v -0.56674409 -1.32158983 0.17500000
v -0.56439024 -1.32175291 0.17500000
v -0.55213457 -1.67495549 0.17500000
v -0.53259093 -1.67496490 0.17500000
v -0.51246315 -1.67497301 0.17500000
v -0.49174255 -1.67497969 0.17500000
v -0.47042030 -1.67498517 0.17500000
v -0.44848767 -1.67498958 0.17500000
v -0.42593586 -1.67499304 0.17500000
v -0.40275612 -1.67499566 0.17500000
v -0.37893969 -1.67499745 0.17500000
v -0.56188792 -1.32191086 0.17500000
v -0.55923235 -1.32206357 0.17500000
v -0.55641842 -1.32221115 0.17500000
v -0.55344135 -1.32235384 0.17500000
v -0.55029601 -1.32249153 0.17500000
v -0.54697758 -1.32262444 0.17500000
v -0.54348111 -1.32275259 0.17500000
v -0.53980160 -1.32287610 0.17500000
v -0.53593415 -1.32299507 0.17500000
v -0.53187376 -1.32310951 0.17500000
v -0.52761555 -1.32321954 0.17500000
v -0.52315450 -1.32332528 0.17500000
v -0.51848572 -1.32342684 0.17500000
v -0.51360422 -1.32352412 0.17500000
v -0.50850511 -1.32361746 0.17500000
v -0.50318336 -1.32370675 0.17500000
v -0.49763411 -1.32379222 0.17500000
v -0.49185237 -1.32387388 0.17500000
v -0.48583320 -1.32395184 0.17500000
v -0.47957164 -1.32402611 0.17500000
v -0.47306278 -1.32409680 0.17500000
v -0.46630162 -1.32416415 0.17500000
v -0.45928326 -1.32422805 0.17500000
v -0.45200273 -1.32428861 0.17500000
v -0.44445509 -1.32434607 0.17500000
v -0.43663538 -1.32440031 0.17500000
v -0.42853865 -1.32445157 0.17500000
v -0.42016000 -1.32449985 0.17500000
v -0.41149443 -1.32454538 0.17500000
v -0.40253702 -1.32458794 0.17500000
v -0.39328280 -1.32462800 0.17500000
v -0.38372687 -1.32466531 0.17500000
v -0.35447776 -1.67499876 0.17500000
v -0.32936159 -1.67499948 0.17500000
v -0.30358243 -1.67499983 0.17500000
v -0.19641757 -1.67499983 0.17500000
v -0.37386423 -1.32470012 0.17500000
v -0.36368996 -1.32473254 0.17500000
v -0.35319909 -1.32476246 0.17500000
v -0.34238672 -1.32479024 0.17500000
v -0.33124787 -1.32481587 0.17500000
v -0.31977761 -1.32483935 0.17500000
v -0.30797094 -1.32486081 0.17500000
v -0.29582298 -1.32488036 0.17500000
v -0.28332877 -1.32489800 0.17500000
v -0.27048331 -1.32491398 0.17500000
v -0.25728175 -1.32492816 0.17500000
v -0.24371904 -1.32494080 0.17500000
v -0.22979030 -1.32495201 0.17500000
v -0.21549056 -1.32496178 0.17500000
v -0.20081487 -1.32497013 0.17500000
v -0.17063840 -1.67499948 0.17500000
v -0.14552224 -1.67499876 0.17500000
v -0.12106032 -1.67499745 0.17500000
v -0.09724388 -1.67499566 0.17500000
v -0.07406414 -1.67499304 0.17500000
v -0.05151233 -1.67498958 0.17500000
v -0.02957969 -1.67498517 0.17500000
v -0.00825745 -1.67497969 0.17500000
v -0.18575829 -1.32497740 0.17500000
v -0.17031588 -1.32498336 0.17500000
v -0.15448269 -1.32498825 0.17500000
v -0.13825376 -1.32499218 0.17500000
v -0.12162415 -1.32499528 0.17500000
v -0.10458892 -1.32499743 0.17500000
v -0.08714312 -1.32499897 0.17500000
v -0.06928179 -1.32499969 0.17500000
v -0.05100000 -1.32500005 0.17500000
v -0.01215209 -1.32500017 0.17500000
v -0.74429041 -1.67468309 0.29499999
v -0.73107201 -1.67471957 0.29499999
v -0.71737474 -1.67475319 0.29499999
v -0.70318979 -1.67478406 0.29499999
v -0.68850845 -1.67481220 0.29499999
v -0.67332190 -1.67483771 0.29499999
v -0.65762144 -1.67486084 0.29499999
v -0.64139825 -1.67488170 0.29499999
v -0.62464356 -1.67490029 0.29499999
v -0.60734856 -1.67491698 0.29499999
v -0.58950460 -1.67493153 0.29499999
v -0.57110286 -1.67494440 0.29499999
v -0.59776396 -1.29088295 0.29499999
v -0.59480703 -1.31057882 0.29499999
v -0.59502786 -1.30990732 0.29499999
v -0.59524238 -1.30918825 0.29499999
v -0.59193414 -1.31560099 0.29499999
v -0.59223056 -1.31527448 0.29499999
v -0.59251970 -1.31492996 0.29499999
v -0.59280157 -1.31456470 0.29499999
v -0.59307629 -1.31417632 0.29499999
v -0.59334397 -1.31376183 0.29499999
v -0.59385848 -1.31284416 0.29499999
v -0.59410554 -1.31233561 0.29499999
v -0.59434593 -1.31179035 0.29499999
v -0.59457976 -1.31120563 0.29499999
v -0.59360468 -1.31331861 0.29499999
v -0.58609217 -1.31895256 0.29499999
v -0.58688807 -1.31870687 0.29499999
v -0.58760977 -1.31845474 0.29499999
v -0.58985364 -1.31737936 0.29499999
v -0.59027863 -1.31709325 0.29499999
v -0.59065908 -1.31680024 0.29499999
v -0.59100002 -1.31649995 0.29499999
v -0.59131896 -1.31621110 0.29499999
v -0.59163028 -1.31591237 0.29499999
v -0.58937919 -1.31765842 0.29499999
v -0.58826220 -1.31819606 0.29499999
v -0.58885038 -1.31793058 0.29499999
v -0.59545070 -1.30841911 0.29499999
v -0.59565288 -1.30759716 0.29499999
v -0.59584904 -1.30671966 0.29499999
v -0.59603918 -1.30578387 0.29499999
v -0.59622347 -1.30478728 0.29499999
v -0.59640199 -1.30372715 0.29499999
v -0.59657484 -1.30260086 0.29499999
v -0.59674209 -1.30140555 0.29499999
v -0.59690386 -1.30013859 0.29499999
v -0.59706020 -1.29879737 0.29499999
v -0.59721118 -1.29737914 0.29499999
v -0.59735698 -1.29588139 0.29499999
v -0.59749764 -1.29430115 0.29499999
v -0.59763330 -1.29263592 0.29499999
v -0.59788972 -1.28903961 0.29499999
v -0.59801078 -1.28710330 0.29499999
v -0.59812713 -1.28507102 0.29499999
v -0.59823889 -1.28294051 0.29499999
v -0.59834617 -1.28070867 0.29499999
v -0.59844899 -1.27837312 0.29499999
v -0.59854758 -1.27593112 0.29499999
v -0.59864187 -1.27337992 0.29499999
v -0.59873211 -1.27071679 0.29499999
v -0.59881824 -1.26793921 0.29499999
v -0.59890044 -1.26504433 0.29499999
v -0.59897882 -1.26202953 0.29499999
v -0.59905338 -1.25889218 0.29499999
v -0.59912425 -1.25562954 0.29499999
v -0.59919161 -1.25223899 0.29499999
v -0.58425808 -1.31942439 0.29499999
v -0.58521718 -1.31919169 0.29499999
v -0.58320999 -1.31965101 0.29499999
v -0.58206791 -1.31987131 0.29499999
v -0.58082688 -1.32008553 0.29499999
v -0.57948202 -1.32029366 0.29499999
v -0.57802832 -1.32049596 0.29499999
v -0.57646090 -1.32069242 0.29499999
v -0.57477474 -1.32088304 0.29499999
v -0.57296491 -1.32106805 0.29499999
v -0.57102650 -1.32124746 0.29499999
v -0.56895453 -1.32142138 0.29499999
v -0.56674409 -1.32158983 0.29499999
v -0.56439024 -1.32175291 0.29499999
v -0.55213457 -1.67495549 0.29499999
v -0.53259093 -1.67496490 0.29499999
v -0.51246315 -1.67497301 0.29499999
v -0.49174255 -1.67497969 0.29499999
v -0.47042030 -1.67498517 0.29499999
v -0.44848767 -1.67498958 0.29499999
v -0.42593586 -1.67499304 0.29499999
v -0.40275612 -1.67499566 0.29499999
v -0.37893969 -1.67499745 0.29499999
v -0.56188792 -1.32191086 0.29499999
v -0.55923235 -1.32206357 0.29499999
v -0.55641842 -1.32221115 0.29499999
v -0.55344135 -1.32235384 0.29499999
v -0.55029601 -1.32249153 0.29499999
v -0.54697758 -1.32262444 0.29499999
v -0.54348111 -1.32275259 0.29499999
v -0.53980160 -1.32287610 0.29499999
v -0.53593415 -1.32299507 0.29499999
v -0.53187376 -1.32310951 0.29499999
v -0.52761555 -1.32321954 0.29499999
v -0.52315450 -1.32332528 0.29499999
v -0.51848572 -1.32342684 0.29499999
v -0.51360422 -1.32352412 0.29499999
v -0.50850511 -1.32361746 0.29499999
v -0.50318336 -1.32370675 0.29499999
v -0.49763411 -1.32379222 0.29499999
v -0.49185237 -1.32387388 0.29499999
v -0.48583320 -1.32395184 0.29499999
v -0.47957164 -1.32402611 0.29499999
v -0.47306278 -1.32409680 0.29499999
v -0.46630162 -1.32416415 0.29499999
v -0.45928326 -1.32422805 0.29499999
v -0.45200273 -1.32428861 0.29499999
v -0.44445509 -1.32434607 0.29499999
v -0.43663538 -1.32440031 0.29499999
v -0.42853865 -1.32445157 0.29499999
v -0.42016000 -1.32449985 0.29499999
v -0.41149443 -1.32454538 0.29499999
v -0.40253702 -1.32458794 0.29499999
v -0.39328280 -1.32462800 0.29499999
v -0.38372687 -1.32466531 0.29499999
v -0.35447776 -1.67499876 0.29499999
v -0.32936159 -1.67499948 0.29499999
v -0.30358243 -1.67499983 0.29499999
v -0.27713150 -1.67499995 0.29499999
v -0.25000000 -1.67499995 0.29499999
v -0.22286852 -1.67499995 0.29499999
v -0.19641757 -1.67499983 0.29499999
v -0.37386423 -1.32470012 0.29499999
v -0.36368996 -1.32473254 0.29499999
v -0.35319909 -1.32476246 0.29499999
v -0.34238672 -1.32479024 0.29499999
v -0.33124787 -1.32481587 0.29499999
v -0.31977761 -1.32483935 0.29499999
v -0.30797094 -1.32486081 0.29499999
v -0.29582298 -1.32488036 0.29499999
v -0.28332877 -1.32489800 0.29499999
v -0.27048331 -1.32491398 0.29499999
v -0.25728175 -1.32492816 0.29499999
v -0.24371904 -1.32494080 0.29499999
v -0.22979030 -1.32495201 0.29499999
v -0.21549056 -1.32496178 0.29499999
v -0.20081487 -1.32497013 0.29499999
v -0.17063840 -1.67499948 0.29499999
v -0.14552224 -1.67499876 0.29499999
v -0.12106032 -1.67499745 0.29499999
v -0.09724388 -1.67499566 0.29499999
v -0.07406414 -1.67499304 0.29499999
v -0.05151233 -1.67498958 0.29499999
v -0.02957969 -1.67498517 0.29499999
v -0.00825745 -1.67497969 0.29499999
v -0.18575829 -1.32497740 0.29499999
v -0.17031588 -1.32498336 0.29499999
v -0.15448269 -1.32498825 0.29499999
v -0.13825376 -1.32499218 0.29499999
v -0.12162415 -1.32499528 0.29499999
v -0.10458892 -1.32499743 0.29499999
v -0.08714312 -1.32499897 0.29499999
v -0.06928179 -1.32499969 0.29499999
v -0.05100000 -1.32500005 0.29499999
v -0.03133022 -1.32500005 0.29499999
v -0.01215209 -1.32500017 0.29499999
v -0.59925544 -1.24871767 0.17500000
v -0.59931588 -1.24506307 0.17500000
v -0.59937298 -1.24127257 0.17500000
v -0.59942687 -1.23734319 0.17500000
v -0.59947765 -1.23327255 0.17500000
v -0.59952539 -1.22905779 0.17500000
v -0.59957016 -1.22469640 0.17500000
v -0.59961212 -1.22018552 0.17500000
v -0.59965128 -1.21552241 0.17500000
v -0.59968776 -1.21070468 0.17500000
v -0.59972167 -1.20572937 0.17500000
v -0.59975314 -1.20059395 0.17500000
v -0.59978217 -1.19529569 0.17500000
v -0.59980887 -1.18983185 0.17500000
v -0.59983343 -1.18419981 0.17500000
v -0.59985578 -1.17839682 0.17500000
v -0.59987617 -1.17242038 0.17500000
v -0.59989458 -1.16626763 0.17500000
v -0.59991115 -1.15993583 0.17500000
v -0.59992594 -1.15342259 0.17500000
v -0.59993911 -1.14672494 0.17500000
v -0.59995067 -1.13984025 0.17500000
v -0.59996074 -1.13276589 0.17500000
v -0.59996945 -1.12549925 0.17500000
v -0.59997684 -1.11803746 0.17500000
v -0.59998298 -1.11037803 0.17500000
v -0.59998804 -1.10251820 0.17500000
v -0.59999210 -1.09445524 0.17500000
v -0.59999520 -1.08618641 0.17500000
v -0.59999740 -1.07770920 0.17500000
v -0.59999889 -1.06902087 0.17500000
v -0.59999973 -1.06011868 0.17500000
v -0.60000002 -1.05100000 0.17500000
v -0.59999949 -1.04225123 0.17500000
v -0.59999800 -1.03369963 0.17500000
v -0.59999537 -1.02534294 0.17500000
v -0.59999162 -1.01717877 0.17500000
v -0.59998661 -1.00920475 0.17500000
v -0.59998029 -1.00141871 0.17500000
v -0.59997261 -0.99381822 0.17500000
v -0.59996355 -0.98640096 0.17500000
v -0.59995294 -0.97916466 0.17500000
v -0.59994078 -0.97210699 0.17500000
v -0.59992701 -0.96522558 0.17500000
v -0.59991151 -0.95851821 0.17500000
v -0.59989423 -0.95198250 0.17500000
v -0.59987515 -0.94561613 0.17500000
v -0.59985417 -0.93941677 0.17500000
v -0.59983122 -0.93338215 0.17500000
v -0.59980625 -0.92750990 0.17500000
v -0.59977919 -0.92179775 0.17500000
v -0.59974998 -0.91624337 0.17500000
v -0.59971845 -0.91084439 0.17500000
v -0.59968472 -0.90559858 0.17500000
v -0.59964854 -0.90050352 0.17500000
v -0.59960997 -0.89555699 0.17500000
v -0.59956890 -0.89075661 0.17500000
v -0.59952527 -0.88610005 0.17500000
v -0.59947896 -0.88158506 0.17500000
v -0.59943002 -0.87720925 0.17500000
v -0.59937823 -0.87297040 0.17500000
v -0.59932369 -0.86886603 0.17500000
v -0.59926617 -0.86489397 0.17500000
v -0.59920573 -0.86105186 0.17500000
v -0.59914225 -0.85733736 0.17500000
v -0.59907562 -0.85374814 0.17500000
v -0.59900588 -0.85028195 0.17500000
v -0.59893286 -0.84693640 0.17500000
v -0.59885657 -0.84370917 0.17500000
v -0.59877688 -0.84059805 0.17500000
v -0.59869379 -0.83760053 0.17500000
v -0.59860712 -0.83471447 0.17500000
v -0.59851694 -0.83193749 0.17500000
v -0.59842312 -0.82926726 0.17500000
v -0.59832561 -0.82670146 0.17500000
v -0.59822428 -0.82423776 0.17500000
v -0.59811914 -0.82187390 0.17500000
v -0.59801006 -0.81960750 0.17500000
v -0.59789705 -0.81743628 0.17500000
v -0.59777999 -0.81535786 0.17500000
v -0.59765881 -0.81337005 0.17500000
v -0.59753346 -0.81147039 0.17500000
v -0.59740388 -0.80965662 0.17500000
v -0.59726995 -0.80792642 0.17500000
v -0.59713167 -0.80627751 0.17500000
v -0.59698898 -0.80470753 0.17500000
v -0.59684175 -0.80321413 0.17500000
v -0.59668994 -0.80179507 0.17500000
v -0.59653348 -0.80044800 0.17500000
v -0.59637237 -0.79917055 0.17500000
v -0.59620643 -0.79796046 0.17500000
v -0.59603566 -0.79681545 0.17500000
v -0.59585994 -0.79573309 0.17500000
v -0.59567928 -0.79471111 0.17500000
v -0.59549361 -0.79374725 0.17500000
v -0.59530276 -0.79283911 0.17500000
v -0.59510678 -0.79198444 0.17500000
v -0.59490556 -0.79118085 0.17500000
v -0.59469903 -0.79042614 0.17500000
v -0.59448707 -0.78971779 0.17500000
v -0.59426969 -0.78905368 0.17500000
v -0.59404683 -0.78843141 0.17500000
v -0.59381837 -0.78784865 0.17500000
v -0.59358424 -0.78730309 0.17500000
v -0.59334439 -0.78679246 0.17500000
v -0.59309876 -0.78631437 0.17500000
v -0.59284735 -0.78586650 0.17500000
v -0.59258997 -0.78544664 0.17500000
v -0.59232658 -0.78505236 0.17500000
v -0.59205723 -0.78468132 0.17500000
v -0.59178168 -0.78433132 0.17500000
v -0.59149998 -0.78399998 0.17500000
v -0.59121007 -0.78368104 0.17500000
v -0.59090745 -0.78336972 0.17500000
v -0.59058869 -0.78306586 0.17500000
v -0.59025025 -0.78276944 0.17500000
v -0.58988863 -0.78248030 0.17500000
v -0.58950037 -0.78219843 0.17500000
v -0.58908188 -0.78192371 0.17500000
v -0.58862966 -0.78165603 0.17500000
v -0.58814025 -0.78139532 0.17500000
v -0.58761007 -0.78114152 0.17500000
v -0.58703572 -0.78089446 0.17500000
v -0.58641356 -0.78065407 0.17500000
v -0.58574015 -0.78042024 0.17500000
v -0.58501196 -0.78019297 0.17500000
v -0.58422548 -0.77997214 0.17500000
v -0.58337724 -0.77975762 0.17500000
v -0.58246368 -0.77954930 0.17500000
v -0.58148128 -0.77934712 0.17500000
v -0.58042657 -0.77915096 0.17500000
v -0.57929599 -0.77896082 0.17500000
v -0.57808608 -0.77877653 0.17500000
v -0.57679331 -0.77859801 0.17500000
v -0.57541418 -0.77842516 0.17500000
v -0.57394516 -0.77825791 0.17500000
v -0.57238275 -0.77809614 0.17500000
v -0.57072341 -0.77793980 0.17500000
v -0.56896365 -0.77778882 0.17500000
v -0.56709999 -0.77764302 0.17500000
v -0.56512886 -0.77750236 0.17500000
v -0.56304681 -0.77736670 0.17500000
v -0.56085032 -0.77723604 0.17500000
v -0.55853581 -0.77711028 0.17500000
v -0.55609983 -0.77698922 0.17500000
v -0.55353892 -0.77687287 0.17500000
v -0.55084944 -0.77676111 0.17500000
v -0.54802793 -0.77665383 0.17500000
v -0.54507095 -0.77655101 0.17500000
v -0.54197490 -0.77645242 0.17500000
v -0.53873634 -0.77635813 0.17500000
v -0.53535169 -0.77626789 0.17500000
v -0.53181750 -0.77618176 0.17500000
v -0.52813023 -0.77609956 0.17500000
v -0.52428633 -0.77602118 0.17500000
v -0.52028233 -0.77594662 0.17500000
v -0.51611477 -0.77587575 0.17500000
v -0.51178002 -0.77580839 0.17500000
v -0.50727469 -0.77574456 0.17500000
v -0.50259519 -0.77568412 0.17500000
v -0.49773806 -0.77562702 0.17500000
v -0.49269974 -0.77557313 0.17500000
v -0.48747677 -0.77552235 0.17500000
v -0.48206559 -0.77547461 0.17500000
v -0.47646272 -0.77542984 0.17500000
v -0.47066462 -0.77538788 0.17500000
v -0.46466783 -0.77534872 0.17500000
v -0.45846877 -0.77531224 0.17500000
v -0.45206401 -0.77527833 0.17500000
v -0.44544998 -0.77524686 0.17500000
v -0.43862316 -0.77521783 0.17500000
v -0.43158010 -0.77519113 0.17500000
v -0.42431724 -0.77516657 0.17500000
v -0.41683108 -0.77514422 0.17500000
v -0.40911812 -0.77512383 0.17500000
v -0.40117484 -0.77510542 0.17500000
v -0.39299771 -0.77508885 0.17500000
v -0.38458326 -0.77507406 0.17500000
v -0.37592798 -0.77506089 0.17500000
v -0.59480703 -0.41018429 0.17500000
v -0.59223056 -0.41525701 0.17500000
v -0.59193414 -0.41559207 0.17500000
v -0.59410554 -0.41212553 0.17500000
v -0.59434593 -0.41152704 0.17500000
v -0.59457976 -0.41088104 0.17500000
v -0.59251970 -0.41490036 0.17500000
v -0.59280157 -0.41451886 0.17500000
v -0.59307629 -0.41410929 0.17500000
v -0.59334397 -0.41366842 0.17500000
v -0.59360468 -0.41319299 0.17500000
v -0.59385848 -0.41267976 0.17500000
v -0.59030396 -0.41709328 0.17500000
v -0.59066516 -0.41680020 0.17500000
v -0.59100002 -0.41650000 0.17500000
v -0.59131896 -0.41621032 0.17500000
v -0.59163028 -0.41590875 0.17500000
v -0.58902985 -0.41793063 0.17500000
v -0.58948958 -0.41765842 0.17500000
v -0.58991319 -0.41737932 0.17500000
v -0.58853078 -0.41819605 0.17500000
v -0.58676493 -0.41895249 0.17500000
v -0.58740157 -0.41870692 0.17500000
v -0.58798909 -0.41845480 0.17500000
v -0.58607596 -0.41919166 0.17500000
v -0.59502786 -0.40943360 0.17500000
v -0.59524238 -0.40862569 0.17500000
v -0.59545070 -0.40775734 0.17500000
v -0.59565288 -0.40682530 0.17500000
v -0.59584904 -0.40582633 0.17500000
v -0.59603918 -0.40475723 0.17500000
v -0.59622347 -0.40361470 0.17500000
v -0.59640199 -0.40239558 0.17500000
v -0.59657484 -0.40109655 0.17500000
v -0.59674209 -0.39971444 0.17500000
v -0.59690386 -0.39824599 0.17500000
v -0.59706020 -0.39668795 0.17500000
v -0.59721118 -0.39503711 0.17500000
v -0.59735698 -0.39329019 0.17500000
v -0.59749764 -0.39144400 0.17500000
v -0.58273107 -0.42008552 0.17500000
v -0.58173138 -0.42029372 0.17500000
v -0.58065975 -0.42049599 0.17500000
v -0.58533132 -0.41942444 0.17500000
v -0.58366209 -0.41987127 0.17500000
v -0.58452779 -0.41965094 0.17500000
v -0.57951301 -0.42069241 0.17500000
v -0.57828784 -0.42088306 0.17500000
v -0.57558924 -0.42124745 0.17500000
v -0.57698101 -0.42106807 0.17500000
v -0.57410926 -0.42142135 0.17500000
v -0.57253790 -0.42158982 0.17500000
v -0.57087183 -0.42175293 0.17500000
v -0.56910783 -0.42191082 0.17500000
v -0.56724262 -0.42206353 0.17500000
v -0.56527293 -0.42221117 0.17500000
v -0.56319553 -0.42235380 0.17500000
v -0.59776396 -0.38744080 0.17500000
v -0.59788972 -0.38527733 0.17500000
v -0.59801078 -0.38300160 0.17500000
v -0.59812713 -0.38061038 0.17500000
v -0.59823889 -0.37810048 0.17500000
v -0.59834617 -0.37546861 0.17500000
v -0.59844899 -0.37271157 0.17500000
v -0.59854758 -0.36982608 0.17500000
v -0.59864187 -0.36680895 0.17500000
v -0.59873211 -0.36365691 0.17500000
v -0.59881824 -0.36036676 0.17500000
v -0.59890044 -0.35693520 0.17500000
v -0.59897882 -0.35335907 0.17500000
v -0.59763330 -0.38949528 0.17500000
v -0.59905338 -0.34963506 0.17500000
v -0.59912425 -0.34575999 0.17500000
v -0.59919161 -0.34173059 0.17500000
v -0.59925544 -0.33754364 0.17500000
v -0.59931588 -0.33319587 0.17500000
v -0.59937298 -0.32868409 0.17500000
v -0.59942687 -0.32400504 0.17500000
v -0.59947765 -0.31915548 0.17500000
v -0.59952539 -0.31413218 0.17500000
v -0.59957016 -0.30893189 0.17500000
v -0.59961212 -0.30355141 0.17500000
v -0.59965128 -0.29798743 0.17500000
v -0.59968776 -0.29223680 0.17500000
v -0.59972167 -0.28629622 0.17500000
v -0.59975314 -0.28016248 0.17500000
v -0.59978217 -0.27383235 0.17500000
v -0.59980887 -0.26730257 0.17500000
v -0.59983343 -0.26056993 0.17500000
v -0.59985578 -0.25363114 0.17500000
v -0.59987617 -0.24648303 0.17500000
v -0.59989458 -0.23912233 0.17500000
v -0.59991115 -0.23154579 0.17500000
v -0.59992594 -0.22375020 0.17500000
v -0.59993911 -0.21573231 0.17500000
v -0.59995067 -0.20748888 0.17500000
v -0.59996074 -0.19901668 0.17500000
v -0.59996945 -0.19031246 0.17500000
v -0.59997684 -0.18137302 0.17500000
v -0.59998298 -0.17219506 0.17500000
v -0.59998804 -0.16277540 0.17500000
v -0.59999210 -0.15311079 0.17500000
v -0.59999520 -0.14319797 0.17500000
v -0.59999740 -0.13303371 0.17500000
v -0.59999889 -0.12261479 0.17500000
v -0.59999973 -0.11193797 0.17500000
v -0.60000002 -0.10100000 0.17500000
v -0.59999949 -0.09050602 0.17500000
v -0.59999800 -0.08025008 0.17500000
v -0.59999537 -0.07022935 0.17500000
v -0.59999162 -0.06044106 0.17500000
v -0.59998661 -0.05088240 0.17500000
v -0.59998029 -0.04155058 0.17500000
v -0.59997261 -0.03244278 0.17500000
v -0.59996355 -0.02355622 0.17500000
v -0.59995294 -0.01488809 0.17500000
v -0.59994078 -0.00643560 0.17500000
v -0.56100720 -0.42249152 0.17500000
v -0.55870461 -0.42262444 0.17500000
v -0.55628455 -0.42275259 0.17500000
v -0.55374378 -0.42287609 0.17500000
v -0.55107898 -0.42299503 0.17500000
v -0.54828697 -0.42310947 0.17500000
v -0.54536450 -0.42321953 0.17500000
v -0.54230821 -0.42332527 0.17500000
v -0.53911495 -0.42342678 0.17500000
v -0.53578138 -0.42352414 0.17500000
v -0.53230429 -0.42361745 0.17500000
v -0.52868050 -0.42370680 0.17500000
v -0.52490664 -0.42379224 0.17500000
v -0.52097946 -0.42387387 0.17500000
v -0.51689577 -0.42395180 0.17500000
v -0.51265228 -0.42402610 0.17500000
v -0.50824571 -0.42409685 0.17500000
v -0.50367284 -0.42416415 0.17500000
v -0.49893045 -0.42422804 0.17500000
v -0.49401522 -0.42428866 0.17500000
v -0.48892391 -0.42434606 0.17500000
v -0.48365328 -0.42440036 0.17500000
v -0.47820005 -0.42445159 0.17500000
v -0.47256100 -0.42449990 0.17500000
v -0.46673283 -0.42454535 0.17500000
v -0.46071234 -0.42458799 0.17500000
v -0.45449623 -0.42462796 0.17500000
v -0.44808125 -0.42466530 0.17500000
v -0.44146416 -0.42470011 0.17500000
v -0.43464172 -0.42473251 0.17500000
v -0.42761064 -0.42476252 0.17500000
v -0.42036766 -0.42479029 0.17500000
v -0.41290957 -0.42481586 0.17500000
v -0.40523309 -0.42483932 0.17500000
v -0.39733493 -0.42486078 0.17500000
v -0.38921189 -0.42488033 0.17500000
v -0.38086069 -0.42489800 0.17500000
v -0.36702830 -0.77504933 0.17500000
v -0.35788077 -0.77503926 0.17500000
v -0.34848186 -0.77503055 0.17500000
v -0.33882803 -0.77502316 0.17500000
v -0.32891580 -0.77501702 0.17500000
v -0.31874168 -0.77501196 0.17500000
v -0.30830210 -0.77500790 0.17500000
v -0.29759362 -0.77500480 0.17500000
v -0.28661266 -0.77500260 0.17500000
v -0.27535576 -0.77500111 0.17500000
v -0.26381937 -0.77500027 0.17500000
v -0.25200000 -0.77499998 0.17500000
v -0.23838232 -0.77500087 0.17500000
v -0.22513337 -0.77500325 0.17500000
v -0.21224791 -0.77500665 0.17500000
v -0.19972070 -0.77501070 0.17500000
v -0.18754648 -0.77501494 0.17500000
v -0.17572001 -0.77501881 0.17500000
v -0.16423605 -0.77502209 0.17500000
v -0.15308936 -0.77502412 0.17500000
v -0.14227468 -0.77502465 0.17500000
v -0.13178678 -0.77502310 0.17500000
v -0.12162041 -0.77501917 0.17500000
v -0.11177032 -0.77501225 0.17500000
v -0.10223126 -0.77500206 0.17500000
v -0.09299801 -0.77498806 0.17500000
v -0.08406530 -0.77496988 0.17500000
v -0.07542789 -0.77494705 0.17500000
v -0.06708054 -0.77491909 0.17500000
v -0.05901801 -0.77488565 0.17500000
v -0.05123504 -0.77484626 0.17500000
v -0.04372640 -0.77480042 0.17500000
v -0.03648683 -0.77474779 0.17500000
v -0.02951110 -0.77468783 0.17500000
v -0.02279395 -0.77462018 0.17500000
v -0.01633015 -0.77454436 0.17500000
v -0.01011444 -0.77445996 0.17500000
v -0.00414159 -0.77436656 0.17500000
v -0.37227806 -0.42491394 0.17500000
v -0.36346078 -0.42492819 0.17500000
v -0.35440555 -0.42494085 0.17500000
v -0.34510916 -0.42495203 0.17500000
v -0.33556834 -0.42496178 0.17500000
v -0.32577983 -0.42497018 0.17500000
v -0.31574038 -0.42497736 0.17500000
v -0.30544671 -0.42498335 0.17500000
v -0.29489559 -0.42498827 0.17500000
v -0.28408375 -0.42499220 0.17500000
v -0.27300796 -0.42499524 0.17500000
v -0.26166496 -0.42499745 0.17500000
v -0.25005144 -0.42499894 0.17500000
v -0.23816422 -0.42499974 0.17500000
v -0.22600000 -0.42500001 0.17500000
v -0.20010959 -0.42500016 0.17500000
v -0.18764846 -0.42500055 0.17500000
v -0.17550445 -0.42500129 0.17500000
v -0.16367333 -0.42500255 0.17500000
v -0.15215087 -0.42500439 0.17500000
v -0.14093287 -0.42500696 0.17500000
v -0.13001512 -0.42501038 0.17500000
v -0.11939337 -0.42501479 0.17500000
v -0.10906344 -0.42502028 0.17500000
v -0.09902109 -0.42502698 0.17500000
v -0.08926211 -0.42503506 0.17500000
v -0.07978229 -0.42504457 0.17500000
v -0.07057741 -0.42505565 0.17500000
v -0.06164325 -0.42506847 0.17500000
v -0.05297559 -0.42508307 0.17500000
v -0.04457022 -0.42509964 0.17500000
v -0.03642291 -0.42511830 0.17500000
v -0.02852947 -0.42513913 0.17500000
v -0.02088566 -0.42516226 0.17500000
v -0.01348727 -0.42518783 0.17500000
v -0.00633009 -0.42521596 0.17500000
v -0.59925544 -1.24871767 0.29499999
v -0.59931588 -1.24506307 0.29499999
v -0.59937298 -1.24127257 0.29499999
v -0.59942687 -1.23734319 0.29499999
v -0.59947765 -1.23327255 0.29499999
v -0.59952539 -1.22905779 0.29499999
v -0.59957016 -1.22469640 0.29499999
v -0.59961212 -1.22018552 0.29499999
v -0.59965128 -1.21552241 0.29499999
v -0.59968776 -1.21070468 0.29499999
v -0.59972167 -1.20572937 0.29499999
v -0.59975314 -1.20059395 0.29499999
v -0.59978217 -1.19529569 0.29499999
v -0.59980887 -1.18983185 0.29499999
v -0.59983343 -1.18419981 0.29499999
v -0.59985578 -1.17839682 0.29499999
v -0.59987617 -1.17242038 0.29499999
v -0.59989458 -1.16626763 0.29499999
v -0.59991115 -1.15993583 0.29499999
v -0.59992594 -1.15342259 0.29499999
v -0.59993911 -1.14672494 0.29499999
v -0.59995067 -1.13984025 0.29499999
v -0.59996074 -1.13276589 0.29499999
v -0.59996945 -1.12549925 0.29499999
v -0.59997684 -1.11803746 0.29499999
v -0.59998298 -1.11037803 0.29499999
v -0.59998804 -1.10251820 0.29499999
v -0.59999210 -1.09445524 0.29499999
v -0.59999520 -1.08618641 0.29499999
v -0.59999740 -1.07770920 0.29499999
v -0.59999889 -1.06902087 0.29499999
v -0.59999973 -1.06011868 0.29499999
v -0.60000002 -1.05100000 0.29499999
v -0.59999949 -1.04225123 0.29499999
v -0.59999800 -1.03369963 0.29499999
v -0.59999537 -1.02534294 0.29499999
v -0.59999162 -1.01717877 0.29499999
v -0.59998661 -1.00920475 0.29499999
v -0.59998029 -1.00141871 0.29499999
v -0.59997261 -0.99381822 0.29499999
v -0.59996355 -0.98640096 0.29499999
v -0.59995294 -0.97916466 0.29499999
v -0.59994078 -0.97210699 0.29499999
v -0.59992701 -0.96522558 0.29499999
v -0.59991151 -0.95851821 0.29499999
v -0.59989423 -0.95198250 0.29499999
v -0.59987515 -0.94561613 0.29499999
v -0.59985417 -0.93941677 0.29499999
v -0.59983122 -0.93338215 0.29499999
v -0.59980625 -0.92750990 0.29499999
v -0.59977919 -0.92179775 0.29499999
v -0.59974998 -0.91624337 0.29499999
v -0.59971845 -0.91084439 0.29499999
v -0.59968472 -0.90559858 0.29499999
v -0.59964854 -0.90050352 0.29499999
v -0.59960997 -0.89555699 0.29499999
v -0.59956890 -0.89075661 0.29499999
v -0.59952527 -0.88610005 0.29499999
v -0.59947896 -0.88158506 0.29499999
v -0.59943002 -0.87720925 0.29499999
v -0.59937823 -0.87297040 0.29499999
v -0.59932369 -0.86886603 0.29499999
v -0.59926617 -0.86489397 0.29499999
v -0.59920573 -0.86105186 0.29499999
v -0.59914225 -0.85733736 0.29499999
v -0.59907562 -0.85374814 0.29499999
v -0.59900588 -0.85028195 0.29499999
v -0.59893286 -0.84693640 0.29499999
v -0.59885657 -0.84370917 0.29499999
v -0.59877688 -0.84059805 0.29499999
v -0.59869379 -0.83760053 0.29499999
v -0.59860712 -0.83471447 0.29499999
v -0.59851694 -0.83193749 0.29499999
v -0.59842312 -0.82926726 0.29499999
v -0.59832561 -0.82670146 0.29499999
v -0.59822428 -0.82423776 0.29499999
v -0.59811914 -0.82187390 0.29499999
v -0.59801006 -0.81960750 0.29499999
v -0.59789705 -0.81743628 0.29499999
v -0.59777999 -0.81535786 0.29499999
v -0.59765881 -0.81337005 0.29499999
v -0.59753346 -0.81147039 0.29499999
v -0.59740388 -0.80965662 0.29499999
v -0.59726995 -0.80792642 0.29499999
v -0.59713167 -0.80627751 0.29499999
v -0.59698898 -0.80470753 0.29499999
v -0.59684175 -0.80321413 0.29499999
v -0.59668994 -0.80179507 0.29499999
v -0.59653348 -0.80044800 0.29499999
v -0.59637237 -0.79917055 0.29499999
v -0.59620643 -0.79796046 0.29499999
v -0.59603566 -0.79681545 0.29499999
v -0.59585994 -0.79573309 0.29499999
v -0.59567928 -0.79471111 0.29499999
v -0.59549361 -0.79374725 0.29499999
v -0.59530276 -0.79283911 0.29499999
v -0.59510678 -0.79198444 0.29499999
v -0.59490556 -0.79118085 0.29499999
v -0.59469903 -0.79042614 0.29499999
v -0.59448707 -0.78971779 0.29499999
v -0.59426969 -0.78905368 0.29499999
v -0.59404683 -0.78843141 0.29499999
v -0.59381837 -0.78784865 0.29499999
v -0.59358424 -0.78730309 0.29499999
v -0.59334439 -0.78679246 0.29499999
v -0.59309876 -0.78631437 0.29499999
v -0.59284735 -0.78586650 0.29499999
v -0.59258997 -0.78544664 0.29499999
v -0.59232658 -0.78505236 0.29499999
v -0.59205723 -0.78468132 0.29499999
v -0.59178168 -0.78433132 0.29499999
v -0.59149998 -0.78399998 0.29499999
v -0.59121007 -0.78368104 0.29499999
v -0.59090745 -0.78336972 0.29499999
v -0.59058869 -0.78306586 0.29499999
v -0.59025025 -0.78276944 0.29499999
v -0.58988863 -0.78248030 0.29499999
v -0.58950037 -0.78219843 0.29499999
v -0.58908188 -0.78192371 0.29499999
v -0.58862966 -0.78165603 0.29499999
v -0.58814025 -0.78139532 0.29499999
v -0.58761007 -0.78114152 0.29499999
v -0.58703572 -0.78089446 0.29499999
v -0.58641356 -0.78065407 0.29499999
v -0.58574015 -0.78042024 0.29499999
v -0.58501196 -0.78019297 0.29499999
v -0.58422548 -0.77997214 0.29499999
v -0.58337724 -0.77975762 0.29499999
v -0.58246368 -0.77954930 0.29499999
v -0.58148128 -0.77934712 0.29499999
v -0.58042657 -0.77915096 0.29499999
v -0.57929599 -0.77896082 0.29499999
v -0.57808608 -0.77877653 0.29499999
v -0.57679331 -0.77859801 0.29499999
v -0.57541418 -0.77842516 0.29499999
v -0.57394516 -0.77825791 0.29499999
v -0.57238275 -0.77809614 0.29499999
v -0.57072341 -0.77793980 0.29499999
v -0.56896365 -0.77778882 0.29499999
v -0.56709999 -0.77764302 0.29499999
v -0.56512886 -0.77750236 0.29499999
v -0.56304681 -0.77736670 0.29499999
v -0.56085032 -0.77723604 0.29499999
v -0.55853581 -0.77711028 0.29499999
v -0.55609983 -0.77698922 0.29499999
v -0.55353892 -0.77687287 0.29499999
v -0.55084944 -0.77676111 0.29499999
v -0.54802793 -0.77665383 0.29499999
v -0.54507095 -0.77655101 0.29499999
v -0.54197490 -0.77645242 0.29499999
v -0.53873634 -0.77635813 0.29499999
v -0.53535169 -0.77626789 0.29499999
v -0.53181750 -0.77618176 0.29499999
v -0.52813023 -0.77609956 0.29499999
v -0.52428633 -0.77602118 0.29499999
v -0.52028233 -0.77594662 0.29499999
v -0.51611477 -0.77587575 0.29499999
v -0.51178002 -0.77580839 0.29499999
v -0.50727469 -0.77574456 0.29499999
v -0.50259519 -0.77568412 0.29499999
v -0.49773806 -0.77562702 0.29499999
v -0.49269974 -0.77557313 0.29499999
v -0.48747677 -0.77552235 0.29499999
v -0.48206559 -0.77547461 0.29499999
v -0.47646272 -0.77542984 0.29499999
v -0.47066462 -0.77538788 0.29499999
v -0.46466783 -0.77534872 0.29499999
v -0.45846877 -0.77531224 0.29499999
v -0.45206401 -0.77527833 0.29499999
v -0.44544998 -0.77524686 0.29499999
v -0.43862316 -0.77521783 0.29499999
v -0.43158010 -0.77519113 0.29499999
v -0.42431724 -0.77516657 0.29499999
v -0.41683108 -0.77514422 0.29499999
v -0.40911812 -0.77512383 0.29499999
v -0.40117484 -0.77510542 0.29499999
v -0.39299771 -0.77508885 0.29499999
v -0.38458326 -0.77507406 0.29499999
v -0.37592798 -0.77506089 0.29499999
v -0.59480703 -0.41018429 0.29499999
v -0.59193414 -0.41559207 0.29499999
v -0.59223056 -0.41525701 0.29499999
v -0.59385848 -0.41267976 0.29499999
v -0.59410554 -0.41212553 0.29499999
v -0.59434593 -0.41152704 0.29499999
v -0.59457976 -0.41088104 0.29499999
v -0.59251970 -0.41490036 0.29499999
v -0.59280157 -0.41451886 0.29499999
v -0.59307629 -0.41410929 0.29499999
v -0.59334397 -0.41366842 0.29499999
v -0.59360468 -0.41319299 0.29499999
v -0.58991319 -0.41737932 0.29499999
v -0.59030396 -0.41709328 0.29499999
v -0.59066516 -0.41680020 0.29499999
v -0.59100002 -0.41650000 0.29499999
v -0.59131896 -0.41621032 0.29499999
v -0.59163028 -0.41590875 0.29499999
v -0.58902985 -0.41793063 0.29499999
v -0.58948958 -0.41765842 0.29499999
v -0.58798909 -0.41845480 0.29499999
v -0.58853078 -0.41819605 0.29499999
v -0.58607596 -0.41919166 0.29499999
v -0.58676493 -0.41895249 0.29499999
v -0.58740157 -0.41870692 0.29499999
v -0.59502786 -0.40943360 0.29499999
v -0.59524238 -0.40862569 0.29499999
v -0.59545070 -0.40775734 0.29499999
v -0.59584904 -0.40582633 0.29499999
v -0.59565288 -0.40682530 0.29499999
v -0.59603918 -0.40475723 0.29499999
v -0.59622347 -0.40361470 0.29499999
v -0.59640199 -0.40239558 0.29499999
v -0.59657484 -0.40109655 0.29499999
v -0.59674209 -0.39971444 0.29499999
v -0.59690386 -0.39824599 0.29499999
v -0.59706020 -0.39668795 0.29499999
v -0.59721118 -0.39503711 0.29499999
v -0.59735698 -0.39329019 0.29499999
v -0.59749764 -0.39144400 0.29499999
v -0.58273107 -0.42008552 0.29499999
v -0.58065975 -0.42049599 0.29499999
v -0.58173138 -0.42029372 0.29499999
v -0.58452779 -0.41965094 0.29499999
v -0.58533132 -0.41942444 0.29499999
v -0.58366209 -0.41987127 0.29499999
v -0.57828784 -0.42088306 0.29499999
v -0.57951301 -0.42069241 0.29499999
v -0.57698101 -0.42106807 0.29499999
v -0.57558924 -0.42124745 0.29499999
v -0.57253790 -0.42158982 0.29499999
v -0.57410926 -0.42142135 0.29499999
v -0.57087183 -0.42175293 0.29499999
v -0.56910783 -0.42191082 0.29499999
v -0.56724262 -0.42206353 0.29499999
v -0.56527293 -0.42221117 0.29499999
v -0.56319553 -0.42235380 0.29499999
v -0.59776396 -0.38744080 0.29499999
v -0.59788972 -0.38527733 0.29499999
v -0.59801078 -0.38300160 0.29499999
v -0.59812713 -0.38061038 0.29499999
v -0.59823889 -0.37810048 0.29499999
v -0.59834617 -0.37546861 0.29499999
v -0.59844899 -0.37271157 0.29499999
v -0.59854758 -0.36982608 0.29499999
v -0.59864187 -0.36680895 0.29499999
v -0.59873211 -0.36365691 0.29499999
v -0.59881824 -0.36036676 0.29499999
v -0.59890044 -0.35693520 0.29499999
v -0.59897882 -0.35335907 0.29499999
v -0.59763330 -0.38949528 0.29499999
v -0.59905338 -0.34963506 0.29499999
v -0.59912425 -0.34575999 0.29499999
v -0.59919161 -0.34173059 0.29499999
v -0.59925544 -0.33754364 0.29499999
v -0.59931588 -0.33319587 0.29499999
v -0.59937298 -0.32868409 0.29499999
v -0.59942687 -0.32400504 0.29499999
v -0.59947765 -0.31915548 0.29499999
v -0.59952539 -0.31413218 0.29499999
v -0.59957016 -0.30893189 0.29499999
v -0.59961212 -0.30355141 0.29499999
v -0.59965128 -0.29798743 0.29499999
v -0.59968776 -0.29223680 0.29499999
v -0.59972167 -0.28629622 0.29499999
v -0.59975314 -0.28016248 0.29499999
v -0.59978217 -0.27383235 0.29499999
v -0.59980887 -0.26730257 0.29499999
v -0.59983343 -0.26056993 0.29499999
v -0.59985578 -0.25363114 0.29499999
v -0.59987617 -0.24648303 0.29499999
v -0.59989458 -0.23912233 0.29499999
v -0.59991115 -0.23154579 0.29499999
v -0.59992594 -0.22375020 0.29499999
v -0.59993911 -0.21573231 0.29499999
v -0.59995067 -0.20748888 0.29499999
v -0.59996074 -0.19901668 0.29499999
v -0.59996945 -0.19031246 0.29499999
v -0.59997684 -0.18137302 0.29499999
v -0.59998298 -0.17219506 0.29499999
v -0.59998804 -0.16277540 0.29499999
v -0.59999210 -0.15311079 0.29499999
v -0.59999520 -0.14319797 0.29499999
v -0.59999740 -0.13303371 0.29499999
v -0.59999889 -0.12261479 0.29499999
v -0.59999973 -0.11193797 0.29499999
v -0.60000002 -0.10100000 0.29499999
v -0.59999949 -0.09050602 0.29499999
v -0.59999800 -0.08025008 0.29499999
v -0.59999537 -0.07022935 0.29499999
v -0.59999162 -0.06044106 0.29499999
v -0.59998661 -0.05088240 0.29499999
v -0.59998029 -0.04155058 0.29499999
v -0.59997261 -0.03244278 0.29499999
v -0.59996355 -0.02355622 0.29499999
v -0.59995294 -0.01488809 0.29499999
v -0.59994078 -0.00643560 0.29499999
v -0.56100720 -0.42249152 0.29499999
v -0.55870461 -0.42262444 0.29499999
v -0.55628455 -0.42275259 0.29499999
v -0.55374378 -0.42287609 0.29499999
v -0.55107898 -0.42299503 0.29499999
v -0.54828697 -0.42310947 0.29499999
v -0.54536450 -0.42321953 0.29499999
v -0.54230821 -0.42332527 0.29499999
v -0.53911495 -0.42342678 0.29499999
v -0.53578138 -0.42352414 0.29499999
v -0.53230429 -0.42361745 0.29499999
v -0.52868050 -0.42370680 0.29499999
v -0.52490664 -0.42379224 0.29499999
v -0.52097946 -0.42387387 0.29499999
v -0.51689577 -0.42395180 0.29499999
v -0.51265228 -0.42402610 0.29499999
v -0.50824571 -0.42409685 0.29499999
v -0.50367284 -0.42416415 0.29499999
v -0.49893045 -0.42422804 0.29499999
v -0.49401522 -0.42428866 0.29499999
v -0.48892391 -0.42434606 0.29499999
v -0.48365328 -0.42440036 0.29499999
v -0.47820005 -0.42445159 0.29499999
v -0.47256100 -0.42449990 0.29499999
v -0.46673283 -0.42454535 0.29499999
v -0.46071234 -0.42458799 0.29499999
v -0.45449623 -0.42462796 0.29499999
v -0.44808125 -0.42466530 0.29499999
v -0.44146416 -0.42470011 0.29499999
v -0.43464172 -0.42473251 0.29499999
v -0.42761064 -0.42476252 0.29499999
v -0.42036766 -0.42479029 0.29499999
v -0.41290957 -0.42481586 0.29499999
v -0.40523309 -0.42483932 0.29499999
v -0.39733493 -0.42486078 0.29499999
v -0.38921189 -0.42488033 0.29499999
v -0.38086069 -0.42489800 0.29499999
v -0.36702830 -0.77504933 0.29499999
v -0.35788077 -0.77503926 0.29499999
v -0.34848186 -0.77503055 0.29499999
v -0.33882803 -0.77502316 0.29499999
v -0.32891580 -0.77501702 0.29499999
v -0.31874168 -0.77501196 0.29499999
v -0.30830210 -0.77500790 0.29499999
v -0.29759362 -0.77500480 0.29499999
v -0.28661266 -0.77500260 0.29499999
v -0.27535576 -0.77500111 0.29499999
v -0.26381937 -0.77500027 0.29499999
v -0.25200000 -0.77499998 0.29499999
v -0.23838232 -0.77500087 0.29499999
v -0.22513337 -0.77500325 0.29499999
v -0.21224791 -0.77500665 0.29499999
v -0.19972070 -0.77501070 0.29499999
v -0.18754648 -0.77501494 0.29499999
v -0.17572001 -0.77501881 0.29499999
v -0.16423605 -0.77502209 0.29499999
v -0.15308936 -0.77502412 0.29499999
v -0.14227468 -0.77502465 0.29499999
v -0.13178678 -0.77502310 0.29499999
v -0.12162041 -0.77501917 0.29499999
v -0.11177032 -0.77501225 0.29499999
v -0.10223126 -0.77500206 0.29499999
v -0.09299801 -0.77498806 0.29499999
v -0.08406530 -0.77496988 0.29499999
v -0.07542789 -0.77494705 0.29499999
v -0.06708054 -0.77491909 0.29499999
v -0.05901801 -0.77488565 0.29499999
v -0.05123504 -0.77484626 0.29499999
v -0.04372640 -0.77480042 0.29499999
v -0.03648683 -0.77474779 0.29499999
v -0.02951110 -0.77468783 0.29499999
v -0.02279395 -0.77462018 0.29499999
v -0.01633015 -0.77454436 0.29499999
v -0.01011444 -0.77445996 0.29499999
v -0.00414159 -0.77436656 0.29499999
v -0.37227806 -0.42491394 0.29499999
v -0.36346078 -0.42492819 0.29499999
v -0.35440555 -0.42494085 0.29499999
v -0.34510916 -0.42495203 0.29499999
v -0.33556834 -0.42496178 0.29499999
v -0.32577983 -0.42497018 0.29499999
v -0.31574038 -0.42497736 0.29499999
v -0.30544671 -0.42498335 0.29499999
v -0.29489559 -0.42498827 0.29499999
v -0.28408375 -0.42499220 0.29499999
v -0.27300796 -0.42499524 0.29499999
v -0.26166496 -0.42499745 0.29499999
v -0.25005144 -0.42499894 0.29499999
v -0.23816422 -0.42499974 0.29499999
v -0.22600000 -0.42500001 0.29499999
v -0.21289203 -0.42500001 0.29499999
v -0.20010959 -0.42500016 0.29499999
v -0.18764846 -0.42500055 0.29499999
v -0.17550445 -0.42500129 0.29499999
v -0.16367333 -0.42500255 0.29499999
v -0.15215087 -0.42500439 0.29499999
v -0.14093287 -0.42500696 0.29499999
v -0.13001512 -0.42501038 0.29499999
v -0.11939337 -0.42501479 0.29499999
v -0.10906344 -0.42502028 0.29499999
v -0.09902109 -0.42502698 0.29499999
v -0.08926211 -0.42503506 0.29499999
v -0.07978229 -0.42504457 0.29499999
v -0.07057741 -0.42505565 0.29499999
v -0.06164325 -0.42506847 0.29499999
v -0.05297559 -0.42508307 0.29499999
v -0.04457022 -0.42509964 0.29499999
v -0.03642291 -0.42511830 0.29499999
v -0.02852947 -0.42513913 0.29499999
v -0.02088566 -0.42516226 0.29499999
v -0.01348727 -0.42518783 0.29499999
v -0.00633009 -0.42521596 0.29499999
v -1.50000000 2.09999990 -0.17500000
v -1.48042262 2.22360682 -0.17500000
v -1.42360675 2.33511400 -0.17500000
v -1.33511412 2.42360687 -0.17500000
v -1.22360682 2.48042250 -0.17500000
v -1.10000002 2.50000000 -0.17500000
v -0.24659033 1.85885131 -0.17500000
v -0.21986844 1.78101313 -0.17500000
v -0.16932039 1.71606898 -0.17500000
v -0.10042386 1.67105663 -0.17500000
v -0.02064484 1.65085387 -0.17500000
v -0.24659033 1.94114864 -0.17500000
v -0.21986844 2.01898694 -0.17500000
v -0.16932039 2.08393097 -0.17500000
v -0.10042386 2.12894344 -0.17500000
v -0.02064484 2.14914608 -0.17500000
v -0.99993157 0.00182855 0.17500000
v -0.99991691 0.02948675 0.17500000
v -0.99990034 0.05628926 0.17500000
v -0.99988168 0.08224971 0.17500000
v -0.99986088 0.10738174 0.17500000
v -0.99983776 0.13169898 0.17500000
v -0.99981219 0.15521508 0.17500000
v -0.99978405 0.17794366 0.17500000
v -0.99975324 0.19989836 0.17500000
v -0.99971962 0.22109282 0.17500000
v -0.99968308 0.24154069 0.17500000
v -0.99964350 0.26125556 0.17500000
v -0.99960077 0.28025112 0.17500000
v -0.99955475 0.29854098 0.17500000
v -0.99950534 0.31613874 0.17500000
v -0.99945235 0.33305812 0.17500000
v -0.99939579 0.34931269 0.17500000
v -0.99933541 0.36491609 0.17500000
v -0.99927109 0.37988201 0.17500000
v -0.99920285 0.39422402 0.17500000
v -0.99913037 0.40795577 0.17500000
v -0.99905372 0.42109093 0.17500000
v -0.99897265 0.43364310 0.17500000
v -0.99888706 0.44562593 0.17500000
v -0.99879688 0.45705307 0.17500000
v -0.99870193 0.46793813 0.17500000
v -0.99860209 0.47829476 0.17500000
v -0.99849731 0.48813659 0.17500000
v -0.99838740 0.49747726 0.17500000
v -0.99827224 0.50633043 0.17500000
v -0.99815178 0.51470965 0.17500000
v -0.99802577 0.52262866 0.17500000
v -0.99789423 0.53010106 0.17500000
v -0.99775696 0.53714043 0.17500000
v -0.99761379 0.54376048 0.17500000
v -0.99746472 0.54997486 0.17500000
v -0.99730951 0.55579710 0.17500000
v -0.99714816 0.56124097 0.17500000
v -0.99698043 0.56632000 0.17500000
v -0.99680626 0.57104784 0.17500000
v -0.99662554 0.57543820 0.17500000
v -0.99643809 0.57950461 0.17500000
v -0.99624383 0.58326077 0.17500000
v -0.99604267 0.58672035 0.17500000
v -0.99583441 0.58989692 0.17500000
v -0.99561900 0.59280413 0.17500000
v -0.99539632 0.59545565 0.17500000
v -0.99516612 0.59786505 0.17500000
v -0.99492848 0.60004604 0.17500000
v -0.99442995 0.60377717 0.17500000
v -0.99468309 0.60201216 0.17500000
v -0.99416888 0.60535461 0.17500000
v -0.99333704 0.60909814 0.17500000
v -0.99362260 0.60800147 0.17500000
v -0.99389982 0.60675818 0.17500000
v -0.99304312 0.61006182 0.17500000
v -0.99242967 0.61164469 0.17500000
v -0.99274069 0.61090612 0.17500000
v -0.99210984 0.61229122 0.17500000
v -0.99074042 0.61422908 0.17500000
v -0.99109650 0.61381453 0.17500000
v -0.99144340 0.61336249 0.17500000
v -0.99178112 0.61285925 0.17500000
v -0.99037498 0.61461967 0.17500000
v -0.99000001 0.61500001 0.17500000
v -0.98883647 0.61609650 0.17500000
v -0.98923552 0.61574042 0.17500000
v -0.98962045 0.61537498 0.17500000
v -0.98746645 0.61710984 0.17500000
v -0.98796064 0.61678112 0.17500000
v -0.98841441 0.61644340 0.17500000
v -0.98692298 0.61742967 0.17500000
v -0.98565322 0.61804312 0.17500000
v -0.98632151 0.61774069 0.17500000
v -0.98490942 0.61833704 0.17500000
v -0.98316008 0.61889982 0.17500000
v -0.98408133 0.61862260 0.17500000
v -0.98213702 0.61916888 0.17500000
v -0.97975028 0.61968309 0.17500000
v -0.98100334 0.61942995 0.17500000
v -0.97836906 0.61992848 0.17500000
v -0.97685093 0.62016612 0.17500000
v -0.97518712 0.62039632 0.17500000
v -0.97336882 0.62061900 0.17500000
v -0.97138727 0.62083441 0.17500000
v -0.96923375 0.62104267 0.17500000
v -0.96689945 0.62124383 0.17500000
v -0.96437562 0.62143809 0.17500000
v -0.96165353 0.62162554 0.17500000
v -0.95872432 0.62180626 0.17500000
v -0.95557928 0.62198043 0.17500000
v -0.95220965 0.62214816 0.17500000
v -0.94860667 0.62230951 0.17500000
v -0.94476151 0.62246472 0.17500000
v -0.94066548 0.62261379 0.17500000
v -0.93630975 0.62275696 0.17500000
v -0.93168557 0.62289423 0.17500000
v -0.92678416 0.62302577 0.17500000
v -0.92159677 0.62315178 0.17500000
v -0.91611469 0.62327224 0.17500000
v -0.91032904 0.62338740 0.17500000
v -0.90423113 0.62349731 0.17500000
v -0.89781213 0.62360209 0.17500000
v -0.89106333 0.62370193 0.17500000
v -0.88397592 0.62379688 0.17500000
v -0.87654120 0.62388706 0.17500000
v -0.86875033 0.62397265 0.17500000
v -0.86059457 0.62405372 0.17500000
v -0.85206509 0.62413037 0.17500000
v -0.84315324 0.62420285 0.17500000
v -0.83385020 0.62427109 0.17500000
v -0.82414716 0.62433541 0.17500000
v -0.81403542 0.62439579 0.17500000
v -0.80350614 0.62445235 0.17500000
v -0.79255062 0.62450534 0.17500000
v -0.78116006 0.62455475 0.17500000
v -0.76932567 0.62460077 0.17500000
v -0.75703871 0.62464350 0.17500000
v -0.84382433 0.83951056 0.17500000
v -0.84773284 0.84917474 0.17500000
v -0.84760094 0.84859103 0.17500000
v -0.84732234 0.84746999 0.17500000
v -0.84717554 0.84693164 0.17500000
v -0.84702355 0.84640735 0.17500000
v -0.84686637 0.84589660 0.17500000
v -0.84670389 0.84539890 0.17500000
v -0.84746408 0.84802300 0.17500000
v -0.84407002 0.83988005 0.17500000
v -0.84561282 0.84265751 0.17500000
v -0.84636271 0.84444052 0.17500000
v -0.84618378 0.84397882 0.17500000
v -0.84599924 0.84352815 0.17500000
v -0.84580892 0.84308785 0.17500000
v -0.84541082 0.84223664 0.17500000
v -0.84520280 0.84182465 0.17500000
v -0.84498876 0.84142101 0.17500000
v -0.84476852 0.84102523 0.17500000
v -0.84454203 0.84063685 0.17500000
v -0.84430927 0.84025526 0.17500000
v -0.84653604 0.84491372 0.17500000
v -0.84785998 0.84977460 0.17500000
v -0.84832221 0.85234571 0.17500000
v -0.84821343 0.85167611 0.17500000
v -0.84810019 0.85102475 0.17500000
v -0.84798241 0.85039109 0.17500000
v -0.84862280 0.85446888 0.17500000
v -0.84852684 0.85374159 0.17500000
v -0.84842670 0.85303402 0.17500000
v -0.84871459 0.85521650 0.17500000
v -0.84896630 0.85758615 0.17500000
v -0.84888631 0.85677463 0.17500000
v -0.84880245 0.85598493 0.17500000
v -0.84911507 0.85927683 0.17500000
v -0.84904253 0.85842007 0.17500000
v -0.84961617 0.86810201 0.17500000
v -0.84969413 0.87035829 0.17500000
v -0.84965652 0.86921591 0.17500000
v -0.84976143 0.87273091 0.17500000
v -0.84972906 0.87152982 0.17500000
v -0.84979135 0.87396210 0.17500000
v -0.84981877 0.87522393 0.17500000
v -0.84986681 0.87784147 0.17500000
v -0.84984392 0.87651688 0.17500000
v -0.84918404 0.86015695 0.17500000
v -0.84937012 0.86294287 0.17500000
v -0.84931147 0.86198950 0.17500000
v -0.84924948 0.86106104 0.17500000
v -0.84942549 0.86392176 0.17500000
v -0.84947771 0.86492658 0.17500000
v -0.84957296 0.86701620 0.17500000
v -0.84952688 0.86595786 0.17500000
v -0.84990627 0.88058782 0.17500000
v -0.84988755 0.87919831 0.17500000
v -0.84992296 0.88201046 0.17500000
v -0.84993774 0.88346690 0.17500000
v -0.84995073 0.88495761 0.17500000
v -0.84997159 0.88804376 0.17500000
v -0.84996200 0.88648301 0.17500000
v -0.84997964 0.88964027 0.17500000
v -0.84999138 0.89294273 0.17500000
v -0.84998620 0.89127308 0.17500000
v -0.84999532 0.89464974 0.17500000
v -0.84999949 0.89817786 0.17500000
v -0.84999794 0.89639461 0.17500000
v -0.85000002 0.89999998 0.17500000
v -0.84999949 0.90182215 0.17500000
v -0.84999794 0.90360540 0.17500000
v -0.84999532 0.90535027 0.17500000
v -0.84999138 0.90705729 0.17500000
v -0.84998620 0.90872693 0.17500000
v -0.84997964 0.91035974 0.17500000
v -0.84997159 0.91195625 0.17500000
v -0.84996200 0.91351700 0.17500000
v -0.84993774 0.91653311 0.17500000
v -0.84995073 0.91504240 0.17500000
v -0.84990627 0.91941220 0.17500000
v -0.84992296 0.91798949 0.17500000
v -0.84986681 0.92215848 0.17500000
v -0.84988755 0.92080170 0.17500000
v -0.84981877 0.92477608 0.17500000
v -0.84984392 0.92348313 0.17500000
v -0.84976143 0.92726910 0.17500000
v -0.84979135 0.92603791 0.17500000
v -0.84969413 0.92964166 0.17500000
v -0.84972906 0.92847019 0.17500000
v -0.84965652 0.93078411 0.17500000
v -0.84961617 0.93189800 0.17500000
v -0.84947771 0.93507344 0.17500000
v -0.84952688 0.93404216 0.17500000
v -0.84957296 0.93298382 0.17500000
v -0.84937012 0.93705714 0.17500000
v -0.84942549 0.93607825 0.17500000
v -0.84220886 0.83738667 0.17500000
v -0.84191525 0.83704329 0.17500000
v -0.84161448 0.83670163 0.17500000
v -0.84357202 0.83914638 0.17500000
v -0.84331310 0.83878696 0.17500000
v -0.84304738 0.83843184 0.17500000
v -0.84277481 0.83808041 0.17500000
v -0.84249532 0.83773214 0.17500000
v -0.84130645 0.83636105 0.17500000
v -0.84099108 0.83602113 0.17500000
v -0.83962095 0.83462507 0.17500000
v -0.83923924 0.83425957 0.17500000
v -0.83884883 0.83390349 0.17500000
v -0.83844376 0.83355665 0.17500000
v -0.83801794 0.83321893 0.17500000
v -0.83999997 0.83499998 0.17500000
v -0.84066826 0.83568138 0.17500000
v -0.84033793 0.83534116 0.17500000
v -0.83655620 0.83225930 0.17500000
v -0.83598739 0.83195686 0.17500000
v -0.83756542 0.83289021 0.17500000
v -0.83708018 0.83257037 0.17500000
v -0.83536780 0.83166295 0.17500000
v -0.83469141 0.83137745 0.17500000
v -0.83395219 0.83110017 0.17500000
v -0.83314413 0.83083111 0.17500000
v -0.83226115 0.83057004 0.17500000
v -0.82910299 0.82983387 0.17500000
v -0.83024663 0.83007157 0.17500000
v -0.82786036 0.82960373 0.17500000
v -0.82651281 0.82938099 0.17500000
v -0.83129734 0.83031690 0.17500000
v -0.82505435 0.82916558 0.17500000
v -0.82347882 0.82895732 0.17500000
v -0.82178032 0.82875615 0.17500000
v -0.81995279 0.82856190 0.17500000
v -0.81799018 0.82837451 0.17500000
v -0.81588656 0.82819372 0.17500000
v -0.81363583 0.82801956 0.17500000
v -0.81123197 0.82785189 0.17500000
v -0.80866903 0.82769048 0.17500000
v -0.80594099 0.82753527 0.17500000
v -0.80304176 0.82738620 0.17500000
v -0.79996538 0.82724309 0.17500000
v -0.79670578 0.82710576 0.17500000
v -0.79325700 0.82697421 0.17500000
v -0.78961301 0.82684821 0.17500000
v -0.78576779 0.82672775 0.17500000
v -0.78171527 0.82661259 0.17500000
v -0.77744949 0.82650268 0.17500000
v -0.77296442 0.82639790 0.17500000
v -0.76825404 0.82629806 0.17500000
v -0.76331234 0.82620311 0.17500000
v -0.75813329 0.82611293 0.17500000
v -0.75271088 0.82602733 0.17500000
v -0.84931147 0.93801051 0.17500000
v -0.84911507 0.94072318 0.17500000
v -0.84918404 0.93984300 0.17500000
v -0.84924948 0.93893898 0.17500000
v -0.84904253 0.94157994 0.17500000
v -0.84888631 0.94322538 0.17500000
v -0.84896630 0.94241381 0.17500000
v -0.84862280 0.94553107 0.17500000
v -0.84871459 0.94478351 0.17500000
v -0.84880245 0.94401509 0.17500000
v -0.84842670 0.94696599 0.17500000
v -0.84852684 0.94625843 0.17500000
v -0.84821343 0.94832385 0.17500000
v -0.84832221 0.94765431 0.17500000
v -0.84785998 0.95022541 0.17500000
v -0.84798241 0.94960892 0.17500000
v -0.84810019 0.94897527 0.17500000
v -0.84773284 0.95082527 0.17500000
v -0.84746408 0.95197701 0.17500000
v -0.84760094 0.95140898 0.17500000
v -0.84702355 0.95359266 0.17500000
v -0.84717554 0.95306838 0.17500000
v -0.84732234 0.95252997 0.17500000
v -0.84670389 0.95460111 0.17500000
v -0.84686637 0.95410341 0.17500000
v -0.84599924 0.95647186 0.17500000
v -0.84618378 0.95602113 0.17500000
v -0.84636271 0.95555949 0.17500000
v -0.84653604 0.95508629 0.17500000
v -0.84580892 0.95691216 0.17500000
v -0.84476852 0.95897478 0.17500000
v -0.84498876 0.95857900 0.17500000
v -0.84520280 0.95817536 0.17500000
v -0.84541082 0.95776337 0.17500000
v -0.84561282 0.95734245 0.17500000
v -0.84407002 0.96011996 0.17500000
v -0.84430927 0.95974475 0.17500000
v -0.84454203 0.95936316 0.17500000
v -0.84382433 0.96048945 0.17500000
v -0.84304738 0.96156818 0.17500000
v -0.84331310 0.96121299 0.17500000
v -0.84357202 0.96085364 0.17500000
v -0.84220886 0.96261334 0.17500000
v -0.84249532 0.96226782 0.17500000
v -0.84277481 0.96191961 0.17500000
v -0.84099108 0.96397883 0.17500000
v -0.84130645 0.96363890 0.17500000
v -0.84161448 0.96329838 0.17500000
v -0.84191525 0.96295673 0.17500000
v -0.84066826 0.96431863 0.17500000
v -0.84033793 0.96465886 0.17500000
v -0.83844376 0.96644336 0.17500000
v -0.83884883 0.96609652 0.17500000
v -0.83923924 0.96574044 0.17500000
v -0.83962095 0.96537495 0.17500000
v -0.83999997 0.96499997 0.17500000
v -0.83801794 0.96678108 0.17500000
v -0.83655620 0.96774071 0.17500000
v -0.83708018 0.96742964 0.17500000
v -0.83756542 0.96710980 0.17500000
v -0.83536780 0.96833706 0.17500000
v -0.83598739 0.96804315 0.17500000
v -0.83469141 0.96862257 0.17500000
v -0.83314413 0.96916890 0.17500000
v -0.83395219 0.96889979 0.17500000
v -0.83226115 0.96942997 0.17500000
v -0.83129734 0.96968311 0.17500000
v -0.82910299 0.97016615 0.17500000
v -0.83024663 0.96992844 0.17500000
v -0.82786036 0.97039628 0.17500000
v -0.82651281 0.97061902 0.17500000
v -0.82347882 0.97104269 0.17500000
v -0.82505435 0.97083443 0.17500000
v -0.82178032 0.97124386 0.17500000
v -0.81995279 0.97143811 0.17500000
v -0.81799018 0.97162551 0.17500000
v -0.81588656 0.97180623 0.17500000
v -0.81363583 0.97198039 0.17500000
v -0.81123197 0.97214812 0.17500000
v -0.80866903 0.97230953 0.17500000
v -0.80594099 0.97246468 0.17500000
v -0.80304176 0.97261381 0.17500000
v -0.79996538 0.97275692 0.17500000
v -0.79670578 0.97289425 0.17500000
v -0.79325700 0.97302580 0.17500000
v -0.78961301 0.97315174 0.17500000
v -0.78576779 0.97327226 0.17500000
v -0.78171527 0.97338742 0.17500000
v -0.77744949 0.97349733 0.17500000
v -0.77296442 0.97360212 0.17500000
v -0.76825404 0.97370195 0.17500000
v -0.76331234 0.97379684 0.17500000
v -0.75813329 0.97388709 0.17500000
v -0.75271088 0.97397262 0.17500000
v -0.99993157 0.00182855 0.29499999
v -0.99991691 0.02948675 0.29499999
v -0.99990034 0.05628926 0.29499999
v -0.99988168 0.08224971 0.29499999
v -0.99986088 0.10738174 0.29499999
v -0.99983776 0.13169898 0.29499999
v -0.99981219 0.15521508 0.29499999
v -0.99978405 0.17794366 0.29499999
v -0.99975324 0.19989836 0.29499999
v -0.99971962 0.22109282 0.29499999
v -0.99968308 0.24154069 0.29499999
v -0.99964350 0.26125556 0.29499999
v -0.99960077 0.28025112 0.29499999
v -0.99955475 0.29854098 0.29499999
v -0.99950534 0.31613874 0.29499999
v -0.99945235 0.33305812 0.29499999
v -0.99939579 0.34931269 0.29499999
v -0.99933541 0.36491609 0.29499999
v -0.99927109 0.37988201 0.29499999
v -0.99920285 0.39422402 0.29499999
v -0.99913037 0.40795577 0.29499999
v -0.99905372 0.42109093 0.29499999
v -0.99897265 0.43364310 0.29499999
v -0.99888706 0.44562593 0.29499999
v -0.99879688 0.45705307 0.29499999
v -0.99870193 0.46793813 0.29499999
v -0.99860209 0.47829476 0.29499999
v -0.99849731 0.48813659 0.29499999
v -0.99838740 0.49747726 0.29499999
v -0.99827224 0.50633043 0.29499999
v -0.99815178 0.51470965 0.29499999
v -0.99802577 0.52262866 0.29499999
v -0.99789423 0.53010106 0.29499999
v -0.99775696 0.53714043 0.29499999
v -0.99761379 0.54376048 0.29499999
v -0.99746472 0.54997486 0.29499999
v -0.99730951 0.55579710 0.29499999
v -0.99714816 0.56124097 0.29499999
v -0.99698043 0.56632000 0.29499999
v -0.99680626 0.57104784 0.29499999
v -0.99662554 0.57543820 0.29499999
v -0.99643809 0.57950461 0.29499999
v -0.99624383 0.58326077 0.29499999
v -0.99604267 0.58672035 0.29499999
v -0.99583441 0.58989692 0.29499999
v -0.99561900 0.59280413 0.29499999
v -0.99539632 0.59545565 0.29499999
v -0.99516612 0.59786505 0.29499999
v -0.99492848 0.60004604 0.29499999
v -0.99468309 0.60201216 0.29499999
v -0.99442995 0.60377717 0.29499999
v -0.99416888 0.60535461 0.29499999
v -0.99389982 0.60675818 0.29499999
v -0.99333704 0.60909814 0.29499999
v -0.99362260 0.60800147 0.29499999
v -0.99304312 0.61006182 0.29499999
v -0.99242967 0.61164469 0.29499999
v -0.99274069 0.61090612 0.29499999
v -0.99210984 0.61229122 0.29499999
v -0.99037498 0.61461967 0.29499999
v -0.99074042 0.61422908 0.29499999
v -0.99109650 0.61381453 0.29499999
v -0.99144340 0.61336249 0.29499999
v -0.99178112 0.61285925 0.29499999
v -0.99000001 0.61500001 0.29499999
v -0.98841441 0.61644340 0.29499999
v -0.98883647 0.61609650 0.29499999
v -0.98923552 0.61574042 0.29499999
v -0.98962045 0.61537498 0.29499999
v -0.98746645 0.61710984 0.29499999
v -0.98796064 0.61678112 0.29499999
v -0.98692298 0.61742967 0.29499999
v -0.98632151 0.61774069 0.29499999
v -0.98490942 0.61833704 0.29499999
v -0.98565322 0.61804312 0.29499999
v -0.98316008 0.61889982 0.29499999
v -0.98408133 0.61862260 0.29499999
v -0.98213702 0.61916888 0.29499999
v -0.98100334 0.61942995 0.29499999
v -0.97975028 0.61968309 0.29499999
v -0.97836906 0.61992848 0.29499999
v -0.97685093 0.62016612 0.29499999
v -0.97518712 0.62039632 0.29499999
v -0.97336882 0.62061900 0.29499999
v -0.97138727 0.62083441 0.29499999
v -0.96923375 0.62104267 0.29499999
v -0.96689945 0.62124383 0.29499999
v -0.96437562 0.62143809 0.29499999
v -0.96165353 0.62162554 0.29499999
v -0.95872432 0.62180626 0.29499999
v -0.95557928 0.62198043 0.29499999
v -0.95220965 0.62214816 0.29499999
v -0.94860667 0.62230951 0.29499999
v -0.94476151 0.62246472 0.29499999
v -0.94066548 0.62261379 0.29499999
v -0.93630975 0.62275696 0.29499999
v -0.93168557 0.62289423 0.29499999
v -0.92678416 0.62302577 0.29499999
v -0.92159677 0.62315178 0.29499999
v -0.91611469 0.62327224 0.29499999
v -0.91032904 0.62338740 0.29499999
v -0.90423113 0.62349731 0.29499999
v -0.89781213 0.62360209 0.29499999
v -0.89106333 0.62370193 0.29499999
v -0.88397592 0.62379688 0.29499999
v -0.87654120 0.62388706 0.29499999
v -0.86875033 0.62397265 0.29499999
v -0.86059457 0.62405372 0.29499999
v -0.85206509 0.62413037 0.29499999
v -0.84315324 0.62420285 0.29499999
v -0.83385020 0.62427109 0.29499999
v -0.82414716 0.62433541 0.29499999
v -0.81403542 0.62439579 0.29499999
v -0.80350614 0.62445235 0.29499999
v -0.79255062 0.62450534 0.29499999
v -0.78116006 0.62455475 0.29499999
v -0.76932567 0.62460077 0.29499999
v -0.75703871 0.62464350 0.29499999
v -0.84382433 0.83951056 0.29499999
v -0.84773284 0.84917474 0.29499999
v -0.84670389 0.84539890 0.29499999
v -0.84746408 0.84802300 0.29499999
v -0.84732234 0.84746999 0.29499999
v -0.84717554 0.84693164 0.29499999
v -0.84702355 0.84640735 0.29499999
v -0.84686637 0.84589660 0.29499999
v -0.84760094 0.84859103 0.29499999
v -0.84430927 0.84025526 0.29499999
v -0.84407002 0.83988005 0.29499999
v -0.84636271 0.84444052 0.29499999
v -0.84618378 0.84397882 0.29499999
v -0.84599924 0.84352815 0.29499999
v -0.84580892 0.84308785 0.29499999
v -0.84561282 0.84265751 0.29499999
v -0.84541082 0.84223664 0.29499999
v -0.84520280 0.84182465 0.29499999
v -0.84498876 0.84142101 0.29499999
v -0.84476852 0.84102523 0.29499999
v -0.84454203 0.84063685 0.29499999
v -0.84653604 0.84491372 0.29499999
v -0.84798241 0.85039109 0.29499999
v -0.84785998 0.84977460 0.29499999
v -0.84842670 0.85303402 0.29499999
v -0.84832221 0.85234571 0.29499999
v -0.84821343 0.85167611 0.29499999
v -0.84810019 0.85102475 0.29499999
v -0.84862280 0.85446888 0.29499999
v -0.84852684 0.85374159 0.29499999
v -0.84871459 0.85521650 0.29499999
v -0.84904253 0.85842007 0.29499999
v -0.84896630 0.85758615 0.29499999
v -0.84888631 0.85677463 0.29499999
v -0.84880245 0.85598493 0.29499999
v -0.84911507 0.85927683 0.29499999
v -0.84961617 0.86810201 0.29499999
v -0.84969413 0.87035829 0.29499999
v -0.84965652 0.86921591 0.29499999
v -0.84979135 0.87396210 0.29499999
v -0.84976143 0.87273091 0.29499999
v -0.84972906 0.87152982 0.29499999
v -0.84984392 0.87651688 0.29499999
v -0.84981877 0.87522393 0.29499999
v -0.84986681 0.87784147 0.29499999
v -0.84924948 0.86106104 0.29499999
v -0.84918404 0.86015695 0.29499999
v -0.84937012 0.86294287 0.29499999
v -0.84931147 0.86198950 0.29499999
v -0.84942549 0.86392176 0.29499999
v -0.84952688 0.86595786 0.29499999
v -0.84947771 0.86492658 0.29499999
v -0.84957296 0.86701620 0.29499999
v -0.84988755 0.87919831 0.29499999
v -0.84990627 0.88058782 0.29499999
v -0.84993774 0.88346690 0.29499999
v -0.84992296 0.88201046 0.29499999
v -0.84996200 0.88648301 0.29499999
v -0.84995073 0.88495761 0.29499999
v -0.84997159 0.88804376 0.29499999
v -0.84998620 0.89127308 0.29499999
v -0.84997964 0.88964027 0.29499999
v -0.84999138 0.89294273 0.29499999
v -0.84999532 0.89464974 0.29499999
v -0.84999794 0.89639461 0.29499999
v -0.84999949 0.89817786 0.29499999
v -0.84999949 0.90182215 0.29499999
v -0.85000002 0.89999998 0.29499999
v -0.84999794 0.90360540 0.29499999
v -0.84999138 0.90705729 0.29499999
v -0.84999532 0.90535027 0.29499999
v -0.84998620 0.90872693 0.29499999
v -0.84997159 0.91195625 0.29499999
v -0.84997964 0.91035974 0.29499999
v -0.84995073 0.91504240 0.29499999
v -0.84996200 0.91351700 0.29499999
v -0.84993774 0.91653311 0.29499999
v -0.84992296 0.91798949 0.29499999
v -0.84990627 0.91941220 0.29499999
v -0.84986681 0.92215848 0.29499999
v -0.84988755 0.92080170 0.29499999
v -0.84981877 0.92477608 0.29499999
v -0.84984392 0.92348313 0.29499999
v -0.84976143 0.92726910 0.29499999
v -0.84979135 0.92603791 0.29499999
v -0.84965652 0.93078411 0.29499999
v -0.84969413 0.92964166 0.29499999
v -0.84972906 0.92847019 0.29499999
v -0.84961617 0.93189800 0.29499999
v -0.84957296 0.93298382 0.29499999
v -0.84942549 0.93607825 0.29499999
v -0.84947771 0.93507344 0.29499999
v -0.84952688 0.93404216 0.29499999
v -0.84937012 0.93705714 0.29499999
v -0.84249532 0.83773214 0.29499999
v -0.84220886 0.83738667 0.29499999
v -0.84191525 0.83704329 0.29499999
v -0.84357202 0.83914638 0.29499999
v -0.84331310 0.83878696 0.29499999
v -0.84304738 0.83843184 0.29499999
v -0.84277481 0.83808041 0.29499999
v -0.84161448 0.83670163 0.29499999
v -0.84130645 0.83636105 0.29499999
v -0.84099108 0.83602113 0.29499999
v -0.83962095 0.83462507 0.29499999
v -0.83923924 0.83425957 0.29499999
v -0.83884883 0.83390349 0.29499999
v -0.83844376 0.83355665 0.29499999
v -0.83801794 0.83321893 0.29499999
v -0.83999997 0.83499998 0.29499999
v -0.84066826 0.83568138 0.29499999
v -0.84033793 0.83534116 0.29499999
v -0.83708018 0.83257037 0.29499999
v -0.83655620 0.83225930 0.29499999
v -0.83598739 0.83195686 0.29499999
v -0.83756542 0.83289021 0.29499999
v -0.83536780 0.83166295 0.29499999
v -0.83469141 0.83137745 0.29499999
v -0.83395219 0.83110017 0.29499999
v -0.83314413 0.83083111 0.29499999
v -0.83226115 0.83057004 0.29499999
v -0.83024663 0.83007157 0.29499999
v -0.82910299 0.82983387 0.29499999
v -0.82786036 0.82960373 0.29499999
v -0.82651281 0.82938099 0.29499999
v -0.83129734 0.83031690 0.29499999
v -0.82505435 0.82916558 0.29499999
v -0.82347882 0.82895732 0.29499999
v -0.82178032 0.82875615 0.29499999
v -0.81995279 0.82856190 0.29499999
v -0.81799018 0.82837451 0.29499999
v -0.81588656 0.82819372 0.29499999
v -0.81363583 0.82801956 0.29499999
v -0.81123197 0.82785189 0.29499999
v -0.80866903 0.82769048 0.29499999
v -0.80594099 0.82753527 0.29499999
v -0.80304176 0.82738620 0.29499999
v -0.79996538 0.82724309 0.29499999
v -0.79670578 0.82710576 0.29499999
v -0.79325700 0.82697421 0.29499999
v -0.78961301 0.82684821 0.29499999
v -0.78576779 0.82672775 0.29499999
v -0.78171527 0.82661259 0.29499999
v -0.77744949 0.82650268 0.29499999
v -0.77296442 0.82639790 0.29499999
v -0.76825404 0.82629806 0.29499999
v -0.76331234 0.82620311 0.29499999
v -0.75813329 0.82611293 0.29499999
v -0.75271088 0.82602733 0.29499999
v -0.84931147 0.93801051 0.29499999
v -0.84911507 0.94072318 0.29499999
v -0.84918404 0.93984300 0.29499999
v -0.84924948 0.93893898 0.29499999
v -0.84904253 0.94157994 0.29499999
v -0.84888631 0.94322538 0.29499999
v -0.84896630 0.94241381 0.29499999
v -0.84852684 0.94625843 0.29499999
v -0.84862280 0.94553107 0.29499999
v -0.84871459 0.94478351 0.29499999
v -0.84880245 0.94401509 0.29499999
v -0.84842670 0.94696599 0.29499999
v -0.84810019 0.94897527 0.29499999
v -0.84821343 0.94832385 0.29499999
v -0.84832221 0.94765431 0.29499999
v -0.84773284 0.95082527 0.29499999
v -0.84785998 0.95022541 0.29499999
v -0.84798241 0.94960892 0.29499999
v -0.84760094 0.95140898 0.29499999
v -0.84746408 0.95197701 0.29499999
v -0.84686637 0.95410341 0.29499999
v -0.84702355 0.95359266 0.29499999
v -0.84717554 0.95306838 0.29499999
v -0.84732234 0.95252997 0.29499999
v -0.84670389 0.95460111 0.29499999
v -0.84599924 0.95647186 0.29499999
v -0.84618378 0.95602113 0.29499999
v -0.84636271 0.95555949 0.29499999
v -0.84653604 0.95508629 0.29499999
v -0.84580892 0.95691216 0.29499999
v -0.84454203 0.95936316 0.29499999
v -0.84476852 0.95897478 0.29499999
v -0.84498876 0.95857900 0.29499999
v -0.84520280 0.95817536 0.29499999
v -0.84541082 0.95776337 0.29499999
v -0.84561282 0.95734245 0.29499999
v -0.84382433 0.96048945 0.29499999
v -0.84407002 0.96011996 0.29499999
v -0.84430927 0.95974475 0.29499999
v -0.84304738 0.96156818 0.29499999
v -0.84331310 0.96121299 0.29499999
v -0.84357202 0.96085364 0.29499999
v -0.84277481 0.96191961 0.29499999
v -0.84191525 0.96295673 0.29499999
v -0.84220886 0.96261334 0.29499999
v -0.84249532 0.96226782 0.29499999
v -0.84099108 0.96397883 0.29499999
v -0.84130645 0.96363890 0.29499999
v -0.84161448 0.96329838 0.29499999
v -0.84066826 0.96431863 0.29499999
v -0.83999997 0.96499997 0.29499999
v -0.84033793 0.96465886 0.29499999
v -0.83801794 0.96678108 0.29499999
v -0.83844376 0.96644336 0.29499999
v -0.83884883 0.96609652 0.29499999
v -0.83923924 0.96574044 0.29499999
v -0.83962095 0.96537495 0.29499999
v -0.83756542 0.96710980 0.29499999
v -0.83598739 0.96804315 0.29499999
v -0.83655620 0.96774071 0.29499999
v -0.83708018 0.96742964 0.29499999
v -0.83536780 0.96833706 0.29499999
v -0.83469141 0.96862257 0.29499999
v -0.83226115 0.96942997 0.29499999
v -0.83314413 0.96916890 0.29499999
v -0.83395219 0.96889979 0.29499999
v -0.83129734 0.96968311 0.29499999
v -0.83024663 0.96992844 0.29499999
v -0.82910299 0.97016615 0.29499999
v -0.82651281 0.97061902 0.29499999
v -0.82786036 0.97039628 0.29499999
v -0.82505435 0.97083443 0.29499999
v -0.82347882 0.97104269 0.29499999
v -0.82178032 0.97124386 0.29499999
v -0.81995279 0.97143811 0.29499999
v -0.81799018 0.97162551 0.29499999
v -0.81588656 0.97180623 0.29499999
v -0.81363583 0.97198039 0.29499999
v -0.81123197 0.97214812 0.29499999
v -0.80866903 0.97230953 0.29499999
v -0.80594099 0.97246468 0.29499999
v -0.80304176 0.97261381 0.29499999
v -0.79996538 0.97275692 0.29499999
v -0.79670578 0.97289425 0.29499999
v -0.79325700 0.97302580 0.29499999
v -0.78961301 0.97315174 0.29499999
v -0.78576779 0.97327226 0.29499999
v -0.78171527 0.97338742 0.29499999
v -0.77744949 0.97349733 0.29499999
v -0.77296442 0.97360212 0.29499999
v -0.76825404 0.97370195 0.29499999
v -0.76331234 0.97379684 0.29499999
v -0.75813329 0.97388709 0.29499999
v -0.75271088 0.97397262 0.29499999
v -1.50000000 2.09999990 0.17500000
v -1.48042262 2.22360682 0.17500000
v -1.42360675 2.33511400 0.17500000
v -1.33511412 2.42360687 0.17500000
v -1.22360682 2.48042250 0.17500000
v -1.10000002 2.50000000 0.17500000
v -0.59992701 0.00180405 0.17500000
v -0.59991151 0.00983366 0.17500000
v -0.59989423 0.01765604 0.17500000
v -0.59987515 0.02527397 0.17500000
v -0.59985417 0.03269026 0.17500000
v -0.59983122 0.03990772 0.17500000
v -0.59980625 0.04692912 0.17500000
v -0.59977919 0.05375729 0.17500000
v -0.59974998 0.06039501 0.17500000
v -0.59971845 0.06684508 0.17500000
v -0.59968472 0.07311030 0.17500000
v -0.59964854 0.07919348 0.17500000
v -0.59960997 0.08509741 0.17500000
v -0.59956890 0.09082488 0.17500000
v -0.59952527 0.09637871 0.17500000
v -0.59947896 0.10176168 0.17500000
v -0.59943002 0.10697660 0.17500000
v -0.59937823 0.11202626 0.17500000
v -0.59932369 0.11691347 0.17500000
v -0.59926617 0.12164102 0.17500000
v -0.59920573 0.12621172 0.17500000
v -0.59914225 0.13062835 0.17500000
v -0.59907562 0.13489372 0.17500000
v -0.59900588 0.13901064 0.17500000
v -0.59893286 0.14298189 0.17500000
v -0.59885657 0.14681028 0.17500000
v -0.59877688 0.15049860 0.17500000
v -0.59869379 0.15404966 0.17500000
v -0.59860712 0.15746625 0.17500000
v -0.59851694 0.16075118 0.17500000
v -0.59842312 0.16390724 0.17500000
v -0.59832561 0.16693723 0.17500000
v -0.59822428 0.16984394 0.17500000
v -0.59811914 0.17263019 0.17500000
v -0.59801006 0.17529877 0.17500000
v -0.59789705 0.17785247 0.17500000
v -0.59777999 0.18029410 0.17500000
v -0.59765881 0.18262646 0.17500000
v -0.59753346 0.18485233 0.17500000
v -0.59740388 0.18697453 0.17500000
v -0.59726995 0.18899585 0.17500000
v -0.59713167 0.19091909 0.17500000
v -0.59698898 0.19274706 0.17500000
v -0.59684175 0.19448254 0.17500000
v -0.59668994 0.19612832 0.17500000
v -0.59653348 0.19768724 0.17500000
v -0.59637237 0.19916207 0.17500000
v -0.59620643 0.20055562 0.17500000
v -0.59603566 0.20187066 0.17500000
v -0.59585994 0.20311004 0.17500000
v -0.59567928 0.20427652 0.17500000
v -0.59549361 0.20537291 0.17500000
v -0.59530276 0.20640200 0.17500000
v -0.59510678 0.20736662 0.17500000
v -0.59490556 0.20826954 0.17500000
v -0.59469903 0.20911355 0.17500000
v -0.59448707 0.20990148 0.17500000
v -0.59426969 0.21063611 0.17500000
v -0.59404683 0.21132024 0.17500000
v -0.59381837 0.21195668 0.17500000
v -0.59358424 0.21254821 0.17500000
v -0.59334439 0.21309765 0.17500000
v -0.59309876 0.21360777 0.17500000
v -0.59284735 0.21408141 0.17500000
v -0.59258997 0.21452133 0.17500000
v -0.59232658 0.21493036 0.17500000
v -0.59205723 0.21531129 0.17500000
v -0.59178168 0.21566689 0.17500000
v -0.59149998 0.21600001 0.17500000
v -0.59120709 0.21631895 0.17500000
v -0.59089428 0.21663031 0.17500000
v -0.59055620 0.21693416 0.17500000
v -0.59018737 0.21723059 0.17500000
v -0.58978236 0.21751969 0.17500000
v -0.58933574 0.21780156 0.17500000
v -0.58884203 0.21807627 0.17500000
v -0.58829588 0.21834396 0.17500000
v -0.58769172 0.21860467 0.17500000
v -0.58702421 0.21885851 0.17500000
v -0.58628792 0.21910557 0.17500000
v -0.58547735 0.21934594 0.17500000
v -0.58458704 0.21957973 0.17500000
v -0.58361167 0.21980700 0.17500000
v -0.58254564 0.22002786 0.17500000
v -0.58138365 0.22024241 0.17500000
v -0.58012021 0.22045071 0.17500000
v -0.57874984 0.22065289 0.17500000
v -0.57726711 0.22084901 0.17500000
v -0.57566667 0.22103918 0.17500000
v -0.57394296 0.22122347 0.17500000
v -0.57209063 0.22140200 0.17500000
v -0.57010418 0.22157484 0.17500000
v -0.56797826 0.22174209 0.17500000
v -0.56570727 0.22190385 0.17500000
v -0.56328595 0.22206019 0.17500000
v -0.74429041 0.62468308 0.17500000
v -0.73107201 0.62471962 0.17500000
v -0.71737474 0.62475324 0.17500000
v -0.70318979 0.62478405 0.17500000
v -0.68850845 0.62481219 0.17500000
v -0.67332190 0.62483776 0.17500000
v -0.65762144 0.62486088 0.17500000
v -0.64139825 0.62488168 0.17500000
v -0.62464356 0.62490034 0.17500000
v -0.60734856 0.62491691 0.17500000
v -0.58950460 0.62493157 0.17500000
v -0.57110286 0.62494433 0.17500000
v -0.56070870 0.22221121 0.17500000
v -0.55797023 0.22235700 0.17500000
v -0.55506498 0.22249766 0.17500000
v -0.55198753 0.22263327 0.17500000
v -0.54873252 0.22276394 0.17500000
v -0.54529446 0.22288974 0.17500000
v -0.54166788 0.22301078 0.17500000
v -0.53784740 0.22312713 0.17500000
v -0.53382748 0.22323889 0.17500000
v -0.52960283 0.22334616 0.17500000
v -0.52516788 0.22344902 0.17500000
v -0.52051729 0.22354756 0.17500000
v -0.51564550 0.22364189 0.17500000
v -0.51054716 0.22373208 0.17500000
v -0.50521684 0.22381824 0.17500000
v -0.49964905 0.22390044 0.17500000
v -0.49383837 0.22397879 0.17500000
v -0.48777938 0.22405337 0.17500000
v -0.48146659 0.22412428 0.17500000
v -0.47489461 0.22419159 0.17500000
v -0.46805796 0.22425543 0.17500000
v -0.46095124 0.22431585 0.17500000
v -0.45356899 0.22437297 0.17500000
v -0.44590577 0.22442687 0.17500000
v -0.43795615 0.22447763 0.17500000
v -0.42971468 0.22452538 0.17500000
v -0.42117593 0.22457017 0.17500000
v -0.41233444 0.22461210 0.17500000
v -0.40318480 0.22465128 0.17500000
v -0.39372155 0.22468777 0.17500000
v -0.38393924 0.22472170 0.17500000
v -0.55213457 0.62495542 0.17500000
v -0.53259093 0.62496495 0.17500000
v -0.51246315 0.62497300 0.17500000
v -0.49174255 0.62497973 0.17500000
v -0.47042030 0.62498522 0.17500000
v -0.44848767 0.62498963 0.17500000
v -0.42593586 0.62499303 0.17500000
v -0.40275612 0.62499559 0.17500000
v -0.37893969 0.62499744 0.17500000
v -0.74703908 0.82594627 0.17500000
v -0.74111187 0.82586962 0.17500000
v -0.73492324 0.82579720 0.17500000
v -0.72846723 0.82572889 0.17500000
v -0.72173774 0.82566464 0.17500000
v -0.71472871 0.82560426 0.17500000
v -0.70743430 0.82554764 0.17500000
v -0.69984829 0.82549465 0.17500000
v -0.69196481 0.82544523 0.17500000
v -0.68377775 0.82539922 0.17500000
v -0.67528117 0.82535648 0.17500000
v -0.66646904 0.82531691 0.17500000
v -0.65733522 0.82528037 0.17500000
v -0.64787388 0.82524675 0.17500000
v -0.63807887 0.82521600 0.17500000
v -0.62794417 0.82518786 0.17500000
v -0.61746389 0.82516223 0.17500000
v -0.60663188 0.82513911 0.17500000
v -0.59544212 0.82511830 0.17500000
v -0.58388871 0.82509965 0.17500000
v -0.57196552 0.82508308 0.17500000
v -0.74703908 0.97405368 0.17500000
v -0.74111187 0.97413039 0.17500000
v -0.73492324 0.97420281 0.17500000
v -0.72846723 0.97427112 0.17500000
v -0.72173774 0.97433537 0.17500000
v -0.71472871 0.97439575 0.17500000
v -0.70743430 0.97445238 0.17500000
v -0.69984829 0.97450531 0.17500000
v -0.69196481 0.97455478 0.17500000
v -0.68377775 0.97460079 0.17500000
v -0.67528117 0.97464353 0.17500000
v -0.66646904 0.97468311 0.17500000
v -0.65733522 0.97471964 0.17500000
v -0.64787388 0.97475320 0.17500000
v -0.63807887 0.97478402 0.17500000
v -0.62794417 0.97481215 0.17500000
v -0.61746389 0.97483772 0.17500000
v -0.60663188 0.97486091 0.17500000
v -0.59544212 0.97488171 0.17500000
v -0.58388871 0.97490036 0.17500000
v -0.57196552 0.97491693 0.17500000
v -0.55966663 0.82506847 0.17500000
v -0.54698592 0.82505566 0.17500000
v -0.53391743 0.82504457 0.17500000
v -0.52045512 0.82503504 0.17500000
v -0.50659299 0.82502699 0.17500000
v -0.49232504 0.82502025 0.17500000
v -0.47764519 0.82501477 0.17500000
v -0.46254748 0.82501036 0.17500000
v -0.44702587 0.82500696 0.17500000
v -0.43107435 0.82500440 0.17500000
v -0.41468689 0.82500255 0.17500000
v -0.39785749 0.82500130 0.17500000
v -0.38058013 0.82500052 0.17500000
v -0.55966663 0.97493154 0.17500000
v -0.54698592 0.97494435 0.17500000
v -0.53391743 0.97495544 0.17500000
v -0.52045512 0.97496498 0.17500000
v -0.50659299 0.97497302 0.17500000
v -0.49232504 0.97497970 0.17500000
v -0.47764519 0.97498524 0.17500000
v -0.46254748 0.97498959 0.17500000
v -0.44702587 0.97499305 0.17500000
v -0.43107435 0.97499561 0.17500000
v -0.41468689 0.97499746 0.17500000
v -0.39785749 0.97499871 0.17500000
v -0.38058013 0.97499943 0.17500000
v -0.37383246 0.22475313 0.17500000
v -0.36339575 0.22478217 0.17500000
v -0.35262367 0.22480890 0.17500000
v -0.34151077 0.22483341 0.17500000
v -0.33005166 0.22485581 0.17500000
v -0.31824085 0.22487617 0.17500000
v -0.30607292 0.22489458 0.17500000
v -0.29354241 0.22491115 0.17500000
v -0.28064391 0.22492597 0.17500000
v -0.26737195 0.22493911 0.17500000
v -0.25372115 0.22495067 0.17500000
v -0.23968598 0.22496076 0.17500000
v -0.22526108 0.22496945 0.17500000
v -0.21044096 0.22497682 0.17500000
v -0.19522020 0.22498301 0.17500000
v -0.35447776 0.62499869 0.17500000
v -0.32936159 0.62499946 0.17500000
v -0.30358243 0.62499982 0.17500000
v -0.19641757 0.62499982 0.17500000
v -0.17959337 0.22498806 0.17500000
v -0.16355501 0.22499210 0.17500000
v -0.14709969 0.22499518 0.17500000
v -0.13022196 0.22499743 0.17500000
v -0.11291640 0.22499892 0.17500000
v -0.09517756 0.22499974 0.17500000
v -0.07700000 0.22499999 0.17500000
v -0.05613589 0.22499888 0.17500000
v -0.03584199 0.22499581 0.17500000
v -0.01611022 0.22499123 0.17500000
v -0.17063840 0.62499946 0.17500000
v -0.14552224 0.62499869 0.17500000
v -0.12106032 0.62499744 0.17500000
v -0.09724388 0.62499559 0.17500000
v -0.07406414 0.62499303 0.17500000
v -0.05151233 0.62498963 0.17500000
v -0.02957969 0.62498522 0.17500000
v -0.00825745 0.62497973 0.17500000
v -0.36284876 0.82500017 0.17500000
v -0.32600001 0.82499999 0.17500000
v -0.31550446 0.82500094 0.17500000
v -0.30505723 0.82500380 0.17500000
v -0.29466048 0.82500857 0.17500000
v -0.28431639 0.82501513 0.17500000
v -0.27402714 0.82502353 0.17500000
v -0.26379490 0.82503372 0.17500000
v -0.25362185 0.82504570 0.17500000
v -0.24351016 0.82505947 0.17500000
v -0.23346198 0.82507491 0.17500000
v -0.22347949 0.82509208 0.17500000
v -0.21356487 0.82511091 0.17500000
v -0.20372030 0.82513142 0.17500000
v -0.19394794 0.82515359 0.17500000
v -0.36284876 0.97499985 0.17500000
v -0.32600001 0.97500002 0.17500000
v -0.31550446 0.97499907 0.17500000
v -0.30505723 0.97499621 0.17500000
v -0.29466048 0.97499144 0.17500000
v -0.28431639 0.97498488 0.17500000
v -0.27402714 0.97497648 0.17500000
v -0.26379490 0.97496629 0.17500000
v -0.25362185 0.97495431 0.17500000
v -0.24351016 0.97494054 0.17500000
v -0.23346198 0.97492510 0.17500000
v -0.22347949 0.97490793 0.17500000
v -0.21356487 0.97488910 0.17500000
v -0.20372030 0.97486860 0.17500000
v -0.19394794 0.97484642 0.17500000
v -0.18424997 0.82517731 0.17500000
v -0.17462856 0.82520264 0.17500000
v -0.16508587 0.82522953 0.17500000
v -0.15562408 0.82525790 0.17500000
v -0.14624538 0.82528782 0.17500000
v -0.13695191 0.82531923 0.17500000
v -0.12774587 0.82535207 0.17500000
v -0.11862941 0.82538640 0.17500000
v -0.10960472 0.82542211 0.17500000
v -0.10067397 0.82545924 0.17500000
v -0.09183933 0.82549769 0.17500000
v -0.08310296 0.82553750 0.17500000
v -0.07446705 0.82557857 0.17500000
v -0.06593376 0.82562101 0.17500000
v -0.05750527 0.82566470 0.17500000
v -0.04918375 0.82570958 0.17500000
v -0.04097137 0.82575572 0.17500000
v -0.03287030 0.82580304 0.17500000
v -0.02488272 0.82585156 0.17500000
v -0.01701080 0.82590115 0.17500000
v -0.00925671 0.82595193 0.17500000
v -0.00162262 0.82600379 0.17500000
v -0.18424997 0.97482270 0.17500000
v -0.17462856 0.97479737 0.17500000
v -0.16508587 0.97477049 0.17500000
v -0.15562408 0.97474211 0.17500000
v -0.14624538 0.97471219 0.17500000
v -0.13695191 0.97468078 0.17500000
v -0.12774587 0.97464788 0.17500000
v -0.11862941 0.97461361 0.17500000
v -0.10960472 0.97457790 0.17500000
v -0.10067397 0.97454077 0.17500000
v -0.09183933 0.97450233 0.17500000
v -0.08310296 0.97446251 0.17500000
v -0.07446705 0.97442138 0.17500000
v -0.06593376 0.97437900 0.17500000
v -0.05750527 0.97433531 0.17500000
v -0.04918375 0.97429043 0.17500000
v -0.04097137 0.97424430 0.17500000
v -0.03287030 0.97419697 0.17500000
v -0.02488272 0.97414845 0.17500000
v -0.01701080 0.97409880 0.17500000
v -0.00925671 0.97404808 0.17500000
v -0.00162262 0.97399622 0.17500000
v -0.59992701 0.00180405 0.29499999
v -0.59991151 0.00983366 0.29499999
v -0.59989423 0.01765604 0.29499999
v -0.59987515 0.02527397 0.29499999
v -0.59985417 0.03269026 0.29499999
v -0.59983122 0.03990772 0.29499999
v -0.59980625 0.04692912 0.29499999
v -0.59977919 0.05375729 0.29499999
v -0.59974998 0.06039501 0.29499999
v -0.59971845 0.06684508 0.29499999
v -0.59968472 0.07311030 0.29499999
v -0.59964854 0.07919348 0.29499999
v -0.59960997 0.08509741 0.29499999
v -0.59956890 0.09082488 0.29499999
v -0.59952527 0.09637871 0.29499999
v -0.59947896 0.10176168 0.29499999
v -0.59943002 0.10697660 0.29499999
v -0.59937823 0.11202626 0.29499999
v -0.59932369 0.11691347 0.29499999
v -0.59926617 0.12164102 0.29499999
v -0.59920573 0.12621172 0.29499999
v -0.59914225 0.13062835 0.29499999
v -0.59907562 0.13489372 0.29499999
v -0.59900588 0.13901064 0.29499999
v -0.59893286 0.14298189 0.29499999
v -0.59885657 0.14681028 0.29499999
v -0.59877688 0.15049860 0.29499999
v -0.59869379 0.15404966 0.29499999
v -0.59860712 0.15746625 0.29499999
v -0.59851694 0.16075118 0.29499999
v -0.59842312 0.16390724 0.29499999
v -0.59832561 0.16693723 0.29499999
v -0.59822428 0.16984394 0.29499999
v -0.59811914 0.17263019 0.29499999
v -0.59801006 0.17529877 0.29499999
v -0.59789705 0.17785247 0.29499999
v -0.59777999 0.18029410 0.29499999
v -0.59765881 0.18262646 0.29499999
v -0.59753346 0.18485233 0.29499999
v -0.59740388 0.18697453 0.29499999
v -0.59726995 0.18899585 0.29499999
v -0.59713167 0.19091909 0.29499999
v -0.59698898 0.19274706 0.29499999
v -0.59684175 0.19448254 0.29499999
v -0.59668994 0.19612832 0.29499999
v -0.59653348 0.19768724 0.29499999
v -0.59637237 0.19916207 0.29499999
v -0.59620643 0.20055562 0.29499999
v -0.59603566 0.20187066 0.29499999
v -0.59585994 0.20311004 0.29499999
v -0.59567928 0.20427652 0.29499999
v -0.59549361 0.20537291 0.29499999
v -0.59530276 0.20640200 0.29499999
v -0.59510678 0.20736662 0.29499999
v -0.59490556 0.20826954 0.29499999
v -0.59469903 0.20911355 0.29499999
v -0.59448707 0.20990148 0.29499999
v -0.59426969 0.21063611 0.29499999
v -0.59404683 0.21132024 0.29499999
v -0.59381837 0.21195668 0.29499999
v -0.59358424 0.21254821 0.29499999
v -0.59334439 0.21309765 0.29499999
v -0.59309876 0.21360777 0.29499999
v -0.59284735 0.21408141 0.29499999
v -0.59258997 0.21452133 0.29499999
v -0.59232658 0.21493036 0.29499999
v -0.59205723 0.21531129 0.29499999
v -0.59178168 0.21566689 0.29499999
v -0.59149998 0.21600001 0.29499999
v -0.59120709 0.21631895 0.29499999
v -0.59089428 0.21663031 0.29499999
v -0.59055620 0.21693416 0.29499999
v -0.59018737 0.21723059 0.29499999
v -0.58978236 0.21751969 0.29499999
v -0.58933574 0.21780156 0.29499999
v -0.58884203 0.21807627 0.29499999
v -0.58829588 0.21834396 0.29499999
v -0.58769172 0.21860467 0.29499999
v -0.58702421 0.21885851 0.29499999
v -0.58628792 0.21910557 0.29499999
v -0.58547735 0.21934594 0.29499999
v -0.58458704 0.21957973 0.29499999
v -0.58361167 0.21980700 0.29499999
v -0.58254564 0.22002786 0.29499999
v -0.58138365 0.22024241 0.29499999
v -0.58012021 0.22045071 0.29499999
v -0.57874984 0.22065289 0.29499999
v -0.57726711 0.22084901 0.29499999
v -0.57566667 0.22103918 0.29499999
v -0.57394296 0.22122347 0.29499999
v -0.57209063 0.22140200 0.29499999
v -0.57010418 0.22157484 0.29499999
v -0.56797826 0.22174209 0.29499999
v -0.56570727 0.22190385 0.29499999
v -0.56328595 0.22206019 0.29499999
v -0.74429041 0.62468308 0.29499999
v -0.73107201 0.62471962 0.29499999
v -0.71737474 0.62475324 0.29499999
v -0.70318979 0.62478405 0.29499999
v -0.68850845 0.62481219 0.29499999
v -0.67332190 0.62483776 0.29499999
v -0.65762144 0.62486088 0.29499999
v -0.64139825 0.62488168 0.29499999
v -0.62464356 0.62490034 0.29499999
v -0.60734856 0.62491691 0.29499999
v -0.58950460 0.62493157 0.29499999
v -0.57110286 0.62494433 0.29499999
v -0.56070870 0.22221121 0.29499999
v -0.55797023 0.22235700 0.29499999
v -0.55506498 0.22249766 0.29499999
v -0.55198753 0.22263327 0.29499999
v -0.54873252 0.22276394 0.29499999
v -0.54529446 0.22288974 0.29499999
v -0.54166788 0.22301078 0.29499999
v -0.53784740 0.22312713 0.29499999
v -0.53382748 0.22323889 0.29499999
v -0.52960283 0.22334616 0.29499999
v -0.52516788 0.22344902 0.29499999
v -0.52051729 0.22354756 0.29499999
v -0.51564550 0.22364189 0.29499999
v -0.51054716 0.22373208 0.29499999
v -0.50521684 0.22381824 0.29499999
v -0.49964905 0.22390044 0.29499999
v -0.49383837 0.22397879 0.29499999
v -0.48777938 0.22405337 0.29499999
v -0.48146659 0.22412428 0.29499999
v -0.47489461 0.22419159 0.29499999
v -0.46805796 0.22425543 0.29499999
v -0.46095124 0.22431585 0.29499999
v -0.45356899 0.22437297 0.29499999
v -0.44590577 0.22442687 0.29499999
v -0.43795615 0.22447763 0.29499999
v -0.42971468 0.22452538 0.29499999
v -0.42117593 0.22457017 0.29499999
v -0.41233444 0.22461210 0.29499999
v -0.40318480 0.22465128 0.29499999
v -0.39372155 0.22468777 0.29499999
v -0.38393924 0.22472170 0.29499999
v -0.55213457 0.62495542 0.29499999
v -0.53259093 0.62496495 0.29499999
v -0.51246315 0.62497300 0.29499999
v -0.49174255 0.62497973 0.29499999
v -0.47042030 0.62498522 0.29499999
v -0.44848767 0.62498963 0.29499999
v -0.42593586 0.62499303 0.29499999
v -0.40275612 0.62499559 0.29499999
v -0.37893969 0.62499744 0.29499999
v -0.74703908 0.82594627 0.29499999
v -0.74111187 0.82586962 0.29499999
v -0.73492324 0.82579720 0.29499999
v -0.72846723 0.82572889 0.29499999
v -0.72173774 0.82566464 0.29499999
v -0.71472871 0.82560426 0.29499999
v -0.70743430 0.82554764 0.29499999
v -0.69984829 0.82549465 0.29499999
v -0.69196481 0.82544523 0.29499999
v -0.68377775 0.82539922 0.29499999
v -0.67528117 0.82535648 0.29499999
v -0.66646904 0.82531691 0.29499999
v -0.65733522 0.82528037 0.29499999
v -0.64787388 0.82524675 0.29499999
v -0.63807887 0.82521600 0.29499999
v -0.62794417 0.82518786 0.29499999
v -0.61746389 0.82516223 0.29499999
v -0.60663188 0.82513911 0.29499999
v -0.59544212 0.82511830 0.29499999
v -0.58388871 0.82509965 0.29499999
v -0.57196552 0.82508308 0.29499999
v -0.74703908 0.97405368 0.29499999
v -0.74111187 0.97413039 0.29499999
v -0.73492324 0.97420281 0.29499999
v -0.72846723 0.97427112 0.29499999
v -0.72173774 0.97433537 0.29499999
v -0.71472871 0.97439575 0.29499999
v -0.70743430 0.97445238 0.29499999
v -0.69984829 0.97450531 0.29499999
v -0.69196481 0.97455478 0.29499999
v -0.68377775 0.97460079 0.29499999
v -0.67528117 0.97464353 0.29499999
v -0.66646904 0.97468311 0.29499999
v -0.65733522 0.97471964 0.29499999
v -0.64787388 0.97475320 0.29499999
v -0.63807887 0.97478402 0.29499999
v -0.62794417 0.97481215 0.29499999
v -0.61746389 0.97483772 0.29499999
v -0.60663188 0.97486091 0.29499999
v -0.59544212 0.97488171 0.29499999
v -0.58388871 0.97490036 0.29499999
v -0.57196552 0.97491693 0.29499999
v -0.55966663 0.82506847 0.29499999
v -0.54698592 0.82505566 0.29499999
v -0.53391743 0.82504457 0.29499999
v -0.52045512 0.82503504 0.29499999
v -0.50659299 0.82502699 0.29499999
v -0.49232504 0.82502025 0.29499999
v -0.47764519 0.82501477 0.29499999
v -0.46254748 0.82501036 0.29499999
v -0.44702587 0.82500696 0.29499999
v -0.43107435 0.82500440 0.29499999
v -0.41468689 0.82500255 0.29499999
v -0.39785749 0.82500130 0.29499999
v -0.38058013 0.82500052 0.29499999
v -0.55966663 0.97493154 0.29499999
v -0.54698592 0.97494435 0.29499999
v -0.53391743 0.97495544 0.29499999
v -0.52045512 0.97496498 0.29499999
v -0.50659299 0.97497302 0.29499999
v -0.49232504 0.97497970 0.29499999
v -0.47764519 0.97498524 0.29499999
v -0.46254748 0.97498959 0.29499999
v -0.44702587 0.97499305 0.29499999
v -0.43107435 0.97499561 0.29499999
v -0.41468689 0.97499746 0.29499999
v -0.39785749 0.97499871 0.29499999
v -0.38058013 0.97499943 0.29499999
v -0.37383246 0.22475313 0.29499999
v -0.36339575 0.22478217 0.29499999
v -0.35262367 0.22480890 0.29499999
v -0.34151077 0.22483341 0.29499999
v -0.33005166 0.22485581 0.29499999
v -0.31824085 0.22487617 0.29499999
v -0.30607292 0.22489458 0.29499999
v -0.29354241 0.22491115 0.29499999
v -0.28064391 0.22492597 0.29499999
v -0.26737195 0.22493911 0.29499999
v -0.25372115 0.22495067 0.29499999
v -0.23968598 0.22496076 0.29499999
v -0.22526108 0.22496945 0.29499999
v -0.21044096 0.22497682 0.29499999
v -0.19522020 0.22498301 0.29499999
v -0.35447776 0.62499869 0.29499999
v -0.32936159 0.62499946 0.29499999
v -0.30358243 0.62499982 0.29499999
v -0.19641757 0.62499982 0.29499999
v -0.17959337 0.22498806 0.29499999
v -0.16355501 0.22499210 0.29499999
v -0.14709969 0.22499518 0.29499999
v -0.13022196 0.22499743 0.29499999
v -0.11291640 0.22499892 0.29499999
v -0.09517756 0.22499974 0.29499999
v -0.07700000 0.22499999 0.29499999
v -0.05613589 0.22499888 0.29499999
v -0.03584199 0.22499581 0.29499999
v -0.01611022 0.22499123 0.29499999
v -0.17063840 0.62499946 0.29499999
v -0.14552224 0.62499869 0.29499999
v -0.12106032 0.62499744 0.29499999
v -0.09724388 0.62499559 0.29499999
v -0.07406414 0.62499303 0.29499999
v -0.05151233 0.62498963 0.29499999
v -0.02957969 0.62498522 0.29499999
v -0.00825745 0.62497973 0.29499999
v -0.36284876 0.82500017 0.29499999
v -0.34465739 0.82500005 0.29499999
v -0.32600001 0.82499999 0.29499999
v -0.31550446 0.82500094 0.29499999
v -0.30505723 0.82500380 0.29499999
v -0.29466048 0.82500857 0.29499999
v -0.28431639 0.82501513 0.29499999
v -0.27713150 0.62500000 0.29499999
v -0.25000000 0.62500000 0.29499999
v -0.22286852 0.62500000 0.29499999
v -0.27402714 0.82502353 0.29499999
v -0.26379490 0.82503372 0.29499999
v -0.25362185 0.82504570 0.29499999
v -0.24351016 0.82505947 0.29499999
v -0.23346198 0.82507491 0.29499999
v -0.22347949 0.82509208 0.29499999
v -0.21356487 0.82511091 0.29499999
v -0.20372030 0.82513142 0.29499999
v -0.19394794 0.82515359 0.29499999
v -0.36284876 0.97499985 0.29499999
v -0.34465739 0.97499996 0.29499999
v -0.32600001 0.97500002 0.29499999
v -0.31550446 0.97499907 0.29499999
v -0.30505723 0.97499621 0.29499999
v -0.29466048 0.97499144 0.29499999
v -0.28431639 0.97498488 0.29499999
v -0.27402714 0.97497648 0.29499999
v -0.26379490 0.97496629 0.29499999
v -0.25362185 0.97495431 0.29499999
v -0.24351016 0.97494054 0.29499999
v -0.23346198 0.97492510 0.29499999
v -0.22347949 0.97490793 0.29499999
v -0.21356487 0.97488910 0.29499999
v -0.20372030 0.97486860 0.29499999
v -0.19394794 0.97484642 0.29499999
v -0.18424997 0.82517731 0.29499999
v -0.17462856 0.82520264 0.29499999
v -0.16508587 0.82522953 0.29499999
v -0.15562408 0.82525790 0.29499999
v -0.14624538 0.82528782 0.29499999
v -0.13695191 0.82531923 0.29499999
v -0.12774587 0.82535207 0.29499999
v -0.11862941 0.82538640 0.29499999
v -0.10960472 0.82542211 0.29499999
v -0.10067397 0.82545924 0.29499999
v -0.09183933 0.82549769 0.29499999
v -0.08310296 0.82553750 0.29499999
v -0.07446705 0.82557857 0.29499999
v -0.06593376 0.82562101 0.29499999
v -0.05750527 0.82566470 0.29499999
v -0.04918375 0.82570958 0.29499999
v -0.04097137 0.82575572 0.29499999
v -0.03287030 0.82580304 0.29499999
v -0.02488272 0.82585156 0.29499999
v -0.01701080 0.82590115 0.29499999
v -0.00925671 0.82595193 0.29499999
v -0.00162262 0.82600379 0.29499999
v -0.18424997 0.97482270 0.29499999
v -0.17462856 0.97479737 0.29499999
v -0.16508587 0.97477049 0.29499999
v -0.15562408 0.97474211 0.29499999
v -0.14624538 0.97471219 0.29499999
v -0.13695191 0.97468078 0.29499999
v -0.12774587 0.97464788 0.29499999
v -0.11862941 0.97461361 0.29499999
v -0.10960472 0.97457790 0.29499999
v -0.10067397 0.97454077 0.29499999
v -0.09183933 0.97450233 0.29499999
v -0.08310296 0.97446251 0.29499999
v -0.07446705 0.97442138 0.29499999
v -0.06593376 0.97437900 0.29499999
v -0.05750527 0.97433531 0.29499999
v -0.04918375 0.97429043 0.29499999
v -0.04097137 0.97424430 0.29499999
v -0.03287030 0.97419697 0.29499999
v -0.02488272 0.97414845 0.29499999
v -0.01701080 0.97409880 0.29499999
v -0.00925671 0.97404808 0.29499999
v -0.00162262 0.97399622 0.29499999
v -0.24659033 1.85885131 0.17500000
v -0.21986844 1.78101313 0.17500000
v -0.16932039 1.71606898 0.17500000
v -0.10042386 1.67105663 0.17500000
v -0.02064484 1.65085387 0.17500000
v -0.24659033 1.94114864 0.17500000
v -0.21986844 2.01898694 0.17500000
v -0.16932039 2.08393097 0.17500000
v -0.10042386 2.12894344 0.17500000
v -0.02064484 2.14914608 0.17500000
v 1.10000002 -2.50000000 -0.17500000
v 1.22360682 -2.48042250 -0.17500000
v 1.33511412 -2.42360687 -0.17500000
v 1.42360675 -2.33511400 -0.17500000
v 1.48042262 -2.22360682 -0.17500000
v 1.50000000 -2.09999990 -0.17500000
v 0.01246316 -1.67497301 0.17500000
v 0.03259090 -1.67496490 0.17500000
v 0.05213454 -1.67495549 0.17500000
v 0.07110287 -1.67494440 0.17500000
v 0.08950462 -1.67493153 0.17500000
v 0.10734859 -1.67491698 0.17500000
v 0.12464353 -1.67490029 0.17500000
v 0.14139822 -1.67488170 0.17500000
v 0.15762143 -1.67486084 0.17500000
v 0.17332190 -1.67483771 0.17500000
v 0.00654074 -1.32500052 0.17500000
v 0.02475460 -1.32500124 0.17500000
v 0.04249586 -1.32500255 0.17500000
v 0.05977085 -1.32500434 0.17500000
v 0.07658592 -1.32500696 0.17500000
v 0.09294742 -1.32501042 0.17500000
v 0.10886169 -1.32501483 0.17500000
v 0.12433509 -1.32502031 0.17500000
v 0.13937394 -1.32502699 0.17500000
v 0.15398462 -1.32503510 0.17500000
v 0.16817345 -1.32504451 0.17500000
v 0.18194678 -1.32505560 0.17500000
v 0.18850844 -1.67481220 0.17500000
v 0.20318979 -1.67478406 0.17500000
v 0.21737471 -1.67475319 0.17500000
v 0.23107201 -1.67471957 0.17500000
v 0.24429041 -1.67468309 0.17500000
v 0.25703871 -1.67464352 0.17500000
v 0.26932567 -1.67460084 0.17500000
v 0.28116003 -1.67455471 0.17500000
v 0.29255062 -1.67450535 0.17500000
v 0.30350614 -1.67445242 0.17500000
v 0.31403542 -1.67439580 0.17500000
v 0.32414716 -1.67433536 0.17500000
v 0.33385020 -1.67427111 0.17500000
v 0.34315324 -1.67420280 0.17500000
v 0.35206512 -1.67413044 0.17500000
v 0.36059454 -1.67405367 0.17500000
v 0.36875030 -1.67397261 0.17500000
v 0.19531097 -1.32506847 0.17500000
v 0.20827235 -1.32508302 0.17500000
v 0.22083730 -1.32509971 0.17500000
v 0.23301211 -1.32511830 0.17500000
v 0.24480318 -1.32513916 0.17500000
v 0.25621682 -1.32516229 0.17500000
v 0.26725939 -1.32518780 0.17500000
v 0.27793723 -1.32521594 0.17500000
v 0.28825670 -1.32524681 0.17500000
v 0.29822415 -1.32528043 0.17500000
v 0.30784589 -1.32531691 0.17500000
v 0.31712833 -1.32535648 0.17500000
v 0.32607776 -1.32539916 0.17500000
v 0.33470052 -1.32544529 0.17500000
v 0.34300300 -1.32549465 0.17500000
v 0.35099155 -1.32554758 0.17500000
v 0.35867247 -1.32560420 0.17500000
v 0.36605212 -1.32566464 0.17500000
v 0.37313688 -1.32572889 0.17500000
v 0.37654120 -1.67388701 0.17500000
v 0.38397592 -1.67379689 0.17500000
v 0.39106333 -1.67370188 0.17500000
v 0.39781213 -1.67360210 0.17500000
v 0.40423110 -1.67349732 0.17500000
v 0.41032901 -1.67338741 0.17500000
v 0.41611466 -1.67327225 0.17500000
v 0.42159680 -1.67315173 0.17500000
v 0.42678416 -1.67302585 0.17500000
v 0.43168557 -1.67289424 0.17500000
v 0.43630973 -1.67275691 0.17500000
v 0.44066545 -1.67261374 0.17500000
v 0.44476151 -1.67246473 0.17500000
v 0.44860667 -1.67230952 0.17500000
v 0.45220968 -1.67214811 0.17500000
v 0.45557931 -1.67198038 0.17500000
v 0.45872432 -1.67180622 0.17500000
v 0.46165353 -1.67162549 0.17500000
v 0.46437564 -1.67143810 0.17500000
v 0.46689945 -1.67124391 0.17500000
v 0.46923375 -1.67104268 0.17500000
v 0.47138727 -1.67083442 0.17500000
v 0.47336879 -1.67061901 0.17500000
v 0.47518709 -1.67039633 0.17500000
v 0.47685093 -1.67016613 0.17500000
v 0.47836909 -1.66992843 0.17500000
v 0.47975031 -1.66968310 0.17500000
v 0.48100337 -1.66942990 0.17500000
v 0.48213705 -1.66916895 0.17500000
v 0.48316011 -1.66889977 0.17500000
v 0.48408130 -1.66862261 0.17500000
v 0.48490942 -1.66833711 0.17500000
v 0.48565322 -1.66804314 0.17500000
v 0.48632148 -1.66774070 0.17500000
v 0.48692298 -1.66742969 0.17500000
v 0.48746642 -1.66710985 0.17500000
v 0.48796067 -1.66678107 0.17500000
v 0.48841441 -1.66644335 0.17500000
v 0.48883644 -1.66609657 0.17500000
v 0.48923555 -1.66574037 0.17500000
v 0.48962048 -1.66537499 0.17500000
v 0.49000001 -1.66499996 0.17500000
v 0.49035645 -1.66464019 0.17500000
v 0.49070436 -1.66428101 0.17500000
v 0.49104381 -1.66392064 0.17500000
v 0.49137491 -1.66355753 0.17500000
v 0.49169779 -1.66318977 0.17500000
v 0.49201253 -1.66281557 0.17500000
v 0.49231926 -1.66243339 0.17500000
v 0.49261802 -1.66204131 0.17500000
v 0.49290898 -1.66163754 0.17500000
v 0.49319223 -1.66122055 0.17500000
v 0.49346784 -1.66078830 0.17500000
v 0.49373594 -1.66033924 0.17500000
v 0.49399662 -1.65987158 0.17500000
v 0.49425000 -1.65938354 0.17500000
v 0.49449617 -1.65887332 0.17500000
v 0.49473524 -1.65833914 0.17500000
v 0.49496734 -1.65777946 0.17500000
v 0.49519253 -1.65719235 0.17500000
v 0.49541092 -1.65657616 0.17500000
v 0.49562261 -1.65592897 0.17500000
v 0.49582773 -1.65524924 0.17500000
v 0.49602640 -1.65453506 0.17500000
v 0.49621865 -1.65378463 0.17500000
v 0.49640465 -1.65299642 0.17500000
v 0.49658448 -1.65216851 0.17500000
v 0.49675822 -1.65129924 0.17500000
v 0.49692601 -1.65038681 0.17500000
v 0.49708796 -1.64942944 0.17500000
v 0.49724412 -1.64842546 0.17500000
v 0.49739465 -1.64737296 0.17500000
v 0.49753964 -1.64627039 0.17500000
v 0.49767917 -1.64511585 0.17500000
v 0.49781334 -1.64390767 0.17500000
v 0.49794230 -1.64264405 0.17500000
v 0.49806613 -1.64132321 0.17500000
v 0.49818489 -1.63994348 0.17500000
v 0.49829876 -1.63850307 0.17500000
v 0.49840778 -1.63700020 0.17500000
v 0.49851209 -1.63543320 0.17500000
v 0.49861178 -1.63380015 0.17500000
v 0.49870694 -1.63209951 0.17500000
v 0.49879771 -1.63032937 0.17500000
v 0.49888417 -1.62848806 0.17500000
v 0.49896640 -1.62657380 0.17500000
v 0.49904457 -1.62458479 0.17500000
v 0.49911872 -1.62251937 0.17500000
v 0.49918896 -1.62037575 0.17500000
v 0.49925542 -1.61815214 0.17500000
v 0.49931821 -1.61584687 0.17500000
v 0.49937740 -1.61345804 0.17500000
v 0.49943313 -1.61098409 0.17500000
v 0.49948546 -1.60842311 0.17500000
v 0.49953452 -1.60577345 0.17500000
v 0.49958041 -1.60303330 0.17500000
v 0.49962324 -1.60020101 0.17500000
v 0.49966308 -1.59727466 0.17500000
v 0.49970010 -1.59425247 0.17500000
v 0.49973434 -1.59113300 0.17500000
v 0.49976593 -1.58791411 0.17500000
v 0.49979499 -1.58459437 0.17500000
v 0.49982157 -1.58117187 0.17500000
v 0.49984583 -1.57764482 0.17500000
v 0.49986786 -1.57401156 0.17500000
v 0.49988773 -1.57027030 0.17500000
v 0.49990559 -1.56641924 0.17500000
v 0.37993306 -1.32579720 0.17500000
v 0.38644701 -1.32586956 0.17500000
v 0.39268509 -1.32594633 0.17500000
v 0.39865366 -1.32602739 0.17500000
v 0.40435901 -1.32611299 0.17500000
v 0.40980756 -1.32620311 0.17500000
v 0.41500562 -1.32629812 0.17500000
v 0.41995952 -1.32639790 0.17500000
v 0.46503088 -1.32819378 0.17500000
v 0.46723315 -1.32837451 0.17500000
v 0.42467561 -1.32650268 0.17500000
v 0.42916030 -1.32661259 0.17500000
v 0.43341985 -1.32672775 0.17500000
v 0.43746063 -1.32684827 0.17500000
v 0.44128904 -1.32697415 0.17500000
v 0.44491136 -1.32710576 0.17500000
v 0.44833395 -1.32724309 0.17500000
v 0.45156318 -1.32738626 0.17500000
v 0.45460540 -1.32753527 0.17500000
v 0.45746690 -1.32769048 0.17500000
v 0.46015412 -1.32785189 0.17500000
v 0.46267331 -1.32801962 0.17500000
v 0.49992150 -1.56245673 0.17500000
v 0.49993560 -1.55838096 0.17500000
v 0.49994797 -1.55419016 0.17500000
v 0.49995872 -1.54988265 0.17500000
v 0.49996796 -1.54545665 0.17500000
v 0.49997580 -1.54091036 0.17500000
v 0.49998230 -1.53624201 0.17500000
v 0.49998763 -1.53144991 0.17500000
v 0.49999183 -1.52653229 0.17500000
v 0.49999505 -1.52148736 0.17500000
v 0.49999738 -1.51631343 0.17500000
v 0.49999890 -1.51100874 0.17500000
v 0.49999973 -1.50557148 0.17500000
v 0.50000000 -1.50000000 0.17500000
v 0.49999973 -1.49442852 0.17500000
v 0.49999890 -1.48899126 0.17500000
v 0.49999738 -1.48368657 0.17500000
v 0.49999505 -1.47851264 0.17500000
v 0.49999183 -1.47346771 0.17500000
v 0.49998763 -1.46855009 0.17500000
v 0.49998230 -1.46375799 0.17500000
v 0.49997580 -1.45908964 0.17500000
v 0.49996796 -1.45454335 0.17500000
v 0.49995872 -1.45011735 0.17500000
v 0.49994797 -1.44580984 0.17500000
v 0.49993560 -1.44161904 0.17500000
v 0.49992150 -1.43754327 0.17500000
v 0.49990559 -1.43358076 0.17500000
v 0.49988773 -1.42972970 0.17500000
v 0.49986786 -1.42598844 0.17500000
v 0.49984583 -1.42235518 0.17500000
v 0.49982157 -1.41882813 0.17500000
v 0.49979499 -1.41540563 0.17500000
v 0.49976593 -1.41208589 0.17500000
v 0.49973434 -1.40886700 0.17500000
v 0.46928647 -1.32856190 0.17500000
v 0.47119719 -1.32875609 0.17500000
v 0.47297168 -1.32895732 0.17500000
v 0.47461623 -1.32916558 0.17500000
v 0.47613722 -1.32938099 0.17500000
v 0.47754100 -1.32960367 0.17500000
v 0.47883391 -1.32983387 0.17500000
v 0.48002231 -1.33007157 0.17500000
v 0.48111251 -1.33031690 0.17500000
v 0.48302379 -1.33083105 0.17500000
v 0.48211089 -1.33057010 0.17500000
v 0.48385754 -1.33110023 0.17500000
v 0.48531306 -1.33166289 0.17500000
v 0.48461851 -1.33137739 0.17500000
v 0.48594746 -1.33195686 0.17500000
v 0.48923877 -1.33425963 0.17500000
v 0.48884735 -1.33390343 0.17500000
v 0.48844025 -1.33355665 0.17500000
v 0.48801112 -1.33321893 0.17500000
v 0.48755363 -1.33289015 0.17500000
v 0.48706141 -1.33257031 0.17500000
v 0.48652816 -1.33225930 0.17500000
v 0.48962086 -1.33462501 0.17500000
v 0.49169779 -1.33681023 0.17500000
v 0.49137491 -1.33644247 0.17500000
v 0.49104381 -1.33607936 0.17500000
v 0.49070436 -1.33571899 0.17500000
v 0.49035645 -1.33535981 0.17500000
v 0.49000001 -1.33500004 0.17500000
v 0.49201253 -1.33718443 0.17500000
v 0.49970010 -1.40574753 0.17500000
v 0.49966308 -1.40272534 0.17500000
v 0.49962324 -1.39979899 0.17500000
v 0.49958041 -1.39696670 0.17500000
v 0.49953452 -1.39422655 0.17500000
v 0.49948546 -1.39157689 0.17500000
v 0.49943313 -1.38901591 0.17500000
v 0.49937740 -1.38654196 0.17500000
v 0.49931821 -1.38415313 0.17500000
v 0.49925542 -1.38184786 0.17500000
v 0.49918896 -1.37962425 0.17500000
v 0.49911872 -1.37748063 0.17500000
v 0.49904457 -1.37541521 0.17500000
v 0.49896640 -1.37342620 0.17500000
v 0.49888417 -1.37151194 0.17500000
v 0.49879771 -1.36967063 0.17500000
v 0.49870694 -1.36790049 0.17500000
v 0.49794230 -1.35735595 0.17500000
v 0.49781334 -1.35609233 0.17500000
v 0.49767917 -1.35488415 0.17500000
v 0.49753964 -1.35372961 0.17500000
v 0.49739465 -1.35262704 0.17500000
v 0.49724412 -1.35157454 0.17500000
v 0.49708796 -1.35057056 0.17500000
v 0.49692601 -1.34961319 0.17500000
v 0.49675822 -1.34870076 0.17500000
v 0.49658448 -1.34783149 0.17500000
v 0.49861178 -1.36619985 0.17500000
v 0.49851209 -1.36456680 0.17500000
v 0.49840778 -1.36299980 0.17500000
v 0.49829876 -1.36149693 0.17500000
v 0.49818489 -1.36005652 0.17500000
v 0.49806613 -1.35867679 0.17500000
v 0.49373594 -1.33966076 0.17500000
v 0.49346784 -1.33921170 0.17500000
v 0.49319223 -1.33877945 0.17500000
v 0.49290898 -1.33836246 0.17500000
v 0.49496734 -1.34222054 0.17500000
v 0.49473524 -1.34166086 0.17500000
v 0.49449617 -1.34112668 0.17500000
v 0.49425000 -1.34061646 0.17500000
v 0.49399662 -1.34012842 0.17500000
v 0.49261802 -1.33795869 0.17500000
v 0.49582773 -1.34475076 0.17500000
v 0.49562261 -1.34407103 0.17500000
v 0.49541092 -1.34342384 0.17500000
v 0.49640465 -1.34700358 0.17500000
v 0.49621865 -1.34621537 0.17500000
v 0.49602640 -1.34546494 0.17500000
v 0.49519253 -1.34280765 0.17500000
v 0.49231926 -1.33756661 0.17500000
v 0.01246316 -1.67497301 0.29499999
v 0.03259090 -1.67496490 0.29499999
v 0.05213454 -1.67495549 0.29499999
v 0.07110287 -1.67494440 0.29499999
v 0.08950462 -1.67493153 0.29499999
v 0.10734859 -1.67491698 0.29499999
v 0.12464353 -1.67490029 0.29499999
v 0.14139822 -1.67488170 0.29499999
v 0.15762143 -1.67486084 0.29499999
v 0.17332190 -1.67483771 0.29499999
v 0.00654074 -1.32500052 0.29499999
v 0.02475460 -1.32500124 0.29499999
v 0.04249586 -1.32500255 0.29499999
v 0.05977085 -1.32500434 0.29499999
v 0.07658592 -1.32500696 0.29499999
v 0.09294742 -1.32501042 0.29499999
v 0.10886169 -1.32501483 0.29499999
v 0.12433509 -1.32502031 0.29499999
v 0.13937394 -1.32502699 0.29499999
v 0.15398462 -1.32503510 0.29499999
v 0.16817345 -1.32504451 0.29499999
v 0.18194678 -1.32505560 0.29499999
v 0.18850844 -1.67481220 0.29499999
v 0.20318979 -1.67478406 0.29499999
v 0.21737471 -1.67475319 0.29499999
v 0.23107201 -1.67471957 0.29499999
v 0.24429041 -1.67468309 0.29499999
v 0.25703871 -1.67464352 0.29499999
v 0.26932567 -1.67460084 0.29499999
v 0.28116003 -1.67455471 0.29499999
v 0.29255062 -1.67450535 0.29499999
v 0.30350614 -1.67445242 0.29499999
v 0.31403542 -1.67439580 0.29499999
v 0.32414716 -1.67433536 0.29499999
v 0.33385020 -1.67427111 0.29499999
v 0.34315324 -1.67420280 0.29499999
v 0.35206512 -1.67413044 0.29499999
v 0.36059454 -1.67405367 0.29499999
v 0.36875030 -1.67397261 0.29499999
v 0.19531097 -1.32506847 0.29499999
v 0.20827235 -1.32508302 0.29499999
v 0.22083730 -1.32509971 0.29499999
v 0.23301211 -1.32511830 0.29499999
v 0.24480318 -1.32513916 0.29499999
v 0.25621682 -1.32516229 0.29499999
v 0.26725939 -1.32518780 0.29499999
v 0.27793723 -1.32521594 0.29499999
v 0.28825670 -1.32524681 0.29499999
v 0.29822415 -1.32528043 0.29499999
v 0.30784589 -1.32531691 0.29499999
v 0.31712833 -1.32535648 0.29499999
v 0.32607776 -1.32539916 0.29499999
v 0.33470052 -1.32544529 0.29499999
v 0.34300300 -1.32549465 0.29499999
v 0.35099155 -1.32554758 0.29499999
v 0.35867247 -1.32560420 0.29499999
v 0.36605212 -1.32566464 0.29499999
v 0.37313688 -1.32572889 0.29499999
v 0.37654120 -1.67388701 0.29499999
v 0.38397592 -1.67379689 0.29499999
v 0.39106333 -1.67370188 0.29499999
v 0.39781213 -1.67360210 0.29499999
v 0.40423110 -1.67349732 0.29499999
v 0.41032901 -1.67338741 0.29499999
v 0.41611466 -1.67327225 0.29499999
v 0.42159680 -1.67315173 0.29499999
v 0.42678416 -1.67302585 0.29499999
v 0.43168557 -1.67289424 0.29499999
v 0.43630973 -1.67275691 0.29499999
v 0.44066545 -1.67261374 0.29499999
v 0.44476151 -1.67246473 0.29499999
v 0.44860667 -1.67230952 0.29499999
v 0.45220968 -1.67214811 0.29499999
v 0.45557931 -1.67198038 0.29499999
v 0.45872432 -1.67180622 0.29499999
v 0.46165353 -1.67162549 0.29499999
v 0.46437564 -1.67143810 0.29499999
v 0.46689945 -1.67124391 0.29499999
v 0.46923375 -1.67104268 0.29499999
v 0.47138727 -1.67083442 0.29499999
v 0.47336879 -1.67061901 0.29499999
v 0.47518709 -1.67039633 0.29499999
v 0.47685093 -1.67016613 0.29499999
v 0.47836909 -1.66992843 0.29499999
v 0.47975031 -1.66968310 0.29499999
v 0.48100337 -1.66942990 0.29499999
v 0.48213705 -1.66916895 0.29499999
v 0.48316011 -1.66889977 0.29499999
v 0.48408130 -1.66862261 0.29499999
v 0.48490942 -1.66833711 0.29499999
v 0.48565322 -1.66804314 0.29499999
v 0.48632148 -1.66774070 0.29499999
v 0.48692298 -1.66742969 0.29499999
v 0.48746642 -1.66710985 0.29499999
v 0.48796067 -1.66678107 0.29499999
v 0.48841441 -1.66644335 0.29499999
v 0.48883644 -1.66609657 0.29499999
v 0.48923555 -1.66574037 0.29499999
v 0.48962048 -1.66537499 0.29499999
v 0.49000001 -1.66499996 0.29499999
v 0.49035645 -1.66464019 0.29499999
v 0.49070436 -1.66428101 0.29499999
v 0.49104381 -1.66392064 0.29499999
v 0.49137491 -1.66355753 0.29499999
v 0.49169779 -1.66318977 0.29499999
v 0.49201253 -1.66281557 0.29499999
v 0.49231926 -1.66243339 0.29499999
v 0.49261802 -1.66204131 0.29499999
v 0.49290898 -1.66163754 0.29499999
v 0.49319223 -1.66122055 0.29499999
v 0.49346784 -1.66078830 0.29499999
v 0.49373594 -1.66033924 0.29499999
v 0.49399662 -1.65987158 0.29499999
v 0.49425000 -1.65938354 0.29499999
v 0.49449617 -1.65887332 0.29499999
v 0.49473524 -1.65833914 0.29499999
v 0.49496734 -1.65777946 0.29499999
v 0.49519253 -1.65719235 0.29499999
v 0.49541092 -1.65657616 0.29499999
v 0.49562261 -1.65592897 0.29499999
v 0.49582773 -1.65524924 0.29499999
v 0.49602640 -1.65453506 0.29499999
v 0.49621865 -1.65378463 0.29499999
v 0.49640465 -1.65299642 0.29499999
v 0.49658448 -1.65216851 0.29499999
v 0.49675822 -1.65129924 0.29499999
v 0.49692601 -1.65038681 0.29499999
v 0.49708796 -1.64942944 0.29499999
v 0.49724412 -1.64842546 0.29499999
v 0.49739465 -1.64737296 0.29499999
v 0.49753964 -1.64627039 0.29499999
v 0.49767917 -1.64511585 0.29499999
v 0.49781334 -1.64390767 0.29499999
v 0.49794230 -1.64264405 0.29499999
v 0.49806613 -1.64132321 0.29499999
v 0.49818489 -1.63994348 0.29499999
v 0.49829876 -1.63850307 0.29499999
v 0.49840778 -1.63700020 0.29499999
v 0.49851209 -1.63543320 0.29499999
v 0.49861178 -1.63380015 0.29499999
v 0.49870694 -1.63209951 0.29499999
v 0.49879771 -1.63032937 0.29499999
v 0.49888417 -1.62848806 0.29499999
v 0.49896640 -1.62657380 0.29499999
v 0.49904457 -1.62458479 0.29499999
v 0.49911872 -1.62251937 0.29499999
v 0.49918896 -1.62037575 0.29499999
v 0.49925542 -1.61815214 0.29499999
v 0.49931821 -1.61584687 0.29499999
v 0.49937740 -1.61345804 0.29499999
v 0.49943313 -1.61098409 0.29499999
v 0.49948546 -1.60842311 0.29499999
v 0.49953452 -1.60577345 0.29499999
v 0.49958041 -1.60303330 0.29499999
v 0.49962324 -1.60020101 0.29499999
v 0.49966308 -1.59727466 0.29499999
v 0.49970010 -1.59425247 0.29499999
v 0.49973434 -1.59113300 0.29499999
v 0.49976593 -1.58791411 0.29499999
v 0.49979499 -1.58459437 0.29499999
v 0.49982157 -1.58117187 0.29499999
v 0.49984583 -1.57764482 0.29499999
v 0.49986786 -1.57401156 0.29499999
v 0.49988773 -1.57027030 0.29499999
v 0.49990559 -1.56641924 0.29499999
v 0.37993306 -1.32579720 0.29499999
v 0.38644701 -1.32586956 0.29499999
v 0.39268509 -1.32594633 0.29499999
v 0.39865366 -1.32602739 0.29499999
v 0.40435901 -1.32611299 0.29499999
v 0.40980756 -1.32620311 0.29499999
v 0.41500562 -1.32629812 0.29499999
v 0.41995952 -1.32639790 0.29499999
v 0.46503088 -1.32819378 0.29499999
v 0.46723315 -1.32837451 0.29499999
v 0.42467561 -1.32650268 0.29499999
v 0.42916030 -1.32661259 0.29499999
v 0.43341985 -1.32672775 0.29499999
v 0.43746063 -1.32684827 0.29499999
v 0.44128904 -1.32697415 0.29499999
v 0.44491136 -1.32710576 0.29499999
v 0.44833395 -1.32724309 0.29499999
v 0.45156318 -1.32738626 0.29499999
v 0.45460540 -1.32753527 0.29499999
v 0.45746690 -1.32769048 0.29499999
v 0.46015412 -1.32785189 0.29499999
v 0.46267331 -1.32801962 0.29499999
v 0.49992150 -1.56245673 0.29499999
v 0.49993560 -1.55838096 0.29499999
v 0.49994797 -1.55419016 0.29499999
v 0.49995872 -1.54988265 0.29499999
v 0.49996796 -1.54545665 0.29499999
v 0.49997580 -1.54091036 0.29499999
v 0.49998230 -1.53624201 0.29499999
v 0.49998763 -1.53144991 0.29499999
v 0.49999183 -1.52653229 0.29499999
v 0.49999505 -1.52148736 0.29499999
v 0.49999738 -1.51631343 0.29499999
v 0.49999890 -1.51100874 0.29499999
v 0.49999973 -1.50557148 0.29499999
v 0.50000000 -1.50000000 0.29499999
v 0.49999973 -1.49442852 0.29499999
v 0.49999890 -1.48899126 0.29499999
v 0.49999738 -1.48368657 0.29499999
v 0.49999505 -1.47851264 0.29499999
v 0.49999183 -1.47346771 0.29499999
v 0.49998763 -1.46855009 0.29499999
v 0.49998230 -1.46375799 0.29499999
v 0.49997580 -1.45908964 0.29499999
v 0.49996796 -1.45454335 0.29499999
v 0.49995872 -1.45011735 0.29499999
v 0.49994797 -1.44580984 0.29499999
v 0.49993560 -1.44161904 0.29499999
v 0.49992150 -1.43754327 0.29499999
v 0.49990559 -1.43358076 0.29499999
v 0.49988773 -1.42972970 0.29499999
v 0.49986786 -1.42598844 0.29499999
v 0.49984583 -1.42235518 0.29499999
v 0.49982157 -1.41882813 0.29499999
v 0.49979499 -1.41540563 0.29499999
v 0.49976593 -1.41208589 0.29499999
v 0.49973434 -1.40886700 0.29499999
v 0.46928647 -1.32856190 0.29499999
v 0.47119719 -1.32875609 0.29499999
v 0.47297168 -1.32895732 0.29499999
v 0.47613722 -1.32938099 0.29499999
v 0.47461623 -1.32916558 0.29499999
v 0.47754100 -1.32960367 0.29499999
v 0.48002231 -1.33007157 0.29499999
v 0.47883391 -1.32983387 0.29499999
v 0.48211089 -1.33057010 0.29499999
v 0.48111251 -1.33031690 0.29499999
v 0.48302379 -1.33083105 0.29499999
v 0.48385754 -1.33110023 0.29499999
v 0.48594746 -1.33195686 0.29499999
v 0.48531306 -1.33166289 0.29499999
v 0.48461851 -1.33137739 0.29499999
v 0.48923877 -1.33425963 0.29499999
v 0.48884735 -1.33390343 0.29499999
v 0.48844025 -1.33355665 0.29499999
v 0.48801112 -1.33321893 0.29499999
v 0.48755363 -1.33289015 0.29499999
v 0.48706141 -1.33257031 0.29499999
v 0.48652816 -1.33225930 0.29499999
v 0.49000001 -1.33500004 0.29499999
v 0.48962086 -1.33462501 0.29499999
v 0.49201253 -1.33718443 0.29499999
v 0.49169779 -1.33681023 0.29499999
v 0.49137491 -1.33644247 0.29499999
v 0.49104381 -1.33607936 0.29499999
v 0.49070436 -1.33571899 0.29499999
v 0.49035645 -1.33535981 0.29499999
v 0.49970010 -1.40574753 0.29499999
v 0.49966308 -1.40272534 0.29499999
v 0.49962324 -1.39979899 0.29499999
v 0.49958041 -1.39696670 0.29499999
v 0.49953452 -1.39422655 0.29499999
v 0.49948546 -1.39157689 0.29499999
v 0.49943313 -1.38901591 0.29499999
v 0.49937740 -1.38654196 0.29499999
v 0.49931821 -1.38415313 0.29499999
v 0.49925542 -1.38184786 0.29499999
v 0.49918896 -1.37962425 0.29499999
v 0.49911872 -1.37748063 0.29499999
v 0.49904457 -1.37541521 0.29499999
v 0.49896640 -1.37342620 0.29499999
v 0.49888417 -1.37151194 0.29499999
v 0.49879771 -1.36967063 0.29499999
v 0.49870694 -1.36790049 0.29499999
v 0.49794230 -1.35735595 0.29499999
v 0.49781334 -1.35609233 0.29499999
v 0.49767917 -1.35488415 0.29499999
v 0.49753964 -1.35372961 0.29499999
v 0.49739465 -1.35262704 0.29499999
v 0.49724412 -1.35157454 0.29499999
v 0.49708796 -1.35057056 0.29499999
v 0.49692601 -1.34961319 0.29499999
v 0.49675822 -1.34870076 0.29499999
v 0.49658448 -1.34783149 0.29499999
v 0.49861178 -1.36619985 0.29499999
v 0.49851209 -1.36456680 0.29499999
v 0.49840778 -1.36299980 0.29499999
v 0.49829876 -1.36149693 0.29499999
v 0.49818489 -1.36005652 0.29499999
v 0.49806613 -1.35867679 0.29499999
v 0.49399662 -1.34012842 0.29499999
v 0.49373594 -1.33966076 0.29499999
v 0.49346784 -1.33921170 0.29499999
v 0.49319223 -1.33877945 0.29499999
v 0.49496734 -1.34222054 0.29499999
v 0.49473524 -1.34166086 0.29499999
v 0.49449617 -1.34112668 0.29499999
v 0.49425000 -1.34061646 0.29499999
v 0.49290898 -1.33836246 0.29499999
v 0.49261802 -1.33795869 0.29499999
v 0.49602640 -1.34546494 0.29499999
v 0.49582773 -1.34475076 0.29499999
v 0.49562261 -1.34407103 0.29499999
v 0.49640465 -1.34700358 0.29499999
v 0.49621865 -1.34621537 0.29499999
v 0.49541092 -1.34342384 0.29499999
v 0.49519253 -1.34280765 0.29499999
v 0.49231926 -1.33756661 0.29499999
v 0.00159365 -0.77426368 0.17500000
v 0.00709653 -0.77415085 0.17500000
v 0.01237229 -0.77402771 0.17500000
v 0.01742618 -0.77389377 0.17500000
v 0.02226344 -0.77374864 0.17500000
v 0.02688932 -0.77359188 0.17500000
v 0.03130906 -0.77342296 0.17500000
v 0.03552791 -0.77324152 0.17500000
v 0.03955111 -0.77304709 0.17500000
v 0.04338391 -0.77283931 0.17500000
v 0.04703155 -0.77261764 0.17500000
v 0.05049927 -0.77238166 0.17500000
v 0.05379233 -0.77213103 0.17500000
v 0.05691597 -0.77186513 0.17500000
v 0.05987542 -0.77158374 0.17500000
v 0.06267595 -0.77128625 0.17500000
v 0.06532279 -0.77097225 0.17500000
v 0.06782119 -0.77064139 0.17500000
v 0.07017639 -0.77029318 0.17500000
v 0.07239363 -0.76992714 0.17500000
v 0.07447817 -0.76954287 0.17500000
v 0.07643525 -0.76914001 0.17500000
v 0.07827010 -0.76871794 0.17500000
v 0.07998799 -0.76827639 0.17500000
v 0.08159415 -0.76781482 0.17500000
v 0.08309382 -0.76733285 0.17500000
v 0.08449226 -0.76683003 0.17500000
v 0.08579470 -0.76630592 0.17500000
v 0.08700640 -0.76576006 0.17500000
v 0.08813260 -0.76519203 0.17500000
v 0.08917854 -0.76460141 0.17500000
v 0.09014946 -0.76398772 0.17500000
v 0.09105062 -0.76335049 0.17500000
v 0.09188726 -0.76268941 0.17500000
v 0.09266461 -0.76200396 0.17500000
v 0.09338795 -0.76129365 0.17500000
v 0.09406248 -0.76055819 0.17500000
v 0.09469348 -0.75979698 0.17500000
v 0.09528618 -0.75900966 0.17500000
v 0.09584583 -0.75819582 0.17500000
v 0.09637767 -0.75735497 0.17500000
v 0.09688696 -0.75648671 0.17500000
v 0.09737892 -0.75559056 0.17500000
v 0.09785880 -0.75466609 0.17500000
v 0.09833187 -0.75371289 0.17500000
v 0.09880335 -0.75273055 0.17500000
v 0.09927849 -0.75171852 0.17500000
v 0.10026075 -0.74960393 0.17500000
v 0.10077835 -0.74850047 0.17500000
v 0.10132060 -0.74736559 0.17500000
v 0.10189273 -0.74619889 0.17500000
v 0.10250000 -0.74500000 0.17500000
v 0.10265477 -0.74471450 0.17500000
v 0.10281521 -0.74442762 0.17500000
v 0.10298124 -0.74413949 0.17500000
v 0.10315277 -0.74385011 0.17500000
v 0.10332970 -0.74355972 0.17500000
v 0.10351194 -0.74326825 0.17500000
v 0.10369939 -0.74297589 0.17500000
v 0.10389198 -0.74268264 0.17500000
v 0.10408962 -0.74238867 0.17500000
v 0.10429219 -0.74209398 0.17500000
v 0.10449962 -0.74179876 0.17500000
v 0.10471182 -0.74150300 0.17500000
v 0.10492869 -0.74120682 0.17500000
v 0.10515013 -0.74091029 0.17500000
v 0.10537607 -0.74061352 0.17500000
v 0.10560641 -0.74031663 0.17500000
v 0.10584106 -0.74001962 0.17500000
v 0.10607993 -0.73972261 0.17500000
v 0.10632291 -0.73942572 0.17500000
v 0.10656994 -0.73912895 0.17500000
v 0.10682091 -0.73883247 0.17500000
v 0.10707573 -0.73853636 0.17500000
v 0.10733431 -0.73824066 0.17500000
v 0.10759655 -0.73794550 0.17500000
v 0.10786238 -0.73765093 0.17500000
v 0.10813169 -0.73735708 0.17500000
v 0.10840440 -0.73706394 0.17500000
v 0.10868041 -0.73677170 0.17500000
v 0.10895964 -0.73648036 0.17500000
v 0.10924198 -0.73619008 0.17500000
v 0.10952736 -0.73590094 0.17500000
v 0.10981567 -0.73561299 0.17500000
v 0.11010683 -0.73532629 0.17500000
v 0.11040075 -0.73504096 0.17500000
v 0.11069734 -0.73475713 0.17500000
v 0.11099650 -0.73447478 0.17500000
v 0.11129814 -0.73419410 0.17500000
v 0.11160216 -0.73391509 0.17500000
v 0.11190850 -0.73363787 0.17500000
v 0.11221704 -0.73336256 0.17500000
v 0.11252770 -0.73308921 0.17500000
v 0.11284038 -0.73281795 0.17500000
v 0.11315500 -0.73254877 0.17500000
v 0.11347146 -0.73228186 0.17500000
v 0.11378968 -0.73201722 0.17500000
v 0.11410955 -0.73175496 0.17500000
v 0.11443100 -0.73149520 0.17500000
v 0.11475392 -0.73123801 0.17500000
v 0.11507824 -0.73098344 0.17500000
v 0.11540385 -0.73073161 0.17500000
v 0.11573066 -0.73048258 0.17500000
v 0.11605859 -0.73023647 0.17500000
v 0.11638754 -0.72999334 0.17500000
v 0.11671741 -0.72975332 0.17500000
v 0.11704814 -0.72951645 0.17500000
v 0.11737960 -0.72928280 0.17500000
v 0.11771173 -0.72905248 0.17500000
v 0.11804442 -0.72882557 0.17500000
v 0.11837758 -0.72860217 0.17500000
v 0.11871113 -0.72838235 0.17500000
v 0.11904497 -0.72816622 0.17500000
v 0.11937901 -0.72795379 0.17500000
v 0.11971316 -0.72774523 0.17500000
v 0.12004733 -0.72754061 0.17500000
v 0.12038143 -0.72733998 0.17500000
v 0.12071536 -0.72714347 0.17500000
v 0.12104904 -0.72695112 0.17500000
v 0.12138237 -0.72676301 0.17500000
v 0.12171526 -0.72657931 0.17500000
v 0.12204763 -0.72640002 0.17500000
v 0.12237936 -0.72622520 0.17500000
v 0.12271039 -0.72605509 0.17500000
v 0.12304062 -0.72588956 0.17500000
v 0.12336995 -0.72572887 0.17500000
v 0.12369829 -0.72557306 0.17500000
v 0.12402557 -0.72542214 0.17500000
v 0.12435167 -0.72527629 0.17500000
v 0.12467651 -0.72513556 0.17500000
v 0.12500000 -0.72500002 0.17500000
v 0.12532301 -0.72486544 0.17500000
v 0.12564641 -0.72472751 0.17500000
v 0.12597014 -0.72458643 0.17500000
v 0.12629408 -0.72444212 0.17500000
v 0.12661816 -0.72429478 0.17500000
v 0.12694229 -0.72414440 0.17500000
v 0.12726641 -0.72399104 0.17500000
v 0.12759039 -0.72383475 0.17500000
v 0.12791418 -0.72367567 0.17500000
v 0.12823768 -0.72351378 0.17500000
v 0.12856081 -0.72334927 0.17500000
v 0.12888350 -0.72318208 0.17500000
v 0.12920563 -0.72301233 0.17500000
v 0.12952714 -0.72284007 0.17500000
v 0.12984793 -0.72266543 0.17500000
v 0.13016793 -0.72248840 0.17500000
v 0.13048705 -0.72230911 0.17500000
v 0.13080519 -0.72212756 0.17500000
v 0.13112229 -0.72194386 0.17500000
v 0.13143826 -0.72175807 0.17500000
v 0.13175298 -0.72157019 0.17500000
v 0.13206641 -0.72138041 0.17500000
v 0.13237844 -0.72118878 0.17500000
v 0.13268900 -0.72099525 0.17500000
v 0.13299800 -0.72079998 0.17500000
v 0.13330534 -0.72060305 0.17500000
v 0.13361095 -0.72040451 0.17500000
v 0.13391474 -0.72020435 0.17500000
v 0.13421662 -0.72000271 0.17500000
v 0.13451652 -0.71979970 0.17500000
v 0.13481434 -0.71959525 0.17500000
v 0.13511001 -0.71938956 0.17500000
v 0.13540341 -0.71918267 0.17500000
v 0.13569450 -0.71897459 0.17500000
v 0.13598317 -0.71876544 0.17500000
v 0.13626933 -0.71855521 0.17500000
v 0.13655291 -0.71834409 0.17500000
v 0.13683383 -0.71813208 0.17500000
v 0.13711198 -0.71791923 0.17500000
v 0.13738729 -0.71770561 0.17500000
v 0.13765968 -0.71749133 0.17500000
v 0.13792905 -0.71727639 0.17500000
v 0.13819534 -0.71706092 0.17500000
v 0.13845843 -0.71684498 0.17500000
v 0.13871826 -0.71662861 0.17500000
v 0.13897473 -0.71641189 0.17500000
v 0.13922776 -0.71619487 0.17500000
v 0.13947728 -0.71597761 0.17500000
v 0.13972318 -0.71576023 0.17500000
v 0.13996540 -0.71554279 0.17500000
v 0.14020383 -0.71532530 0.17500000
v 0.14043841 -0.71510786 0.17500000
v 0.14066902 -0.71489054 0.17500000
v 0.14089561 -0.71467340 0.17500000
v 0.14111808 -0.71445650 0.17500000
v 0.14133634 -0.71423995 0.17500000
v 0.14155032 -0.71402377 0.17500000
v 0.14175990 -0.71380800 0.17500000
v 0.14196505 -0.71359277 0.17500000
v 0.14216565 -0.71337813 0.17500000
v 0.14236160 -0.71316415 0.17500000
v 0.14255285 -0.71295089 0.17500000
v 0.14273930 -0.71273839 0.17500000
v 0.14292085 -0.71252674 0.17500000
v 0.14309745 -0.71231604 0.17500000
v 0.14326897 -0.71210635 0.17500000
v 0.14343536 -0.71189767 0.17500000
v 0.14359653 -0.71169007 0.17500000
v 0.14375238 -0.71148372 0.17500000
v 0.14390284 -0.71127862 0.17500000
v 0.14404781 -0.71107483 0.17500000
v 0.14418721 -0.71087241 0.17500000
v 0.14432096 -0.71067142 0.17500000
v 0.14444898 -0.71047199 0.17500000
v 0.14457117 -0.71027416 0.17500000
v 0.14468746 -0.71007800 0.17500000
v 0.14479774 -0.70988351 0.17500000
v 0.14490195 -0.70969081 0.17500000
v 0.14500000 -0.70950001 0.17500000
v 0.14511344 -0.70928401 0.17500000
v 0.14522591 -0.70901614 0.17500000
v 0.14533739 -0.70869690 0.17500000
v 0.14544788 -0.70832682 0.17500000
v 0.14555734 -0.70790637 0.17500000
v 0.14566579 -0.70743603 0.17500000
v 0.14577322 -0.70691639 0.17500000
v 0.14587960 -0.70634800 0.17500000
v 0.14598490 -0.70573121 0.17500000
v 0.14608914 -0.70506668 0.17500000
v 0.14619230 -0.70435482 0.17500000
v 0.14629437 -0.70359623 0.17500000
v 0.14639533 -0.70279139 0.17500000
v 0.14649515 -0.70194077 0.17500000
v 0.14659385 -0.70104492 0.17500000
v 0.14669143 -0.70010436 0.17500000
v 0.14678782 -0.69911951 0.17500000
v 0.14688306 -0.69809103 0.17500000
v 0.14697711 -0.69701934 0.17500000
v 0.14706998 -0.69590491 0.17500000
v 0.14716163 -0.69474834 0.17500000
v 0.14725208 -0.69355017 0.17500000
v 0.14734130 -0.69231075 0.17500000
v 0.14742926 -0.69103074 0.17500000
v 0.14751598 -0.68971062 0.17500000
v 0.14760143 -0.68835086 0.17500000
v 0.14768560 -0.68695199 0.17500000
v 0.14776848 -0.68551451 0.17500000
v 0.14785007 -0.68403900 0.17500000
v 0.14793034 -0.68252587 0.17500000
v 0.14800927 -0.68097568 0.17500000
v 0.14808688 -0.67938894 0.17500000
v 0.14816312 -0.67776620 0.17500000
v 0.14823802 -0.67610788 0.17500000
v 0.14831154 -0.67441458 0.17500000
v 0.14838366 -0.67268676 0.17500000
v 0.14845438 -0.67092490 0.17500000
v 0.14852370 -0.66912961 0.17500000
v 0.14859159 -0.66730136 0.17500000
v 0.14865805 -0.66544062 0.17500000
v 0.14872305 -0.66354793 0.17500000
v 0.14878660 -0.66162378 0.17500000
v 0.14884868 -0.65966874 0.17500000
v 0.14890927 -0.65768325 0.17500000
v 0.14896835 -0.65566790 0.17500000
v 0.14902595 -0.65362310 0.17500000
v 0.14908201 -0.65154946 0.17500000
v 0.14913653 -0.64944738 0.17500000
v 0.14918952 -0.64731753 0.17500000
v 0.14924094 -0.64516026 0.17500000
v 0.14929080 -0.64297616 0.17500000
v 0.14933908 -0.64076579 0.17500000
v 0.14938575 -0.63852954 0.17500000
v 0.14943083 -0.63626802 0.17500000
v 0.14947428 -0.63398165 0.17500000
v 0.14951611 -0.63167101 0.17500000
v 0.14955628 -0.62933666 0.17500000
v 0.14959481 -0.62697899 0.17500000
v 0.30397362 -0.75453502 0.17500000
v 0.30417225 -0.75524920 0.17500000
v 0.30437738 -0.75592899 0.17500000
v 0.30458909 -0.75657612 0.17500000
v 0.30341554 -0.75216854 0.17500000
v 0.30359536 -0.75299644 0.17500000
v 0.30378136 -0.75378466 0.17500000
v 0.30291206 -0.74942946 0.17500000
v 0.30307397 -0.75038683 0.17500000
v 0.30324176 -0.75129926 0.17500000
v 0.30260533 -0.74737298 0.17500000
v 0.30275586 -0.74842542 0.17500000
v 0.30232084 -0.74511582 0.17500000
v 0.30246037 -0.74627036 0.17500000
v 0.30205768 -0.74264401 0.17500000
v 0.30218664 -0.74390763 0.17500000
v 0.30170125 -0.73850304 0.17500000
v 0.30159223 -0.73700017 0.17500000
v 0.30148792 -0.73543316 0.17500000
v 0.30138823 -0.73380017 0.17500000
v 0.30181509 -0.73994344 0.17500000
v 0.30193388 -0.74132317 0.17500000
v 0.30129305 -0.73209947 0.17500000
v 0.30120230 -0.73032933 0.17500000
v 0.30111584 -0.72848803 0.17500000
v 0.30103359 -0.72657377 0.17500000
v 0.30095544 -0.72458482 0.17500000
v 0.30081102 -0.72037572 0.17500000
v 0.30074456 -0.71815217 0.17500000
v 0.30088130 -0.72251940 0.17500000
v 0.30068180 -0.71584684 0.17500000
v 0.30062261 -0.71345806 0.17500000
v 0.30056688 -0.71098411 0.17500000
v 0.30051455 -0.70842314 0.17500000
v 0.30046549 -0.70577347 0.17500000
v 0.30738199 -0.76204127 0.17500000
v 0.30964354 -0.76464015 0.17500000
v 0.31000000 -0.76499999 0.17500000
v 0.31037867 -0.76537496 0.17500000
v 0.30768076 -0.76243341 0.17500000
v 0.30798745 -0.76281559 0.17500000
v 0.30830219 -0.76318973 0.17500000
v 0.30862507 -0.76355749 0.17500000
v 0.30895621 -0.76392066 0.17500000
v 0.30929565 -0.76428097 0.17500000
v 0.31234714 -0.76710981 0.17500000
v 0.31278101 -0.76742965 0.17500000
v 0.31193146 -0.76678109 0.17500000
v 0.31323665 -0.76774073 0.17500000
v 0.31075755 -0.76574045 0.17500000
v 0.31114024 -0.76609653 0.17500000
v 0.31153035 -0.76644337 0.17500000
v 0.31371763 -0.76804316 0.17500000
v 0.31422755 -0.76833707 0.17500000
v 0.31477001 -0.76862258 0.17500000
v 0.31534860 -0.76889980 0.17500000
v 0.31596690 -0.76916891 0.17500000
v 0.30480748 -0.75719237 0.17500000
v 0.30575001 -0.75938350 0.17500000
v 0.30600339 -0.75987154 0.17500000
v 0.30626407 -0.76033926 0.17500000
v 0.30653217 -0.76078832 0.17500000
v 0.30680779 -0.76122051 0.17500000
v 0.30709103 -0.76163757 0.17500000
v 0.30503267 -0.75777948 0.17500000
v 0.30526474 -0.75833917 0.17500000
v 0.30550382 -0.75887328 0.17500000
v 0.31662852 -0.76942998 0.17500000
v 0.31733701 -0.76968312 0.17500000
v 0.31809601 -0.76992846 0.17500000
v 0.31890908 -0.77016616 0.17500000
v 0.31977978 -0.77039629 0.17500000
v 0.32071179 -0.77061903 0.17500000
v 0.32170862 -0.77083445 0.17500000
v 0.32641616 -0.77162552 0.17500000
v 0.32779106 -0.77180624 0.17500000
v 0.32277387 -0.77104264 0.17500000
v 0.32391116 -0.77124387 0.17500000
v 0.32512406 -0.77143806 0.17500000
v 0.30041960 -0.70303333 0.17500000
v 0.30037677 -0.70020097 0.17500000
v 0.30033690 -0.69727463 0.17500000
v 0.30029991 -0.69425255 0.17500000
v 0.30026564 -0.69113296 0.17500000
v 0.30023405 -0.68791413 0.17500000
v 0.30020502 -0.68459439 0.17500000
v 0.30017841 -0.68117183 0.17500000
v 0.30015415 -0.67764485 0.17500000
v 0.30013216 -0.67401153 0.17500000
v 0.30011228 -0.67027026 0.17500000
v 0.30009443 -0.66641927 0.17500000
v 0.30007848 -0.66245675 0.17500000
v 0.30006441 -0.65838099 0.17500000
v 0.30005202 -0.65419024 0.17500000
v 0.30004129 -0.64988267 0.17500000
v 0.30003205 -0.64545661 0.17500000
v 0.30002421 -0.64091033 0.17500000
v 0.30001768 -0.63624197 0.17500000
v 0.30001238 -0.63144988 0.17500000
v 0.30000818 -0.62653226 0.17500000
v 0.32925233 -0.77198040 0.17500000
v 0.33080360 -0.77214813 0.17500000
v 0.33244842 -0.77230954 0.17500000
v 0.33419040 -0.77246469 0.17500000
v 0.33603314 -0.77261382 0.17500000
v 0.33798018 -0.77275693 0.17500000
v 0.34003517 -0.77289420 0.17500000
v 0.34220168 -0.77302581 0.17500000
v 0.34448329 -0.77315176 0.17500000
v 0.34688357 -0.77327228 0.17500000
v 0.34940615 -0.77338743 0.17500000
v 0.35205460 -0.77349734 0.17500000
v 0.35483253 -0.77360213 0.17500000
v 0.35774350 -0.77370191 0.17500000
v 0.36079112 -0.77379686 0.17500000
v 0.36397895 -0.77388704 0.17500000
v 0.36731064 -0.77397263 0.17500000
v 0.37078974 -0.77405369 0.17500000
v 0.37441984 -0.77413040 0.17500000
v 0.00059011 -0.42524678 0.17500000
v 0.00727754 -0.42528039 0.17500000
v 0.01373641 -0.42531690 0.17500000
v 0.01997095 -0.42535648 0.17500000
v 0.02598536 -0.42539921 0.17500000
v 0.03178387 -0.42544523 0.17500000
v 0.03737070 -0.42549467 0.17500000
v 0.04275005 -0.42554763 0.17500000
v 0.04792615 -0.42560422 0.17500000
v 0.05290321 -0.42566460 0.17500000
v 0.05768545 -0.42572889 0.17500000
v 0.06227709 -0.42579716 0.17500000
v 0.06668235 -0.42586961 0.17500000
v 0.07090542 -0.42594630 0.17500000
v 0.07495055 -0.42602736 0.17500000
v 0.07882194 -0.42611292 0.17500000
v 0.08252382 -0.42620313 0.17500000
v 0.08606038 -0.42629808 0.17500000
v 0.08943587 -0.42639789 0.17500000
v 0.09265447 -0.42650267 0.17500000
v 0.14963168 -0.62459862 0.17500000
v 0.14966685 -0.62219596 0.17500000
v 0.14970034 -0.61977160 0.17500000
v 0.14973213 -0.61732602 0.17500000
v 0.14976220 -0.61485970 0.17500000
v 0.14979054 -0.61237323 0.17500000
v 0.14981714 -0.60986704 0.17500000
v 0.14984198 -0.60734171 0.17500000
v 0.14986506 -0.60479766 0.17500000
v 0.14988637 -0.60223550 0.17500000
v 0.14990589 -0.59965575 0.17500000
v 0.14992361 -0.59705877 0.17500000
v 0.14993951 -0.59444523 0.17500000
v 0.14995359 -0.59181559 0.17500000
v 0.14996582 -0.58917034 0.17500000
v 0.14997622 -0.58651000 0.17500000
v 0.14998475 -0.58383512 0.17500000
v 0.14999141 -0.58114618 0.17500000
v 0.14999618 -0.57844365 0.17500000
v 0.14999904 -0.57572806 0.17500000
v 0.15000001 -0.57300001 0.17500000
v 0.14999974 -0.56844085 0.17500000
v 0.14999890 -0.56399041 0.17500000
v 0.14999737 -0.55964720 0.17500000
v 0.14999504 -0.55540973 0.17500000
v 0.14999184 -0.55127668 0.17500000
v 0.14998762 -0.54724663 0.17500000
v 0.14998230 -0.54331803 0.17500000
v 0.14997579 -0.53948963 0.17500000
v 0.14996797 -0.53575987 0.17500000
v 0.14995873 -0.53212738 0.17500000
v 0.14994797 -0.52859074 0.17500000
v 0.14993560 -0.52514851 0.17500000
v 0.14992151 -0.52179927 0.17500000
v 0.14990559 -0.51854157 0.17500000
v 0.14988774 -0.51537406 0.17500000
v 0.14986786 -0.51229525 0.17500000
v 0.14984584 -0.50930375 0.17500000
v 0.14982158 -0.50639814 0.17500000
v 0.14979498 -0.50357693 0.17500000
v 0.14976594 -0.50083882 0.17500000
v 0.14973435 -0.49818224 0.17500000
v 0.14970011 -0.49560586 0.17500000
v 0.14966309 -0.49310824 0.17500000
v 0.14962323 -0.49068794 0.17500000
v 0.14958040 -0.48834357 0.17500000
v 0.14937741 -0.47969660 0.17500000
v 0.14953451 -0.48607367 0.17500000
v 0.14948545 -0.48387682 0.17500000
v 0.14943312 -0.48175162 0.17500000
v 0.14931820 -0.47771040 0.17500000
v 0.14925542 -0.47579157 0.17500000
v 0.14918897 -0.47393867 0.17500000
v 0.14911871 -0.47215027 0.17500000
v 0.14904456 -0.47042498 0.17500000
v 0.14896642 -0.46876135 0.17500000
v 0.09572043 -0.42661259 0.17500000
v 0.09863796 -0.42672774 0.17500000
v 0.10141126 -0.42684823 0.17500000
v 0.10404456 -0.42697421 0.17500000
v 0.10654207 -0.42710578 0.17500000
v 0.10890801 -0.42724305 0.17500000
v 0.11114661 -0.42738619 0.17500000
v 0.11326206 -0.42753530 0.17500000
v 0.11525859 -0.42769048 0.17500000
v 0.11714042 -0.42785186 0.17500000
v 0.13147615 -0.43007153 0.17500000
v 0.13057774 -0.42983386 0.17500000
v 0.13380361 -0.43083110 0.17500000
v 0.13308486 -0.43057004 0.17500000
v 0.13231045 -0.43031690 0.17500000
v 0.13447089 -0.43110019 0.17500000
v 0.13763028 -0.43289018 0.17500000
v 0.13620622 -0.43195686 0.17500000
v 0.13566799 -0.43166295 0.17500000
v 0.13509095 -0.43137744 0.17500000
v 0.13718316 -0.43257037 0.17500000
v 0.13670987 -0.43225929 0.17500000
v 0.14035645 -0.43535981 0.17500000
v 0.14000000 -0.43500000 0.17500000
v 0.13962123 -0.43462503 0.17500000
v 0.13805547 -0.43321890 0.17500000
v 0.13924162 -0.43425956 0.17500000
v 0.13885693 -0.43390349 0.17500000
v 0.13846295 -0.43355662 0.17500000
v 0.11891177 -0.42801958 0.17500000
v 0.12057684 -0.42819375 0.17500000
v 0.12213986 -0.42837447 0.17500000
v 0.12360505 -0.42856190 0.17500000
v 0.12497662 -0.42875615 0.17500000
v 0.12745576 -0.42916557 0.17500000
v 0.12625878 -0.42895734 0.17500000
v 0.12857176 -0.42938098 0.17500000
v 0.12961103 -0.42960373 0.17500000
v 0.14888416 -0.46715796 0.17500000
v 0.14879771 -0.46561339 0.17500000
v 0.14870694 -0.46412623 0.17500000
v 0.14861177 -0.46269506 0.17500000
v 0.14851208 -0.46131840 0.17500000
v 0.14840777 -0.45999488 0.17500000
v 0.14829876 -0.45872307 0.17500000
v 0.14818490 -0.45750153 0.17500000
v 0.14806612 -0.45632887 0.17500000
v 0.14794230 -0.45520362 0.17500000
v 0.14781335 -0.45412436 0.17500000
v 0.14767917 -0.45308971 0.17500000
v 0.14753963 -0.45209819 0.17500000
v 0.14739466 -0.45114842 0.17500000
v 0.14724413 -0.45023897 0.17500000
v 0.14708796 -0.44936839 0.17500000
v 0.14621866 -0.44554904 0.17500000
v 0.14602639 -0.44488189 0.17500000
v 0.14640464 -0.44624650 0.17500000
v 0.14582774 -0.44424367 0.17500000
v 0.14562261 -0.44363293 0.17500000
v 0.14541091 -0.44304827 0.17500000
v 0.14425001 -0.44046625 0.17500000
v 0.14399661 -0.44000813 0.17500000
v 0.14373593 -0.43956614 0.17500000
v 0.14519252 -0.44248825 0.17500000
v 0.14496733 -0.44195148 0.17500000
v 0.14473525 -0.44143650 0.17500000
v 0.14449617 -0.44094190 0.17500000
v 0.14346783 -0.43913880 0.17500000
v 0.14319222 -0.43872473 0.17500000
v 0.14290898 -0.43832248 0.17500000
v 0.14261803 -0.43793067 0.17500000
v 0.14231925 -0.43754783 0.17500000
v 0.14201254 -0.43717256 0.17500000
v 0.14169779 -0.43680343 0.17500000
v 0.14137492 -0.43643901 0.17500000
v 0.14104381 -0.43607786 0.17500000
v 0.14070435 -0.43571860 0.17500000
v 0.14692602 -0.44853529 0.17500000
v 0.14675823 -0.44773823 0.17500000
v 0.14658447 -0.44697577 0.17500000
v 0.30000496 -0.62148738 0.17500000
v 0.30000263 -0.61631346 0.17500000
v 0.30000108 -0.61100876 0.17500000
v 0.30000025 -0.60557151 0.17500000
v 0.30000001 -0.60000002 0.17500000
v 0.30000025 -0.59442848 0.17500000
v 0.30000108 -0.58899122 0.17500000
v 0.30000263 -0.58368653 0.17500000
v 0.30000496 -0.57851261 0.17500000
v 0.30000818 -0.57346773 0.17500000
v 0.30001238 -0.56855011 0.17500000
v 0.30001768 -0.56375802 0.17500000
v 0.30002421 -0.55908966 0.17500000
v 0.30003205 -0.55454338 0.17500000
v 0.30004129 -0.55011731 0.17500000
v 0.30005202 -0.54580981 0.17500000
v 0.30006441 -0.54161900 0.17500000
v 0.30007848 -0.53754324 0.17500000
v 0.30009443 -0.53358072 0.17500000
v 0.30011228 -0.52972972 0.17500000
v 0.30013216 -0.52598846 0.17500000
v 0.30015415 -0.52235520 0.17500000
v 0.30017841 -0.51882815 0.17500000
v 0.30020502 -0.51540565 0.17500000
v 0.30023405 -0.51208586 0.17500000
v 0.30026564 -0.50886703 0.17500000
v 0.30029991 -0.50574750 0.17500000
v 0.30033690 -0.50272542 0.17500000
v 0.30037677 -0.49979904 0.17500000
v 0.30041960 -0.49696666 0.17500000
v 0.30046549 -0.49422652 0.17500000
v 0.30051455 -0.49157685 0.17500000
v 0.30056688 -0.48901591 0.17500000
v 0.30062261 -0.48654193 0.17500000
v 0.30068180 -0.48415315 0.17500000
v 0.30074456 -0.48184785 0.17500000
v 0.30081102 -0.47962427 0.17500000
v 0.30088130 -0.47748062 0.17500000
v 0.30095544 -0.47541520 0.17500000
v 0.30103359 -0.47342622 0.17500000
v 0.30111584 -0.47151196 0.17500000
v 0.30120230 -0.46967065 0.17500000
v 0.30129305 -0.46790051 0.17500000
v 0.30138823 -0.46619985 0.17500000
v 0.30148792 -0.46456686 0.17500000
v 0.30159223 -0.46299982 0.17500000
v 0.30170125 -0.46149695 0.17500000
v 0.30181509 -0.46005654 0.17500000
v 0.30205768 -0.45735598 0.17500000
v 0.30193388 -0.45867679 0.17500000
v 0.30232084 -0.45488414 0.17500000
v 0.30218664 -0.45609236 0.17500000
v 0.30260533 -0.45262700 0.17500000
v 0.30246037 -0.45372963 0.17500000
v 0.30307397 -0.44961318 0.17500000
v 0.30291206 -0.45057055 0.17500000
v 0.30275586 -0.45157456 0.17500000
v 0.30359536 -0.44700354 0.17500000
v 0.30341554 -0.44783145 0.17500000
v 0.30324176 -0.44870073 0.17500000
v 0.30417225 -0.44475082 0.17500000
v 0.30397362 -0.44546500 0.17500000
v 0.30378136 -0.44621533 0.17500000
v 0.30437738 -0.44407102 0.17500000
v 0.30458909 -0.44342390 0.17500000
v 0.30550382 -0.44112673 0.17500000
v 0.30526474 -0.44166082 0.17500000
v 0.30503267 -0.44222054 0.17500000
v 0.30480748 -0.44280764 0.17500000
v 0.30626407 -0.43966076 0.17500000
v 0.30600339 -0.44012845 0.17500000
v 0.30575001 -0.44061652 0.17500000
v 0.30709103 -0.43836242 0.17500000
v 0.30680779 -0.43877947 0.17500000
v 0.30653217 -0.43921170 0.17500000
v 0.30738199 -0.43795872 0.17500000
v 0.30830219 -0.43681026 0.17500000
v 0.30798745 -0.43718439 0.17500000
v 0.30768076 -0.43756661 0.17500000
v 0.30929565 -0.43571904 0.17500000
v 0.30895621 -0.43607935 0.17500000
v 0.30862507 -0.43644249 0.17500000
v 0.31000000 -0.43500000 0.17500000
v 0.30964354 -0.43535984 0.17500000
v 0.31037870 -0.43462503 0.17500000
v 0.31193793 -0.43321890 0.17500000
v 0.31153366 -0.43355662 0.17500000
v 0.31114164 -0.43390349 0.17500000
v 0.31075796 -0.43425956 0.17500000
v 0.31326312 -0.43225929 0.17500000
v 0.31279877 -0.43257037 0.17500000
v 0.31235832 -0.43289018 0.17500000
v 0.31375533 -0.43195686 0.17500000
v 0.31543797 -0.43110019 0.17500000
v 0.31483886 -0.43137744 0.17500000
v 0.31427929 -0.43166295 0.17500000
v 0.31608054 -0.43083110 0.17500000
v 0.31677043 -0.43057004 0.17500000
v 0.31751159 -0.43031690 0.17500000
v 0.31916317 -0.42983386 0.17500000
v 0.31830785 -0.43007153 0.17500000
v 0.32106653 -0.42938098 0.17500000
v 0.32008144 -0.42960373 0.17500000
v 0.32212237 -0.42916557 0.17500000
v 0.32325286 -0.42895734 0.17500000
v 0.32446188 -0.42875615 0.17500000
v 0.32713115 -0.42837447 0.17500000
v 0.32575333 -0.42856190 0.17500000
v 0.32859918 -0.42819375 0.17500000
v 0.33016139 -0.42801958 0.17500000
v 0.33182162 -0.42785186 0.17500000
v 0.33358380 -0.42769048 0.17500000
v 0.33545181 -0.42753530 0.17500000
v 0.33742958 -0.42738619 0.17500000
v 0.33952099 -0.42724305 0.17500000
v 0.34172994 -0.42710578 0.17500000
v 0.34406033 -0.42697421 0.17500000
v 0.34651607 -0.42684823 0.17500000
v 0.34910107 -0.42672774 0.17500000
v 0.35181919 -0.42661259 0.17500000
v 0.35467437 -0.42650267 0.17500000
v 0.35767052 -0.42639789 0.17500000
v 0.36081147 -0.42629808 0.17500000
v 0.36410120 -0.42620313 0.17500000
v 0.36754358 -0.42611292 0.17500000
v 0.37114248 -0.42602736 0.17500000
v 0.37490183 -0.42594630 0.17500000
v 0.37820452 -0.77420282 0.17500000
v 0.38214740 -0.77427113 0.17500000
v 0.38625205 -0.77433538 0.17500000
v 0.39052206 -0.77439576 0.17500000
v 0.39496103 -0.77445239 0.17500000
v 0.39957252 -0.77450532 0.17500000
v 0.40436018 -0.77455479 0.17500000
v 0.40932754 -0.77460080 0.17500000
v 0.41447821 -0.77464354 0.17500000
v 0.41981581 -0.77468306 0.17500000
v 0.42534390 -0.77471960 0.17500000
v 0.43106607 -0.77475321 0.17500000
v 0.43698591 -0.77478403 0.17500000
v 0.44310701 -0.77481216 0.17500000
v 0.44943297 -0.77483773 0.17500000
v 0.45596737 -0.77486086 0.17500000
v 0.46271378 -0.77488172 0.17500000
v 0.46967584 -0.77490038 0.17500000
v 0.47685713 -0.77491695 0.17500000
v 0.48426121 -0.77493155 0.17500000
v 0.49189168 -0.77494437 0.17500000
v 0.49975213 -0.77495545 0.17500000
v 0.50784618 -0.77496493 0.17500000
v 0.51617736 -0.77497298 0.17500000
v 0.52474928 -0.77497971 0.17500000
v 0.53356558 -0.77498519 0.17500000
v 0.54262978 -0.77498960 0.17500000
v 0.55194557 -0.77499306 0.17500000
v 0.56151640 -0.77499563 0.17500000
v 0.57134598 -0.77499747 0.17500000
v 0.58143783 -0.77499872 0.17500000
v 0.59179556 -0.77499944 0.17500000
v 0.60242277 -0.77499986 0.17500000
v 0.62449998 -0.77499998 0.17500000
v 0.63703150 -0.77500087 0.17500000
v 0.64922410 -0.77500325 0.17500000
v 0.66108268 -0.77500665 0.17500000
v 0.67261207 -0.77501070 0.17500000
v 0.68381715 -0.77501494 0.17500000
v 0.69470263 -0.77501881 0.17500000
v 0.70527339 -0.77502209 0.17500000
v 0.71553427 -0.77502412 0.17500000
v 0.72549015 -0.77502465 0.17500000
v 0.73514581 -0.77502310 0.17500000
v 0.74450606 -0.77501917 0.17500000
v 0.37882555 -0.42586961 0.17500000
v 0.38291749 -0.42579716 0.17500000
v 0.38718161 -0.42572889 0.17500000
v 0.39162177 -0.42566460 0.17500000
v 0.39624187 -0.42560422 0.17500000
v 0.40104583 -0.42554763 0.17500000
v 0.40603754 -0.42549467 0.17500000
v 0.41122088 -0.42544523 0.17500000
v 0.41659978 -0.42539921 0.17500000
v 0.42217815 -0.42535648 0.17500000
v 0.42795986 -0.42531690 0.17500000
v 0.43394881 -0.42528039 0.17500000
v 0.44014892 -0.42524678 0.17500000
v 0.44656408 -0.42521596 0.17500000
v 0.45319819 -0.42518783 0.17500000
v 0.46005517 -0.42516226 0.17500000
v 0.46713889 -0.42513913 0.17500000
v 0.47445327 -0.42511830 0.17500000
v 0.48200220 -0.42509964 0.17500000
v 0.48978958 -0.42508307 0.17500000
v 0.49781930 -0.42506847 0.17500000
v 0.50609529 -0.42505565 0.17500000
v 0.51462144 -0.42504457 0.17500000
v 0.52340162 -0.42503506 0.17500000
v 0.53243977 -0.42502698 0.17500000
v 0.54173976 -0.42502028 0.17500000
v 0.55130553 -0.42501479 0.17500000
v 0.56114095 -0.42501038 0.17500000
v 0.57124996 -0.42500696 0.17500000
v 0.58163637 -0.42500439 0.17500000
v 0.59230417 -0.42500255 0.17500000
v 0.60325724 -0.42500129 0.17500000
v 0.61449945 -0.42500055 0.17500000
v 0.62603468 -0.42500016 0.17500000
v 0.67396528 -0.42500016 0.17500000
v 0.68550056 -0.42500055 0.17500000
v 0.69674277 -0.42500129 0.17500000
v 0.70769584 -0.42500255 0.17500000
v 0.71836358 -0.42500439 0.17500000
v 0.72875005 -0.42500696 0.17500000
v 0.73885900 -0.42501038 0.17500000
v 0.74869442 -0.42501479 0.17500000
v 0.00159365 -0.77426368 0.29499999
v 0.00709653 -0.77415085 0.29499999
v 0.01237229 -0.77402771 0.29499999
v 0.01742618 -0.77389377 0.29499999
v 0.02226344 -0.77374864 0.29499999
v 0.02688932 -0.77359188 0.29499999
v 0.03130906 -0.77342296 0.29499999
v 0.03552791 -0.77324152 0.29499999
v 0.03955111 -0.77304709 0.29499999
v 0.04338391 -0.77283931 0.29499999
v 0.04703155 -0.77261764 0.29499999
v 0.05049927 -0.77238166 0.29499999
v 0.05379233 -0.77213103 0.29499999
v 0.05691597 -0.77186513 0.29499999
v 0.05987542 -0.77158374 0.29499999
v 0.06267595 -0.77128625 0.29499999
v 0.06532279 -0.77097225 0.29499999
v 0.06782119 -0.77064139 0.29499999
v 0.07017639 -0.77029318 0.29499999
v 0.07239363 -0.76992714 0.29499999
v 0.07447817 -0.76954287 0.29499999
v 0.07643525 -0.76914001 0.29499999
v 0.07827010 -0.76871794 0.29499999
v 0.07998799 -0.76827639 0.29499999
v 0.08159415 -0.76781482 0.29499999
v 0.08309382 -0.76733285 0.29499999
v 0.08449226 -0.76683003 0.29499999
v 0.08579470 -0.76630592 0.29499999
v 0.08700640 -0.76576006 0.29499999
v 0.08813260 -0.76519203 0.29499999
v 0.08917854 -0.76460141 0.29499999
v 0.09014946 -0.76398772 0.29499999
v 0.09105062 -0.76335049 0.29499999
v 0.09188726 -0.76268941 0.29499999
v 0.09266461 -0.76200396 0.29499999
v 0.09338795 -0.76129365 0.29499999
v 0.09406248 -0.76055819 0.29499999
v 0.09469348 -0.75979698 0.29499999
v 0.09528618 -0.75900966 0.29499999
v 0.09584583 -0.75819582 0.29499999
v 0.09637767 -0.75735497 0.29499999
v 0.09688696 -0.75648671 0.29499999
v 0.09737892 -0.75559056 0.29499999
v 0.09785880 -0.75466609 0.29499999
v 0.09833187 -0.75371289 0.29499999
v 0.09880335 -0.75273055 0.29499999
v 0.09927849 -0.75171852 0.29499999
v 0.09976254 -0.75067651 0.29499999
v 0.10026075 -0.74960393 0.29499999
v 0.10077835 -0.74850047 0.29499999
v 0.10132060 -0.74736559 0.29499999
v 0.10189273 -0.74619889 0.29499999
v 0.10250000 -0.74500000 0.29499999
v 0.10265477 -0.74471450 0.29499999
v 0.10281521 -0.74442762 0.29499999
v 0.10298124 -0.74413949 0.29499999
v 0.10315277 -0.74385011 0.29499999
v 0.10332970 -0.74355972 0.29499999
v 0.10351194 -0.74326825 0.29499999
v 0.10369939 -0.74297589 0.29499999
v 0.10389198 -0.74268264 0.29499999
v 0.10408962 -0.74238867 0.29499999
v 0.10429219 -0.74209398 0.29499999
v 0.10449962 -0.74179876 0.29499999
v 0.10471182 -0.74150300 0.29499999
v 0.10492869 -0.74120682 0.29499999
v 0.10515013 -0.74091029 0.29499999
v 0.10537607 -0.74061352 0.29499999
v 0.10560641 -0.74031663 0.29499999
v 0.10584106 -0.74001962 0.29499999
v 0.10607993 -0.73972261 0.29499999
v 0.10632291 -0.73942572 0.29499999
v 0.10656994 -0.73912895 0.29499999
v 0.10682091 -0.73883247 0.29499999
v 0.10707573 -0.73853636 0.29499999
v 0.10733431 -0.73824066 0.29499999
v 0.10759655 -0.73794550 0.29499999
v 0.10786238 -0.73765093 0.29499999
v 0.10813169 -0.73735708 0.29499999
v 0.10840440 -0.73706394 0.29499999
v 0.10868041 -0.73677170 0.29499999
v 0.10895964 -0.73648036 0.29499999
v 0.10924198 -0.73619008 0.29499999
v 0.10952736 -0.73590094 0.29499999
v 0.10981567 -0.73561299 0.29499999
v 0.11010683 -0.73532629 0.29499999
v 0.11040075 -0.73504096 0.29499999
v 0.11069734 -0.73475713 0.29499999
v 0.11099650 -0.73447478 0.29499999
v 0.11129814 -0.73419410 0.29499999
v 0.11160216 -0.73391509 0.29499999
v 0.11190850 -0.73363787 0.29499999
v 0.11221704 -0.73336256 0.29499999
v 0.11252770 -0.73308921 0.29499999
v 0.11284038 -0.73281795 0.29499999
v 0.11315500 -0.73254877 0.29499999
v 0.11347146 -0.73228186 0.29499999
v 0.11378968 -0.73201722 0.29499999
v 0.11410955 -0.73175496 0.29499999
v 0.11443100 -0.73149520 0.29499999
v 0.11475392 -0.73123801 0.29499999
v 0.11507824 -0.73098344 0.29499999
v 0.11540385 -0.73073161 0.29499999
v 0.11573066 -0.73048258 0.29499999
v 0.11605859 -0.73023647 0.29499999
v 0.11638754 -0.72999334 0.29499999
v 0.11671741 -0.72975332 0.29499999
v 0.11704814 -0.72951645 0.29499999
v 0.11737960 -0.72928280 0.29499999
v 0.11771173 -0.72905248 0.29499999
v 0.11804442 -0.72882557 0.29499999
v 0.11837758 -0.72860217 0.29499999
v 0.11871113 -0.72838235 0.29499999
v 0.11904497 -0.72816622 0.29499999
v 0.11937901 -0.72795379 0.29499999
v 0.11971316 -0.72774523 0.29499999
v 0.12004733 -0.72754061 0.29499999
v 0.12038143 -0.72733998 0.29499999
v 0.12071536 -0.72714347 0.29499999
v 0.12104904 -0.72695112 0.29499999
v 0.12138237 -0.72676301 0.29499999
v 0.12171526 -0.72657931 0.29499999
v 0.12204763 -0.72640002 0.29499999
v 0.12237936 -0.72622520 0.29499999
v 0.12271039 -0.72605509 0.29499999
v 0.12304062 -0.72588956 0.29499999
v 0.12336995 -0.72572887 0.29499999
v 0.12369829 -0.72557306 0.29499999
v 0.12402557 -0.72542214 0.29499999
v 0.12435167 -0.72527629 0.29499999
v 0.12467651 -0.72513556 0.29499999
v 0.12500000 -0.72500002 0.29499999
v 0.12532301 -0.72486544 0.29499999
v 0.12564641 -0.72472751 0.29499999
v 0.12597014 -0.72458643 0.29499999
v 0.12629408 -0.72444212 0.29499999
v 0.12661816 -0.72429478 0.29499999
v 0.12694229 -0.72414440 0.29499999
v 0.12726641 -0.72399104 0.29499999
v 0.12759039 -0.72383475 0.29499999
v 0.12791418 -0.72367567 0.29499999
v 0.12823768 -0.72351378 0.29499999
v 0.12856081 -0.72334927 0.29499999
v 0.12888350 -0.72318208 0.29499999
v 0.12920563 -0.72301233 0.29499999
v 0.12952714 -0.72284007 0.29499999
v 0.12984793 -0.72266543 0.29499999
v 0.13016793 -0.72248840 0.29499999
v 0.13048705 -0.72230911 0.29499999
v 0.13080519 -0.72212756 0.29499999
v 0.13112229 -0.72194386 0.29499999
v 0.13143826 -0.72175807 0.29499999
v 0.13175298 -0.72157019 0.29499999
v 0.13206641 -0.72138041 0.29499999
v 0.13237844 -0.72118878 0.29499999
v 0.13268900 -0.72099525 0.29499999
v 0.13299800 -0.72079998 0.29499999
v 0.13330534 -0.72060305 0.29499999
v 0.13361095 -0.72040451 0.29499999
v 0.13391474 -0.72020435 0.29499999
v 0.13421662 -0.72000271 0.29499999
v 0.13451652 -0.71979970 0.29499999
v 0.13481434 -0.71959525 0.29499999
v 0.13511001 -0.71938956 0.29499999
v 0.13540341 -0.71918267 0.29499999
v 0.13569450 -0.71897459 0.29499999
v 0.13598317 -0.71876544 0.29499999
v 0.13626933 -0.71855521 0.29499999
v 0.13655291 -0.71834409 0.29499999
v 0.13683383 -0.71813208 0.29499999
v 0.13711198 -0.71791923 0.29499999
v 0.13738729 -0.71770561 0.29499999
v 0.13765968 -0.71749133 0.29499999
v 0.13792905 -0.71727639 0.29499999
v 0.13819534 -0.71706092 0.29499999
v 0.13845843 -0.71684498 0.29499999
v 0.13871826 -0.71662861 0.29499999
v 0.13897473 -0.71641189 0.29499999
v 0.13922776 -0.71619487 0.29499999
v 0.13947728 -0.71597761 0.29499999
v 0.13972318 -0.71576023 0.29499999
v 0.13996540 -0.71554279 0.29499999
v 0.14020383 -0.71532530 0.29499999
v 0.14043841 -0.71510786 0.29499999
v 0.14066902 -0.71489054 0.29499999
v 0.14089561 -0.71467340 0.29499999
v 0.14111808 -0.71445650 0.29499999
v 0.14133634 -0.71423995 0.29499999
v 0.14155032 -0.71402377 0.29499999
v 0.14175990 -0.71380800 0.29499999
v 0.14196505 -0.71359277 0.29499999
v 0.14216565 -0.71337813 0.29499999
v 0.14236160 -0.71316415 0.29499999
v 0.14255285 -0.71295089 0.29499999
v 0.14273930 -0.71273839 0.29499999
v 0.14292085 -0.71252674 0.29499999
v 0.14309745 -0.71231604 0.29499999
v 0.14326897 -0.71210635 0.29499999
v 0.14343536 -0.71189767 0.29499999
v 0.14359653 -0.71169007 0.29499999
v 0.14375238 -0.71148372 0.29499999
v 0.14390284 -0.71127862 0.29499999
v 0.14404781 -0.71107483 0.29499999
v 0.14418721 -0.71087241 0.29499999
v 0.14432096 -0.71067142 0.29499999
v 0.14444898 -0.71047199 0.29499999
v 0.14457117 -0.71027416 0.29499999
v 0.14468746 -0.71007800 0.29499999
v 0.14479774 -0.70988351 0.29499999
v 0.14490195 -0.70969081 0.29499999
v 0.14500000 -0.70950001 0.29499999
v 0.14511344 -0.70928401 0.29499999
v 0.14522591 -0.70901614 0.29499999
v 0.14533739 -0.70869690 0.29499999
v 0.14544788 -0.70832682 0.29499999
v 0.14555734 -0.70790637 0.29499999
v 0.14566579 -0.70743603 0.29499999
v 0.14577322 -0.70691639 0.29499999
v 0.14587960 -0.70634800 0.29499999
v 0.14598490 -0.70573121 0.29499999
v 0.14608914 -0.70506668 0.29499999
v 0.14619230 -0.70435482 0.29499999
v 0.14629437 -0.70359623 0.29499999
v 0.14639533 -0.70279139 0.29499999
v 0.14649515 -0.70194077 0.29499999
v 0.14659385 -0.70104492 0.29499999
v 0.14669143 -0.70010436 0.29499999
v 0.14678782 -0.69911951 0.29499999
v 0.14688306 -0.69809103 0.29499999
v 0.14697711 -0.69701934 0.29499999
v 0.14706998 -0.69590491 0.29499999
v 0.14716163 -0.69474834 0.29499999
v 0.14725208 -0.69355017 0.29499999
v 0.14734130 -0.69231075 0.29499999
v 0.14742926 -0.69103074 0.29499999
v 0.14751598 -0.68971062 0.29499999
v 0.14760143 -0.68835086 0.29499999
v 0.14768560 -0.68695199 0.29499999
v 0.14776848 -0.68551451 0.29499999
v 0.14785007 -0.68403900 0.29499999
v 0.14793034 -0.68252587 0.29499999
v 0.14800927 -0.68097568 0.29499999
v 0.14808688 -0.67938894 0.29499999
v 0.14816312 -0.67776620 0.29499999
v 0.14823802 -0.67610788 0.29499999
v 0.14831154 -0.67441458 0.29499999
v 0.14838366 -0.67268676 0.29499999
v 0.14845438 -0.67092490 0.29499999
v 0.14852370 -0.66912961 0.29499999
v 0.14859159 -0.66730136 0.29499999
v 0.14865805 -0.66544062 0.29499999
v 0.14872305 -0.66354793 0.29499999
v 0.14878660 -0.66162378 0.29499999
v 0.14884868 -0.65966874 0.29499999
v 0.14890927 -0.65768325 0.29499999
v 0.14896835 -0.65566790 0.29499999
v 0.14902595 -0.65362310 0.29499999
v 0.14908201 -0.65154946 0.29499999
v 0.14913653 -0.64944738 0.29499999
v 0.14918952 -0.64731753 0.29499999
v 0.14924094 -0.64516026 0.29499999
v 0.14929080 -0.64297616 0.29499999
v 0.14933908 -0.64076579 0.29499999
v 0.14938575 -0.63852954 0.29499999
v 0.14943083 -0.63626802 0.29499999
v 0.14947428 -0.63398165 0.29499999
v 0.14951611 -0.63167101 0.29499999
v 0.14955628 -0.62933666 0.29499999
v 0.14959481 -0.62697899 0.29499999
v 0.30458909 -0.75657612 0.29499999
v 0.30378136 -0.75378466 0.29499999
v 0.30397362 -0.75453502 0.29499999
v 0.30417225 -0.75524920 0.29499999
v 0.30437738 -0.75592899 0.29499999
v 0.30341554 -0.75216854 0.29499999
v 0.30359536 -0.75299644 0.29499999
v 0.30324176 -0.75129926 0.29499999
v 0.30291206 -0.74942946 0.29499999
v 0.30307397 -0.75038683 0.29499999
v 0.30260533 -0.74737298 0.29499999
v 0.30275586 -0.74842542 0.29499999
v 0.30246037 -0.74627036 0.29499999
v 0.30218664 -0.74390763 0.29499999
v 0.30232084 -0.74511582 0.29499999
v 0.30205768 -0.74264401 0.29499999
v 0.30170125 -0.73850304 0.29499999
v 0.30159223 -0.73700017 0.29499999
v 0.30138823 -0.73380017 0.29499999
v 0.30148792 -0.73543316 0.29499999
v 0.30193388 -0.74132317 0.29499999
v 0.30181509 -0.73994344 0.29499999
v 0.30129305 -0.73209947 0.29499999
v 0.30111584 -0.72848803 0.29499999
v 0.30120230 -0.73032933 0.29499999
v 0.30103359 -0.72657377 0.29499999
v 0.30095544 -0.72458482 0.29499999
v 0.30074456 -0.71815217 0.29499999
v 0.30081102 -0.72037572 0.29499999
v 0.30088130 -0.72251940 0.29499999
v 0.30068180 -0.71584684 0.29499999
v 0.30062261 -0.71345806 0.29499999
v 0.30056688 -0.71098411 0.29499999
v 0.30051455 -0.70842314 0.29499999
v 0.30046549 -0.70577347 0.29499999
v 0.30738199 -0.76204127 0.29499999
v 0.30929565 -0.76428097 0.29499999
v 0.30964354 -0.76464015 0.29499999
v 0.31000000 -0.76499999 0.29499999
v 0.31037867 -0.76537496 0.29499999
v 0.30768076 -0.76243341 0.29499999
v 0.30798745 -0.76281559 0.29499999
v 0.30830219 -0.76318973 0.29499999
v 0.30862507 -0.76355749 0.29499999
v 0.30895621 -0.76392066 0.29499999
v 0.31193146 -0.76678109 0.29499999
v 0.31234714 -0.76710981 0.29499999
v 0.31278101 -0.76742965 0.29499999
v 0.31323665 -0.76774073 0.29499999
v 0.31075755 -0.76574045 0.29499999
v 0.31114024 -0.76609653 0.29499999
v 0.31153035 -0.76644337 0.29499999
v 0.31371763 -0.76804316 0.29499999
v 0.31422755 -0.76833707 0.29499999
v 0.31477001 -0.76862258 0.29499999
v 0.31534860 -0.76889980 0.29499999
v 0.31596690 -0.76916891 0.29499999
v 0.30575001 -0.75938350 0.29499999
v 0.30600339 -0.75987154 0.29499999
v 0.30626407 -0.76033926 0.29499999
v 0.30653217 -0.76078832 0.29499999
v 0.30709103 -0.76163757 0.29499999
v 0.30680779 -0.76122051 0.29499999
v 0.30480748 -0.75719237 0.29499999
v 0.30503267 -0.75777948 0.29499999
v 0.30526474 -0.75833917 0.29499999
v 0.30550382 -0.75887328 0.29499999
v 0.31662852 -0.76942998 0.29499999
v 0.31733701 -0.76968312 0.29499999
v 0.31809601 -0.76992846 0.29499999
v 0.31890908 -0.77016616 0.29499999
v 0.31977978 -0.77039629 0.29499999
v 0.32071179 -0.77061903 0.29499999
v 0.32170862 -0.77083445 0.29499999
v 0.32641616 -0.77162552 0.29499999
v 0.32779106 -0.77180624 0.29499999
v 0.32277387 -0.77104264 0.29499999
v 0.32391116 -0.77124387 0.29499999
v 0.32512406 -0.77143806 0.29499999
v 0.30041960 -0.70303333 0.29499999
v 0.30037677 -0.70020097 0.29499999
v 0.30033690 -0.69727463 0.29499999
v 0.30029991 -0.69425255 0.29499999
v 0.30026564 -0.69113296 0.29499999
v 0.30023405 -0.68791413 0.29499999
v 0.30020502 -0.68459439 0.29499999
v 0.30017841 -0.68117183 0.29499999
v 0.30015415 -0.67764485 0.29499999
v 0.30013216 -0.67401153 0.29499999
v 0.30011228 -0.67027026 0.29499999
v 0.30009443 -0.66641927 0.29499999
v 0.30007848 -0.66245675 0.29499999
v 0.30006441 -0.65838099 0.29499999
v 0.30005202 -0.65419024 0.29499999
v 0.30004129 -0.64988267 0.29499999
v 0.30003205 -0.64545661 0.29499999
v 0.30002421 -0.64091033 0.29499999
v 0.30001768 -0.63624197 0.29499999
v 0.30001238 -0.63144988 0.29499999
v 0.30000818 -0.62653226 0.29499999
v 0.32925233 -0.77198040 0.29499999
v 0.33080360 -0.77214813 0.29499999
v 0.33244842 -0.77230954 0.29499999
v 0.33419040 -0.77246469 0.29499999
v 0.33603314 -0.77261382 0.29499999
v 0.33798018 -0.77275693 0.29499999
v 0.34003517 -0.77289420 0.29499999
v 0.34220168 -0.77302581 0.29499999
v 0.34448329 -0.77315176 0.29499999
v 0.34688357 -0.77327228 0.29499999
v 0.34940615 -0.77338743 0.29499999
v 0.35205460 -0.77349734 0.29499999
v 0.35483253 -0.77360213 0.29499999
v 0.35774350 -0.77370191 0.29499999
v 0.36079112 -0.77379686 0.29499999
v 0.36397895 -0.77388704 0.29499999
v 0.36731064 -0.77397263 0.29499999
v 0.37078974 -0.77405369 0.29499999
v 0.37441984 -0.77413040 0.29499999
v 0.00059011 -0.42524678 0.29499999
v 0.00727754 -0.42528039 0.29499999
v 0.01373641 -0.42531690 0.29499999
v 0.01997095 -0.42535648 0.29499999
v 0.02598536 -0.42539921 0.29499999
v 0.03178387 -0.42544523 0.29499999
v 0.03737070 -0.42549467 0.29499999
v 0.04275005 -0.42554763 0.29499999
v 0.04792615 -0.42560422 0.29499999
v 0.05290321 -0.42566460 0.29499999
v 0.05768545 -0.42572889 0.29499999
v 0.06227709 -0.42579716 0.29499999
v 0.06668235 -0.42586961 0.29499999
v 0.07090542 -0.42594630 0.29499999
v 0.07495055 -0.42602736 0.29499999
v 0.07882194 -0.42611292 0.29499999
v 0.08252382 -0.42620313 0.29499999
v 0.08606038 -0.42629808 0.29499999
v 0.08943587 -0.42639789 0.29499999
v 0.09265447 -0.42650267 0.29499999
v 0.14963168 -0.62459862 0.29499999
v 0.14966685 -0.62219596 0.29499999
v 0.14970034 -0.61977160 0.29499999
v 0.14973213 -0.61732602 0.29499999
v 0.14976220 -0.61485970 0.29499999
v 0.14979054 -0.61237323 0.29499999
v 0.14981714 -0.60986704 0.29499999
v 0.14984198 -0.60734171 0.29499999
v 0.14986506 -0.60479766 0.29499999
v 0.14988637 -0.60223550 0.29499999
v 0.14990589 -0.59965575 0.29499999
v 0.14992361 -0.59705877 0.29499999
v 0.14993951 -0.59444523 0.29499999
v 0.14995359 -0.59181559 0.29499999
v 0.14996582 -0.58917034 0.29499999
v 0.14997622 -0.58651000 0.29499999
v 0.14998475 -0.58383512 0.29499999
v 0.14999141 -0.58114618 0.29499999
v 0.14999618 -0.57844365 0.29499999
v 0.14999904 -0.57572806 0.29499999
v 0.15000001 -0.57300001 0.29499999
v 0.14999974 -0.56844085 0.29499999
v 0.14999890 -0.56399041 0.29499999
v 0.14999737 -0.55964720 0.29499999
v 0.14999504 -0.55540973 0.29499999
v 0.14999184 -0.55127668 0.29499999
v 0.14998762 -0.54724663 0.29499999
v 0.14998230 -0.54331803 0.29499999
v 0.14997579 -0.53948963 0.29499999
v 0.14996797 -0.53575987 0.29499999
v 0.14995873 -0.53212738 0.29499999
v 0.14994797 -0.52859074 0.29499999
v 0.14993560 -0.52514851 0.29499999
v 0.14992151 -0.52179927 0.29499999
v 0.14990559 -0.51854157 0.29499999
v 0.14988774 -0.51537406 0.29499999
v 0.14986786 -0.51229525 0.29499999
v 0.14984584 -0.50930375 0.29499999
v 0.14982158 -0.50639814 0.29499999
v 0.14979498 -0.50357693 0.29499999
v 0.14976594 -0.50083882 0.29499999
v 0.14973435 -0.49818224 0.29499999
v 0.14970011 -0.49560586 0.29499999
v 0.14966309 -0.49310824 0.29499999
v 0.14962323 -0.49068794 0.29499999
v 0.14958040 -0.48834357 0.29499999
v 0.14937741 -0.47969660 0.29499999
v 0.14953451 -0.48607367 0.29499999
v 0.14948545 -0.48387682 0.29499999
v 0.14943312 -0.48175162 0.29499999
v 0.14931820 -0.47771040 0.29499999
v 0.14925542 -0.47579157 0.29499999
v 0.14918897 -0.47393867 0.29499999
v 0.14911871 -0.47215027 0.29499999
v 0.14904456 -0.47042498 0.29499999
v 0.14896642 -0.46876135 0.29499999
v 0.09572043 -0.42661259 0.29499999
v 0.09863796 -0.42672774 0.29499999
v 0.10141126 -0.42684823 0.29499999
v 0.10404456 -0.42697421 0.29499999
v 0.10654207 -0.42710578 0.29499999
v 0.10890801 -0.42724305 0.29499999
v 0.11114661 -0.42738619 0.29499999
v 0.11326206 -0.42753530 0.29499999
v 0.11714042 -0.42785186 0.29499999
v 0.11525859 -0.42769048 0.29499999
v 0.13057774 -0.42983386 0.29499999
v 0.13147615 -0.43007153 0.29499999
v 0.13231045 -0.43031690 0.29499999
v 0.13447089 -0.43110019 0.29499999
v 0.13380361 -0.43083110 0.29499999
v 0.13308486 -0.43057004 0.29499999
v 0.13763028 -0.43289018 0.29499999
v 0.13670987 -0.43225929 0.29499999
v 0.13620622 -0.43195686 0.29499999
v 0.13566799 -0.43166295 0.29499999
v 0.13509095 -0.43137744 0.29499999
v 0.13718316 -0.43257037 0.29499999
v 0.14035645 -0.43535981 0.29499999
v 0.14000000 -0.43500000 0.29499999
v 0.13962123 -0.43462503 0.29499999
v 0.13846295 -0.43355662 0.29499999
v 0.13805547 -0.43321890 0.29499999
v 0.13924162 -0.43425956 0.29499999
v 0.13885693 -0.43390349 0.29499999
v 0.11891177 -0.42801958 0.29499999
v 0.12057684 -0.42819375 0.29499999
v 0.12213986 -0.42837447 0.29499999
v 0.12497662 -0.42875615 0.29499999
v 0.12360505 -0.42856190 0.29499999
v 0.12625878 -0.42895734 0.29499999
v 0.12857176 -0.42938098 0.29499999
v 0.12745576 -0.42916557 0.29499999
v 0.12961103 -0.42960373 0.29499999
v 0.14888416 -0.46715796 0.29499999
v 0.14879771 -0.46561339 0.29499999
v 0.14870694 -0.46412623 0.29499999
v 0.14840777 -0.45999488 0.29499999
v 0.14861177 -0.46269506 0.29499999
v 0.14851208 -0.46131840 0.29499999
v 0.14829876 -0.45872307 0.29499999
v 0.14818490 -0.45750153 0.29499999
v 0.14806612 -0.45632887 0.29499999
v 0.14794230 -0.45520362 0.29499999
v 0.14781335 -0.45412436 0.29499999
v 0.14767917 -0.45308971 0.29499999
v 0.14753963 -0.45209819 0.29499999
v 0.14739466 -0.45114842 0.29499999
v 0.14724413 -0.45023897 0.29499999
v 0.14708796 -0.44936839 0.29499999
v 0.14640464 -0.44624650 0.29499999
v 0.14621866 -0.44554904 0.29499999
v 0.14602639 -0.44488189 0.29499999
v 0.14582774 -0.44424367 0.29499999
v 0.14562261 -0.44363293 0.29499999
v 0.14449617 -0.44094190 0.29499999
v 0.14425001 -0.44046625 0.29499999
v 0.14399661 -0.44000813 0.29499999
v 0.14373593 -0.43956614 0.29499999
v 0.14541091 -0.44304827 0.29499999
v 0.14519252 -0.44248825 0.29499999
v 0.14496733 -0.44195148 0.29499999
v 0.14473525 -0.44143650 0.29499999
v 0.14346783 -0.43913880 0.29499999
v 0.14319222 -0.43872473 0.29499999
v 0.14290898 -0.43832248 0.29499999
v 0.14231925 -0.43754783 0.29499999
v 0.14201254 -0.43717256 0.29499999
v 0.14169779 -0.43680343 0.29499999
v 0.14137492 -0.43643901 0.29499999
v 0.14104381 -0.43607786 0.29499999
v 0.14070435 -0.43571860 0.29499999
v 0.14261803 -0.43793067 0.29499999
v 0.14692602 -0.44853529 0.29499999
v 0.14675823 -0.44773823 0.29499999
v 0.14658447 -0.44697577 0.29499999
v 0.30000496 -0.62148738 0.29499999
v 0.30000263 -0.61631346 0.29499999
v 0.30000108 -0.61100876 0.29499999
v 0.30000025 -0.60557151 0.29499999
v 0.30000001 -0.60000002 0.29499999
v 0.30000025 -0.59442848 0.29499999
v 0.30000108 -0.58899122 0.29499999
v 0.30000263 -0.58368653 0.29499999
v 0.30000496 -0.57851261 0.29499999
v 0.30000818 -0.57346773 0.29499999
v 0.30001238 -0.56855011 0.29499999
v 0.30001768 -0.56375802 0.29499999
v 0.30002421 -0.55908966 0.29499999
v 0.30003205 -0.55454338 0.29499999
v 0.30004129 -0.55011731 0.29499999
v 0.30005202 -0.54580981 0.29499999
v 0.30006441 -0.54161900 0.29499999
v 0.30007848 -0.53754324 0.29499999
v 0.30009443 -0.53358072 0.29499999
v 0.30011228 -0.52972972 0.29499999
v 0.30013216 -0.52598846 0.29499999
v 0.30015415 -0.52235520 0.29499999
v 0.30017841 -0.51882815 0.29499999
v 0.30020502 -0.51540565 0.29499999
v 0.30023405 -0.51208586 0.29499999
v 0.30026564 -0.50886703 0.29499999
v 0.30029991 -0.50574750 0.29499999
v 0.30033690 -0.50272542 0.29499999
v 0.30037677 -0.49979904 0.29499999
v 0.30041960 -0.49696666 0.29499999
v 0.30046549 -0.49422652 0.29499999
v 0.30051455 -0.49157685 0.29499999
v 0.30056688 -0.48901591 0.29499999
v 0.30062261 -0.48654193 0.29499999
v 0.30068180 -0.48415315 0.29499999
v 0.30074456 -0.48184785 0.29499999
v 0.30081102 -0.47962427 0.29499999
v 0.30088130 -0.47748062 0.29499999
v 0.30095544 -0.47541520 0.29499999
v 0.30103359 -0.47342622 0.29499999
v 0.30120230 -0.46967065 0.29499999
v 0.30111584 -0.47151196 0.29499999
v 0.30129305 -0.46790051 0.29499999
v 0.30148792 -0.46456686 0.29499999
v 0.30138823 -0.46619985 0.29499999
v 0.30170125 -0.46149695 0.29499999
v 0.30159223 -0.46299982 0.29499999
v 0.30181509 -0.46005654 0.29499999
v 0.30205768 -0.45735598 0.29499999
v 0.30193388 -0.45867679 0.29499999
v 0.30232084 -0.45488414 0.29499999
v 0.30218664 -0.45609236 0.29499999
v 0.30246037 -0.45372963 0.29499999
v 0.30260533 -0.45262700 0.29499999
v 0.30275586 -0.45157456 0.29499999
v 0.30307397 -0.44961318 0.29499999
v 0.30291206 -0.45057055 0.29499999
v 0.30324176 -0.44870073 0.29499999
v 0.30378136 -0.44621533 0.29499999
v 0.30359536 -0.44700354 0.29499999
v 0.30341554 -0.44783145 0.29499999
v 0.30417225 -0.44475082 0.29499999
v 0.30397362 -0.44546500 0.29499999
v 0.30458909 -0.44342390 0.29499999
v 0.30437738 -0.44407102 0.29499999
v 0.30575001 -0.44061652 0.29499999
v 0.30550382 -0.44112673 0.29499999
v 0.30526474 -0.44166082 0.29499999
v 0.30503267 -0.44222054 0.29499999
v 0.30480748 -0.44280764 0.29499999
v 0.30626407 -0.43966076 0.29499999
v 0.30600339 -0.44012845 0.29499999
v 0.30653217 -0.43921170 0.29499999
v 0.30709103 -0.43836242 0.29499999
v 0.30680779 -0.43877947 0.29499999
v 0.30738199 -0.43795872 0.29499999
v 0.30830219 -0.43681026 0.29499999
v 0.30798745 -0.43718439 0.29499999
v 0.30768076 -0.43756661 0.29499999
v 0.30929565 -0.43571904 0.29499999
v 0.30895621 -0.43607935 0.29499999
v 0.30862507 -0.43644249 0.29499999
v 0.31037870 -0.43462503 0.29499999
v 0.31000000 -0.43500000 0.29499999
v 0.30964354 -0.43535984 0.29499999
v 0.31235832 -0.43289018 0.29499999
v 0.31193793 -0.43321890 0.29499999
v 0.31153366 -0.43355662 0.29499999
v 0.31114164 -0.43390349 0.29499999
v 0.31075796 -0.43425956 0.29499999
v 0.31326312 -0.43225929 0.29499999
v 0.31279877 -0.43257037 0.29499999
v 0.31427929 -0.43166295 0.29499999
v 0.31375533 -0.43195686 0.29499999
v 0.31608054 -0.43083110 0.29499999
v 0.31543797 -0.43110019 0.29499999
v 0.31483886 -0.43137744 0.29499999
v 0.31751159 -0.43031690 0.29499999
v 0.31677043 -0.43057004 0.29499999
v 0.31830785 -0.43007153 0.29499999
v 0.31916317 -0.42983386 0.29499999
v 0.32008144 -0.42960373 0.29499999
v 0.32212237 -0.42916557 0.29499999
v 0.32106653 -0.42938098 0.29499999
v 0.32325286 -0.42895734 0.29499999
v 0.32446188 -0.42875615 0.29499999
v 0.32575333 -0.42856190 0.29499999
v 0.32713115 -0.42837447 0.29499999
v 0.32859918 -0.42819375 0.29499999
v 0.33016139 -0.42801958 0.29499999
v 0.33182162 -0.42785186 0.29499999
v 0.33358380 -0.42769048 0.29499999
v 0.33545181 -0.42753530 0.29499999
v 0.33742958 -0.42738619 0.29499999
v 0.33952099 -0.42724305 0.29499999
v 0.34172994 -0.42710578 0.29499999
v 0.34406033 -0.42697421 0.29499999
v 0.34651607 -0.42684823 0.29499999
v 0.34910107 -0.42672774 0.29499999
v 0.35181919 -0.42661259 0.29499999
v 0.35467437 -0.42650267 0.29499999
v 0.35767052 -0.42639789 0.29499999
v 0.36081147 -0.42629808 0.29499999
v 0.36410120 -0.42620313 0.29499999
v 0.36754358 -0.42611292 0.29499999
v 0.37114248 -0.42602736 0.29499999
v 0.37490183 -0.42594630 0.29499999
v 0.37820452 -0.77420282 0.29499999
v 0.38214740 -0.77427113 0.29499999
v 0.38625205 -0.77433538 0.29499999
v 0.39052206 -0.77439576 0.29499999
v 0.39496103 -0.77445239 0.29499999
v 0.39957252 -0.77450532 0.29499999
v 0.40436018 -0.77455479 0.29499999
v 0.40932754 -0.77460080 0.29499999
v 0.41447821 -0.77464354 0.29499999
v 0.41981581 -0.77468306 0.29499999
v 0.42534390 -0.77471960 0.29499999
v 0.43106607 -0.77475321 0.29499999
v 0.43698591 -0.77478403 0.29499999
v 0.44310701 -0.77481216 0.29499999
v 0.44943297 -0.77483773 0.29499999
v 0.45596737 -0.77486086 0.29499999
v 0.46271378 -0.77488172 0.29499999
v 0.46967584 -0.77490038 0.29499999
v 0.47685713 -0.77491695 0.29499999
v 0.48426121 -0.77493155 0.29499999
v 0.49189168 -0.77494437 0.29499999
v 0.49975213 -0.77495545 0.29499999
v 0.50784618 -0.77496493 0.29499999
v 0.51617736 -0.77497298 0.29499999
v 0.52474928 -0.77497971 0.29499999
v 0.53356558 -0.77498519 0.29499999
v 0.54262978 -0.77498960 0.29499999
v 0.55194557 -0.77499306 0.29499999
v 0.56151640 -0.77499563 0.29499999
v 0.57134598 -0.77499747 0.29499999
v 0.58143783 -0.77499872 0.29499999
v 0.59179556 -0.77499944 0.29499999
v 0.60242277 -0.77499986 0.29499999
v 0.61332309 -0.77499998 0.29499999
v 0.62449998 -0.77499998 0.29499999
v 0.63703150 -0.77500087 0.29499999
v 0.64922410 -0.77500325 0.29499999
v 0.66108268 -0.77500665 0.29499999
v 0.67261207 -0.77501070 0.29499999
v 0.68381715 -0.77501494 0.29499999
v 0.69470263 -0.77501881 0.29499999
v 0.70527339 -0.77502209 0.29499999
v 0.71553427 -0.77502412 0.29499999
v 0.72549015 -0.77502465 0.29499999
v 0.73514581 -0.77502310 0.29499999
v 0.74450606 -0.77501917 0.29499999
v 0.37882555 -0.42586961 0.29499999
v 0.38291749 -0.42579716 0.29499999
v 0.38718161 -0.42572889 0.29499999
v 0.39162177 -0.42566460 0.29499999
v 0.39624187 -0.42560422 0.29499999
v 0.40104583 -0.42554763 0.29499999
v 0.40603754 -0.42549467 0.29499999
v 0.41122088 -0.42544523 0.29499999
v 0.41659978 -0.42539921 0.29499999
v 0.42217815 -0.42535648 0.29499999
v 0.42795986 -0.42531690 0.29499999
v 0.43394881 -0.42528039 0.29499999
v 0.44014892 -0.42524678 0.29499999
v 0.44656408 -0.42521596 0.29499999
v 0.45319819 -0.42518783 0.29499999
v 0.46005517 -0.42516226 0.29499999
v 0.46713889 -0.42513913 0.29499999
v 0.47445327 -0.42511830 0.29499999
v 0.48200220 -0.42509964 0.29499999
v 0.48978958 -0.42508307 0.29499999
v 0.49781930 -0.42506847 0.29499999
v 0.50609529 -0.42505565 0.29499999
v 0.51462144 -0.42504457 0.29499999
v 0.52340162 -0.42503506 0.29499999
v 0.53243977 -0.42502698 0.29499999
v 0.54173976 -0.42502028 0.29499999
v 0.55130553 -0.42501479 0.29499999
v 0.56114095 -0.42501038 0.29499999
v 0.57124996 -0.42500696 0.29499999
v 0.58163637 -0.42500439 0.29499999
v 0.59230417 -0.42500255 0.29499999
v 0.60325724 -0.42500129 0.29499999
v 0.61449945 -0.42500055 0.29499999
v 0.62603468 -0.42500016 0.29499999
v 0.63786691 -0.42500001 0.29499999
v 0.64999998 -0.42500001 0.29499999
v 0.66213310 -0.42500001 0.29499999
v 0.67396528 -0.42500016 0.29499999
v 0.68550056 -0.42500055 0.29499999
v 0.69674277 -0.42500129 0.29499999
v 0.70769584 -0.42500255 0.29499999
v 0.71836358 -0.42500439 0.29499999
v 0.72875005 -0.42500696 0.29499999
v 0.73885900 -0.42501038 0.29499999
v 0.74869442 -0.42501479 0.29499999
v 1.10000002 -2.50000000 0.17500000
v 1.22360682 -2.48042250 0.17500000
v 1.33511412 -2.42360687 0.17500000
v 1.42360675 -2.33511400 0.17500000
v 1.48042262 -2.22360682 0.17500000
v 1.50000000 -2.09999990 0.17500000
v 0.75357574 -0.77501225 0.17500000
v 0.76235974 -0.77500206 0.17500000
v 0.77086282 -0.77498806 0.17500000
v 0.77908987 -0.77496988 0.17500000
v 0.78704572 -0.77494705 0.17500000
v 0.79473513 -0.77491909 0.17500000
v 0.80216300 -0.77488565 0.17500000
v 0.80933410 -0.77484626 0.17500000
v 0.81625330 -0.77480042 0.17500000
v 0.82292551 -0.77474779 0.17500000
v 0.82935542 -0.77468783 0.17500000
v 0.83554792 -0.77462018 0.17500000
v 0.84150785 -0.77454436 0.17500000
v 0.84724003 -0.77445996 0.17500000
v 0.85274929 -0.77436656 0.17500000
v 0.85804051 -0.77426368 0.17500000
v 0.86311847 -0.77415085 0.17500000
v 0.86798799 -0.77402771 0.17500000
v 0.87265390 -0.77389377 0.17500000
v 0.87712109 -0.77374864 0.17500000
v 0.88139433 -0.77359188 0.17500000
v 0.88547850 -0.77342296 0.17500000
v 0.88937837 -0.77324152 0.17500000
v 0.89309883 -0.77304709 0.17500000
v 0.89664471 -0.77283931 0.17500000
v 0.90002078 -0.77261764 0.17500000
v 0.90323198 -0.77238166 0.17500000
v 0.90628302 -0.77213103 0.17500000
v 0.90917879 -0.77186513 0.17500000
v 0.91192412 -0.77158374 0.17500000
v 0.91452384 -0.77128625 0.17500000
v 0.91698277 -0.77097225 0.17500000
v 0.91930574 -0.77064139 0.17500000
v 0.92149758 -0.77029318 0.17500000
v 0.92356318 -0.76992714 0.17500000
v 0.92550731 -0.76954287 0.17500000
v 0.92733479 -0.76914001 0.17500000
v 0.92905045 -0.76871794 0.17500000
v 0.93065917 -0.76827639 0.17500000
v 0.93216580 -0.76781482 0.17500000
v 0.93357509 -0.76733285 0.17500000
v 0.93489194 -0.76683003 0.17500000
v 0.93612111 -0.76630592 0.17500000
v 0.93726748 -0.76576006 0.17500000
v 0.93833590 -0.76519203 0.17500000
v 0.93933117 -0.76460141 0.17500000
v 0.94025815 -0.76398772 0.17500000
v 0.94112164 -0.76335049 0.17500000
v 0.94192642 -0.76268941 0.17500000
v 0.94267744 -0.76200396 0.17500000
v 0.94337946 -0.76129365 0.17500000
v 0.94403732 -0.76055819 0.17500000
v 0.94465584 -0.75979698 0.17500000
v 0.94523984 -0.75900966 0.17500000
v 0.94579422 -0.75819582 0.17500000
v 0.94632381 -0.75735497 0.17500000
v 0.94683331 -0.75648671 0.17500000
v 0.94732767 -0.75559056 0.17500000
v 0.94781172 -0.75466609 0.17500000
v 0.94829029 -0.75371289 0.17500000
v 0.94876814 -0.75273055 0.17500000
v 0.94925010 -0.75171852 0.17500000
v 0.94974113 -0.75067651 0.17500000
v 0.95024592 -0.74960393 0.17500000
v 0.95076942 -0.74850047 0.17500000
v 0.95131636 -0.74736559 0.17500000
v 0.95189160 -0.74619889 0.17500000
v 0.95249999 -0.74500000 0.17500000
v 0.95265478 -0.74471450 0.17500000
v 0.95281523 -0.74442762 0.17500000
v 0.95298123 -0.74413949 0.17500000
v 0.95315278 -0.74385011 0.17500000
v 0.95332968 -0.74355972 0.17500000
v 0.95351195 -0.74326825 0.17500000
v 0.95369941 -0.74297589 0.17500000
v 0.95389199 -0.74268264 0.17500000
v 0.95408964 -0.74238867 0.17500000
v 0.95429218 -0.74209398 0.17500000
v 0.95449960 -0.74179876 0.17500000
v 0.95471179 -0.74150300 0.17500000
v 0.95492870 -0.74120682 0.17500000
v 0.95515013 -0.74091029 0.17500000
v 0.95537609 -0.74061352 0.17500000
v 0.95560640 -0.74031663 0.17500000
v 0.95584106 -0.74001962 0.17500000
v 0.95607990 -0.73972261 0.17500000
v 0.95632291 -0.73942572 0.17500000
v 0.95656997 -0.73912895 0.17500000
v 0.95682091 -0.73883247 0.17500000
v 0.95707572 -0.73853636 0.17500000
v 0.95733428 -0.73824066 0.17500000
v 0.95759654 -0.73794550 0.17500000
v 0.95786238 -0.73765093 0.17500000
v 0.95813167 -0.73735708 0.17500000
v 0.95840442 -0.73706394 0.17500000
v 0.95868039 -0.73677170 0.17500000
v 0.95895964 -0.73648036 0.17500000
v 0.95924199 -0.73619008 0.17500000
v 0.95952737 -0.73590094 0.17500000
v 0.95981568 -0.73561299 0.17500000
v 0.96010685 -0.73532629 0.17500000
v 0.96040076 -0.73504096 0.17500000
v 0.96069735 -0.73475713 0.17500000
v 0.96099651 -0.73447478 0.17500000
v 0.96129811 -0.73419410 0.17500000
v 0.96160215 -0.73391509 0.17500000
v 0.96190852 -0.73363787 0.17500000
v 0.96221703 -0.73336256 0.17500000
v 0.96252769 -0.73308921 0.17500000
v 0.96284038 -0.73281795 0.17500000
v 0.96315503 -0.73254877 0.17500000
v 0.96347147 -0.73228186 0.17500000
v 0.96378970 -0.73201722 0.17500000
v 0.96410954 -0.73175496 0.17500000
v 0.96443099 -0.73149520 0.17500000
v 0.96475393 -0.73123801 0.17500000
v 0.96507823 -0.73098344 0.17500000
v 0.96540385 -0.73073161 0.17500000
v 0.96573067 -0.73048258 0.17500000
v 0.96605861 -0.73023647 0.17500000
v 0.96638751 -0.72999334 0.17500000
v 0.96671742 -0.72975332 0.17500000
v 0.96704811 -0.72951645 0.17500000
v 0.96737963 -0.72928280 0.17500000
v 0.96771175 -0.72905248 0.17500000
v 0.96804440 -0.72882557 0.17500000
v 0.96837759 -0.72860217 0.17500000
v 0.96871114 -0.72838235 0.17500000
v 0.96904498 -0.72816622 0.17500000
v 0.96937901 -0.72795379 0.17500000
v 0.96971315 -0.72774523 0.17500000
v 0.97004735 -0.72754061 0.17500000
v 0.97038144 -0.72733998 0.17500000
v 0.97071534 -0.72714347 0.17500000
v 0.97104901 -0.72695112 0.17500000
v 0.97138238 -0.72676301 0.17500000
v 0.97171527 -0.72657931 0.17500000
v 0.97204763 -0.72640002 0.17500000
v 0.97237939 -0.72622520 0.17500000
v 0.97271037 -0.72605509 0.17500000
v 0.97304064 -0.72588956 0.17500000
v 0.97336996 -0.72572887 0.17500000
v 0.97369832 -0.72557306 0.17500000
v 0.97402555 -0.72542214 0.17500000
v 0.97435164 -0.72527629 0.17500000
v 0.97467649 -0.72513556 0.17500000
v 0.97500002 -0.72500002 0.17500000
v 0.97532302 -0.72486544 0.17500000
v 0.97564644 -0.72472751 0.17500000
v 0.97597015 -0.72458643 0.17500000
v 0.97629410 -0.72444212 0.17500000
v 0.97661817 -0.72429478 0.17500000
v 0.97694230 -0.72414440 0.17500000
v 0.97726637 -0.72399104 0.17500000
v 0.97759038 -0.72383475 0.17500000
v 0.97791415 -0.72367567 0.17500000
v 0.97823769 -0.72351378 0.17500000
v 0.97856081 -0.72334927 0.17500000
v 0.97888350 -0.72318208 0.17500000
v 0.97920561 -0.72301233 0.17500000
v 0.97952712 -0.72284007 0.17500000
v 0.97984791 -0.72266543 0.17500000
v 0.98016793 -0.72248840 0.17500000
v 0.98048705 -0.72230911 0.17500000
v 0.98080522 -0.72212756 0.17500000
v 0.98112231 -0.72194386 0.17500000
v 0.98143828 -0.72175807 0.17500000
v 0.98175299 -0.72157019 0.17500000
v 0.98206639 -0.72138041 0.17500000
v 0.98237842 -0.72118878 0.17500000
v 0.98268902 -0.72099525 0.17500000
v 0.98299801 -0.72079998 0.17500000
v 0.98330534 -0.72060305 0.17500000
v 0.98361093 -0.72040451 0.17500000
v 0.98391473 -0.72020435 0.17500000
v 0.98421663 -0.72000271 0.17500000
v 0.98451650 -0.71979970 0.17500000
v 0.98481435 -0.71959525 0.17500000
v 0.98510998 -0.71938956 0.17500000
v 0.98540342 -0.71918267 0.17500000
v 0.98569453 -0.71897459 0.17500000
v 0.98598319 -0.71876544 0.17500000
v 0.98626935 -0.71855521 0.17500000
v 0.98655289 -0.71834409 0.17500000
v 0.98683381 -0.71813208 0.17500000
v 0.98711199 -0.71791923 0.17500000
v 0.98738730 -0.71770561 0.17500000
v 0.98765969 -0.71749133 0.17500000
v 0.98792905 -0.71727639 0.17500000
v 0.98819536 -0.71706092 0.17500000
v 0.98845845 -0.71684498 0.17500000
v 0.98871827 -0.71662861 0.17500000
v 0.98897475 -0.71641189 0.17500000
v 0.98922777 -0.71619487 0.17500000
v 0.98947728 -0.71597761 0.17500000
v 0.98972321 -0.71576023 0.17500000
v 0.98996538 -0.71554279 0.17500000
v 0.99020386 -0.71532530 0.17500000
v 0.99043840 -0.71510786 0.17500000
v 0.99066901 -0.71489054 0.17500000
v 0.99089563 -0.71467340 0.17500000
v 0.99111807 -0.71445650 0.17500000
v 0.99133635 -0.71423995 0.17500000
v 0.99155033 -0.71402377 0.17500000
v 0.99175990 -0.71380800 0.17500000
v 0.99196506 -0.71359277 0.17500000
v 0.99216563 -0.71337813 0.17500000
v 0.99236161 -0.71316415 0.17500000
v 0.99255288 -0.71295089 0.17500000
v 0.99273932 -0.71273839 0.17500000
v 0.99292088 -0.71252674 0.17500000
v 0.99309742 -0.71231604 0.17500000
v 0.99326897 -0.71210635 0.17500000
v 0.99343538 -0.71189767 0.17500000
v 0.99359655 -0.71169007 0.17500000
v 0.99375236 -0.71148372 0.17500000
v 0.99390286 -0.71127862 0.17500000
v 0.99404782 -0.71107483 0.17500000
v 0.99418724 -0.71087241 0.17500000
v 0.99432099 -0.71067142 0.17500000
v 0.99444896 -0.71047199 0.17500000
v 0.99457115 -0.71027416 0.17500000
v 0.99468744 -0.71007800 0.17500000
v 0.99479777 -0.70988351 0.17500000
v 0.99490196 -0.70969081 0.17500000
v 0.99500000 -0.70950001 0.17500000
v 0.99511343 -0.70928401 0.17500000
v 0.99522591 -0.70901614 0.17500000
v 0.99533737 -0.70869690 0.17500000
v 0.99544787 -0.70832682 0.17500000
v 0.99555737 -0.70790637 0.17500000
v 0.99566579 -0.70743603 0.17500000
v 0.99577320 -0.70691639 0.17500000
v 0.99587959 -0.70634800 0.17500000
v 0.99598491 -0.70573121 0.17500000
v 0.99608916 -0.70506668 0.17500000
v 0.99619228 -0.70435482 0.17500000
v 0.99629438 -0.70359623 0.17500000
v 0.99639529 -0.70279139 0.17500000
v 0.99649513 -0.70194077 0.17500000
v 0.99659383 -0.70104492 0.17500000
v 0.99669141 -0.70010436 0.17500000
v 0.99678785 -0.69911951 0.17500000
v 0.99688303 -0.69809103 0.17500000
v 0.99697709 -0.69701934 0.17500000
v 0.99706995 -0.69590491 0.17500000
v 0.99716163 -0.69474834 0.17500000
v 0.99725211 -0.69355017 0.17500000
v 0.99734128 -0.69231075 0.17500000
v 0.99742925 -0.69103074 0.17500000
v 0.99751598 -0.68971062 0.17500000
v 0.99760145 -0.68835086 0.17500000
v 0.99768561 -0.68695199 0.17500000
v 0.99776846 -0.68551451 0.17500000
v 0.99785006 -0.68403900 0.17500000
v 0.99793035 -0.68252587 0.17500000
v 0.99800926 -0.68097568 0.17500000
v 0.99808687 -0.67938894 0.17500000
v 0.99816310 -0.67776620 0.17500000
v 0.99823803 -0.67610788 0.17500000
v 0.99831152 -0.67441458 0.17500000
v 0.99838364 -0.67268676 0.17500000
v 0.99845439 -0.67092490 0.17500000
v 0.99852371 -0.66912961 0.17500000
v 0.99859160 -0.66730136 0.17500000
v 0.99865806 -0.66544062 0.17500000
v 0.99872303 -0.66354793 0.17500000
v 0.99878663 -0.66162378 0.17500000
v 0.99884868 -0.65966874 0.17500000
v 0.99890924 -0.65768325 0.17500000
v 0.99896836 -0.65566790 0.17500000
v 0.99902594 -0.65362310 0.17500000
v 0.99908203 -0.65154946 0.17500000
v 0.99913651 -0.64944738 0.17500000
v 0.99918950 -0.64731753 0.17500000
v 0.99924093 -0.64516026 0.17500000
v 0.99929082 -0.64297616 0.17500000
v 0.99933904 -0.64076579 0.17500000
v 0.99938577 -0.63852954 0.17500000
v 0.99943084 -0.63626802 0.17500000
v 0.99947429 -0.63398165 0.17500000
v 0.99951613 -0.63167101 0.17500000
v 0.99955630 -0.62933666 0.17500000
v 0.99959481 -0.62697899 0.17500000
v 0.75826019 -0.42502028 0.17500000
v 0.76756024 -0.42502698 0.17500000
v 0.77659839 -0.42503506 0.17500000
v 0.78537858 -0.42504457 0.17500000
v 0.79390472 -0.42505565 0.17500000
v 0.80218071 -0.42506847 0.17500000
v 0.81021041 -0.42508307 0.17500000
v 0.81799781 -0.42509964 0.17500000
v 0.82554674 -0.42511830 0.17500000
v 0.83286113 -0.42513913 0.17500000
v 0.83994484 -0.42516226 0.17500000
v 0.84680182 -0.42518783 0.17500000
v 0.85343593 -0.42521596 0.17500000
v 0.85985106 -0.42524678 0.17500000
v 0.86605120 -0.42528039 0.17500000
v 0.87204015 -0.42531690 0.17500000
v 0.87782186 -0.42535648 0.17500000
v 0.88340020 -0.42539921 0.17500000
v 0.88877910 -0.42544523 0.17500000
v 0.89396244 -0.42549467 0.17500000
v 0.89895415 -0.42554763 0.17500000
v 0.90375811 -0.42560422 0.17500000
v 0.90837824 -0.42566460 0.17500000
v 0.91281837 -0.42572889 0.17500000
v 0.91708249 -0.42579716 0.17500000
v 0.92117447 -0.42586961 0.17500000
v 0.92509818 -0.42594630 0.17500000
v 0.92885751 -0.42602736 0.17500000
v 0.93245643 -0.42611292 0.17500000
v 0.93589878 -0.42620313 0.17500000
v 0.99963164 -0.62459862 0.17500000
v 0.99966687 -0.62219596 0.17500000
v 0.99970037 -0.61977160 0.17500000
v 0.99973214 -0.61732602 0.17500000
v 0.99976218 -0.61485970 0.17500000
v 0.99979055 -0.61237323 0.17500000
v 0.99981713 -0.60986704 0.17500000
v 0.99984199 -0.60734171 0.17500000
v 0.99986506 -0.60479766 0.17500000
v 0.99988639 -0.60223550 0.17500000
v 0.99990588 -0.59965575 0.17500000
v 0.99992359 -0.59705877 0.17500000
v 0.99993950 -0.59444523 0.17500000
v 0.99995357 -0.59181559 0.17500000
v 0.99996585 -0.58917034 0.17500000
v 0.99997622 -0.58651000 0.17500000
v 0.99998474 -0.58383512 0.17500000
v 0.99999142 -0.58114618 0.17500000
v 0.99999619 -0.57844365 0.17500000
v 0.99999905 -0.57572806 0.17500000
v 1.00000000 -0.57300001 0.17500000
v 0.99999976 -0.56844085 0.17500000
v 0.99999893 -0.56399041 0.17500000
v 0.99999738 -0.55964720 0.17500000
v 0.99999505 -0.55540973 0.17500000
v 0.99999183 -0.55127668 0.17500000
v 0.99998760 -0.54724663 0.17500000
v 0.99998230 -0.54331803 0.17500000
v 0.99997580 -0.53948963 0.17500000
v 0.99996799 -0.53575987 0.17500000
v 0.99995875 -0.53212738 0.17500000
v 0.99994797 -0.52859074 0.17500000
v 0.99993563 -0.52514851 0.17500000
v 0.99992150 -0.52179927 0.17500000
v 0.99990559 -0.51854157 0.17500000
v 0.99988776 -0.51537406 0.17500000
v 0.99986786 -0.51229525 0.17500000
v 0.99984586 -0.50930375 0.17500000
v 0.99982160 -0.50639814 0.17500000
v 0.99979496 -0.50357693 0.17500000
v 0.99976593 -0.50083882 0.17500000
v 0.99973434 -0.49818224 0.17500000
v 0.99970013 -0.49560586 0.17500000
v 0.99966311 -0.49310824 0.17500000
v 0.99962324 -0.49068794 0.17500000
v 0.99958038 -0.48834357 0.17500000
v 0.99953449 -0.48607367 0.17500000
v 0.99948543 -0.48387682 0.17500000
v 0.99943310 -0.48175162 0.17500000
v 0.99937743 -0.47969660 0.17500000
v 0.99896640 -0.46876135 0.17500000
v 0.99931818 -0.47771040 0.17500000
v 0.99925542 -0.47579157 0.17500000
v 0.99918896 -0.47393867 0.17500000
v 0.99911869 -0.47215027 0.17500000
v 0.99904454 -0.47042498 0.17500000
v 0.93918854 -0.42629808 0.17500000
v 0.94232947 -0.42639789 0.17500000
v 0.94532561 -0.42650267 0.17500000
v 0.94818079 -0.42661259 0.17500000
v 0.95089895 -0.42672774 0.17500000
v 0.95348394 -0.42684823 0.17500000
v 0.95593965 -0.42697421 0.17500000
v 0.95827007 -0.42710578 0.17500000
v 0.96047902 -0.42724305 0.17500000
v 0.98083681 -0.42983386 0.17500000
v 0.98169214 -0.43007153 0.17500000
v 0.98391944 -0.43083110 0.17500000
v 0.98322958 -0.43057004 0.17500000
v 0.98248845 -0.43031690 0.17500000
v 0.96257043 -0.42738619 0.17500000
v 0.96454817 -0.42753530 0.17500000
v 0.96641624 -0.42769048 0.17500000
v 0.96817839 -0.42785186 0.17500000
v 0.97140080 -0.42819375 0.17500000
v 0.96983862 -0.42801958 0.17500000
v 0.97286886 -0.42837447 0.17500000
v 0.97553813 -0.42875615 0.17500000
v 0.97424668 -0.42856190 0.17500000
v 0.97674716 -0.42895734 0.17500000
v 0.97787762 -0.42916557 0.17500000
v 0.97893345 -0.42938098 0.17500000
v 0.97991860 -0.42960373 0.17500000
v 0.98572075 -0.43166295 0.17500000
v 0.98516113 -0.43137744 0.17500000
v 0.98456204 -0.43110019 0.17500000
v 0.98720127 -0.43257037 0.17500000
v 0.98673689 -0.43225929 0.17500000
v 0.98624468 -0.43195686 0.17500000
v 0.98962128 -0.43462503 0.17500000
v 0.99000001 -0.43500000 0.17500000
v 0.98764169 -0.43289018 0.17500000
v 0.98924202 -0.43425956 0.17500000
v 0.98885834 -0.43390349 0.17500000
v 0.98846632 -0.43355662 0.17500000
v 0.98806208 -0.43321890 0.17500000
v 0.99602640 -0.44488189 0.17500000
v 0.99582773 -0.44424367 0.17500000
v 0.99562263 -0.44363293 0.17500000
v 0.99541092 -0.44304827 0.17500000
v 0.99373591 -0.43956614 0.17500000
v 0.99519253 -0.44248825 0.17500000
v 0.99496734 -0.44195148 0.17500000
v 0.99473524 -0.44143650 0.17500000
v 0.99449617 -0.44094190 0.17500000
v 0.99425000 -0.44046625 0.17500000
v 0.99399662 -0.44000813 0.17500000
v 0.99169779 -0.43680343 0.17500000
v 0.99137491 -0.43643901 0.17500000
v 0.99104381 -0.43607786 0.17500000
v 0.99070436 -0.43571860 0.17500000
v 0.99035645 -0.43535981 0.17500000
v 0.99290895 -0.43832248 0.17500000
v 0.99261802 -0.43793067 0.17500000
v 0.99231923 -0.43754783 0.17500000
v 0.99201256 -0.43717256 0.17500000
v 0.99346781 -0.43913880 0.17500000
v 0.99319220 -0.43872473 0.17500000
v 0.99888414 -0.46715796 0.17500000
v 0.99879771 -0.46561339 0.17500000
v 0.99870694 -0.46412623 0.17500000
v 0.99861175 -0.46269506 0.17500000
v 0.99851209 -0.46131840 0.17500000
v 0.99840778 -0.45999488 0.17500000
v 0.99829876 -0.45872307 0.17500000
v 0.99794233 -0.45520362 0.17500000
v 0.99781334 -0.45412436 0.17500000
v 0.99818492 -0.45750153 0.17500000
v 0.99806613 -0.45632887 0.17500000
v 0.99767917 -0.45308971 0.17500000
v 0.99753964 -0.45209819 0.17500000
v 0.99739468 -0.45114842 0.17500000
v 0.99724412 -0.45023897 0.17500000
v 0.99708796 -0.44936839 0.17500000
v 0.99692601 -0.44853529 0.17500000
v 0.99675822 -0.44773823 0.17500000
v 0.99658448 -0.44697577 0.17500000
v 0.99640465 -0.44624650 0.17500000
v 0.99621868 -0.44554904 0.17500000
v 0.75357574 -0.77501225 0.29499999
v 0.76235974 -0.77500206 0.29499999
v 0.77086282 -0.77498806 0.29499999
v 0.77908987 -0.77496988 0.29499999
v 0.78704572 -0.77494705 0.29499999
v 0.79473513 -0.77491909 0.29499999
v 0.80216300 -0.77488565 0.29499999
v 0.80933410 -0.77484626 0.29499999
v 0.81625330 -0.77480042 0.29499999
v 0.82292551 -0.77474779 0.29499999
v 0.82935542 -0.77468783 0.29499999
v 0.83554792 -0.77462018 0.29499999
v 0.84150785 -0.77454436 0.29499999
v 0.84724003 -0.77445996 0.29499999
v 0.85274929 -0.77436656 0.29499999
v 0.85804051 -0.77426368 0.29499999
v 0.86311847 -0.77415085 0.29499999
v 0.86798799 -0.77402771 0.29499999
v 0.87265390 -0.77389377 0.29499999
v 0.87712109 -0.77374864 0.29499999
v 0.88139433 -0.77359188 0.29499999
v 0.88547850 -0.77342296 0.29499999
v 0.88937837 -0.77324152 0.29499999
v 0.89309883 -0.77304709 0.29499999
v 0.89664471 -0.77283931 0.29499999
v 0.90002078 -0.77261764 0.29499999
v 0.90323198 -0.77238166 0.29499999
v 0.90628302 -0.77213103 0.29499999
v 0.90917879 -0.77186513 0.29499999
v 0.91192412 -0.77158374 0.29499999
v 0.91452384 -0.77128625 0.29499999
v 0.91698277 -0.77097225 0.29499999
v 0.91930574 -0.77064139 0.29499999
v 0.92149758 -0.77029318 0.29499999
v 0.92356318 -0.76992714 0.29499999
v 0.92550731 -0.76954287 0.29499999
v 0.92733479 -0.76914001 0.29499999
v 0.92905045 -0.76871794 0.29499999
v 0.93065917 -0.76827639 0.29499999
v 0.93216580 -0.76781482 0.29499999
v 0.93357509 -0.76733285 0.29499999
v 0.93489194 -0.76683003 0.29499999
v 0.93612111 -0.76630592 0.29499999
v 0.93726748 -0.76576006 0.29499999
v 0.93833590 -0.76519203 0.29499999
v 0.93933117 -0.76460141 0.29499999
v 0.94025815 -0.76398772 0.29499999
v 0.94112164 -0.76335049 0.29499999
v 0.94192642 -0.76268941 0.29499999
v 0.94267744 -0.76200396 0.29499999
v 0.94337946 -0.76129365 0.29499999
v 0.94403732 -0.76055819 0.29499999
v 0.94465584 -0.75979698 0.29499999
v 0.94523984 -0.75900966 0.29499999
v 0.94579422 -0.75819582 0.29499999
v 0.94632381 -0.75735497 0.29499999
v 0.94683331 -0.75648671 0.29499999
v 0.94732767 -0.75559056 0.29499999
v 0.94781172 -0.75466609 0.29499999
v 0.94829029 -0.75371289 0.29499999
v 0.94876814 -0.75273055 0.29499999
v 0.94925010 -0.75171852 0.29499999
v 0.94974113 -0.75067651 0.29499999
v 0.95024592 -0.74960393 0.29499999
v 0.95076942 -0.74850047 0.29499999
v 0.95131636 -0.74736559 0.29499999
v 0.95189160 -0.74619889 0.29499999
v 0.95249999 -0.74500000 0.29499999
v 0.95265478 -0.74471450 0.29499999
v 0.95281523 -0.74442762 0.29499999
v 0.95298123 -0.74413949 0.29499999
v 0.95315278 -0.74385011 0.29499999
v 0.95332968 -0.74355972 0.29499999
v 0.95351195 -0.74326825 0.29499999
v 0.95369941 -0.74297589 0.29499999
v 0.95389199 -0.74268264 0.29499999
v 0.95408964 -0.74238867 0.29499999
v 0.95429218 -0.74209398 0.29499999
v 0.95449960 -0.74179876 0.29499999
v 0.95471179 -0.74150300 0.29499999
v 0.95492870 -0.74120682 0.29499999
v 0.95515013 -0.74091029 0.29499999
v 0.95537609 -0.74061352 0.29499999
v 0.95560640 -0.74031663 0.29499999
v 0.95584106 -0.74001962 0.29499999
v 0.95607990 -0.73972261 0.29499999
v 0.95632291 -0.73942572 0.29499999
v 0.95656997 -0.73912895 0.29499999
v 0.95682091 -0.73883247 0.29499999
v 0.95707572 -0.73853636 0.29499999
v 0.95733428 -0.73824066 0.29499999
v 0.95759654 -0.73794550 0.29499999
v 0.95786238 -0.73765093 0.29499999
v 0.95813167 -0.73735708 0.29499999
v 0.95840442 -0.73706394 0.29499999
v 0.95868039 -0.73677170 0.29499999
v 0.95895964 -0.73648036 0.29499999
v 0.95924199 -0.73619008 0.29499999
v 0.95952737 -0.73590094 0.29499999
v 0.95981568 -0.73561299 0.29499999
v 0.96010685 -0.73532629 0.29499999
v 0.96040076 -0.73504096 0.29499999
v 0.96069735 -0.73475713 0.29499999
v 0.96099651 -0.73447478 0.29499999
v 0.96129811 -0.73419410 0.29499999
v 0.96160215 -0.73391509 0.29499999
v 0.96190852 -0.73363787 0.29499999
v 0.96221703 -0.73336256 0.29499999
v 0.96252769 -0.73308921 0.29499999
v 0.96284038 -0.73281795 0.29499999
v 0.96315503 -0.73254877 0.29499999
v 0.96347147 -0.73228186 0.29499999
v 0.96378970 -0.73201722 0.29499999
v 0.96410954 -0.73175496 0.29499999
v 0.96443099 -0.73149520 0.29499999
v 0.96475393 -0.73123801 0.29499999
v 0.96507823 -0.73098344 0.29499999
v 0.96540385 -0.73073161 0.29499999
v 0.96573067 -0.73048258 0.29499999
v 0.96605861 -0.73023647 0.29499999
v 0.96638751 -0.72999334 0.29499999
v 0.96671742 -0.72975332 0.29499999
v 0.96704811 -0.72951645 0.29499999
v 0.96737963 -0.72928280 0.29499999
v 0.96771175 -0.72905248 0.29499999
v 0.96804440 -0.72882557 0.29499999
v 0.96837759 -0.72860217 0.29499999
v 0.96871114 -0.72838235 0.29499999
v 0.96904498 -0.72816622 0.29499999
v 0.96937901 -0.72795379 0.29499999
v 0.96971315 -0.72774523 0.29499999
v 0.97004735 -0.72754061 0.29499999
v 0.97038144 -0.72733998 0.29499999
v 0.97071534 -0.72714347 0.29499999
v 0.97104901 -0.72695112 0.29499999
v 0.97138238 -0.72676301 0.29499999
v 0.97171527 -0.72657931 0.29499999
v 0.97204763 -0.72640002 0.29499999
v 0.97237939 -0.72622520 0.29499999
v 0.97271037 -0.72605509 0.29499999
v 0.97304064 -0.72588956 0.29499999
v 0.97336996 -0.72572887 0.29499999
v 0.97369832 -0.72557306 0.29499999
v 0.97402555 -0.72542214 0.29499999
v 0.97435164 -0.72527629 0.29499999
v 0.97467649 -0.72513556 0.29499999
v 0.97500002 -0.72500002 0.29499999
v 0.97532302 -0.72486544 0.29499999
v 0.97564644 -0.72472751 0.29499999
v 0.97597015 -0.72458643 0.29499999
v 0.97629410 -0.72444212 0.29499999
v 0.97661817 -0.72429478 0.29499999
v 0.97694230 -0.72414440 0.29499999
v 0.97726637 -0.72399104 0.29499999
v 0.97759038 -0.72383475 0.29499999
v 0.97791415 -0.72367567 0.29499999
v 0.97823769 -0.72351378 0.29499999
v 0.97856081 -0.72334927 0.29499999
v 0.97888350 -0.72318208 0.29499999
v 0.97920561 -0.72301233 0.29499999
v 0.97952712 -0.72284007 0.29499999
v 0.97984791 -0.72266543 0.29499999
v 0.98016793 -0.72248840 0.29499999
v 0.98048705 -0.72230911 0.29499999
v 0.98080522 -0.72212756 0.29499999
v 0.98112231 -0.72194386 0.29499999
v 0.98143828 -0.72175807 0.29499999
v 0.98175299 -0.72157019 0.29499999
v 0.98206639 -0.72138041 0.29499999
v 0.98237842 -0.72118878 0.29499999
v 0.98268902 -0.72099525 0.29499999
v 0.98299801 -0.72079998 0.29499999
v 0.98330534 -0.72060305 0.29499999
v 0.98361093 -0.72040451 0.29499999
v 0.98391473 -0.72020435 0.29499999
v 0.98421663 -0.72000271 0.29499999
v 0.98451650 -0.71979970 0.29499999
v 0.98481435 -0.71959525 0.29499999
v 0.98510998 -0.71938956 0.29499999
v 0.98540342 -0.71918267 0.29499999
v 0.98569453 -0.71897459 0.29499999
v 0.98598319 -0.71876544 0.29499999
v 0.98626935 -0.71855521 0.29499999
v 0.98655289 -0.71834409 0.29499999
v 0.98683381 -0.71813208 0.29499999
v 0.98711199 -0.71791923 0.29499999
v 0.98738730 -0.71770561 0.29499999
v 0.98765969 -0.71749133 0.29499999
v 0.98792905 -0.71727639 0.29499999
v 0.98819536 -0.71706092 0.29499999
v 0.98845845 -0.71684498 0.29499999
v 0.98871827 -0.71662861 0.29499999
v 0.98897475 -0.71641189 0.29499999
v 0.98922777 -0.71619487 0.29499999
v 0.98947728 -0.71597761 0.29499999
v 0.98972321 -0.71576023 0.29499999
v 0.98996538 -0.71554279 0.29499999
v 0.99020386 -0.71532530 0.29499999
v 0.99043840 -0.71510786 0.29499999
v 0.99066901 -0.71489054 0.29499999
v 0.99089563 -0.71467340 0.29499999
v 0.99111807 -0.71445650 0.29499999
v 0.99133635 -0.71423995 0.29499999
v 0.99155033 -0.71402377 0.29499999
v 0.99175990 -0.71380800 0.29499999
v 0.99196506 -0.71359277 0.29499999
v 0.99216563 -0.71337813 0.29499999
v 0.99236161 -0.71316415 0.29499999
v 0.99255288 -0.71295089 0.29499999
v 0.99273932 -0.71273839 0.29499999
v 0.99292088 -0.71252674 0.29499999
v 0.99309742 -0.71231604 0.29499999
v 0.99326897 -0.71210635 0.29499999
v 0.99343538 -0.71189767 0.29499999
v 0.99359655 -0.71169007 0.29499999
v 0.99375236 -0.71148372 0.29499999
v 0.99390286 -0.71127862 0.29499999
v 0.99404782 -0.71107483 0.29499999
v 0.99418724 -0.71087241 0.29499999
v 0.99432099 -0.71067142 0.29499999
v 0.99444896 -0.71047199 0.29499999
v 0.99457115 -0.71027416 0.29499999
v 0.99468744 -0.71007800 0.29499999
v 0.99479777 -0.70988351 0.29499999
v 0.99490196 -0.70969081 0.29499999
v 0.99500000 -0.70950001 0.29499999
v 0.99511343 -0.70928401 0.29499999
v 0.99522591 -0.70901614 0.29499999
v 0.99533737 -0.70869690 0.29499999
v 0.99544787 -0.70832682 0.29499999
v 0.99555737 -0.70790637 0.29499999
v 0.99566579 -0.70743603 0.29499999
v 0.99577320 -0.70691639 0.29499999
v 0.99587959 -0.70634800 0.29499999
v 0.99598491 -0.70573121 0.29499999
v 0.99608916 -0.70506668 0.29499999
v 0.99619228 -0.70435482 0.29499999
v 0.99629438 -0.70359623 0.29499999
v 0.99639529 -0.70279139 0.29499999
v 0.99649513 -0.70194077 0.29499999
v 0.99659383 -0.70104492 0.29499999
v 0.99669141 -0.70010436 0.29499999
v 0.99678785 -0.69911951 0.29499999
v 0.99688303 -0.69809103 0.29499999
v 0.99697709 -0.69701934 0.29499999
v 0.99706995 -0.69590491 0.29499999
v 0.99716163 -0.69474834 0.29499999
v 0.99725211 -0.69355017 0.29499999
v 0.99734128 -0.69231075 0.29499999
v 0.99742925 -0.69103074 0.29499999
v 0.99751598 -0.68971062 0.29499999
v 0.99760145 -0.68835086 0.29499999
v 0.99768561 -0.68695199 0.29499999
v 0.99776846 -0.68551451 0.29499999
v 0.99785006 -0.68403900 0.29499999
v 0.99793035 -0.68252587 0.29499999
v 0.99800926 -0.68097568 0.29499999
v 0.99808687 -0.67938894 0.29499999
v 0.99816310 -0.67776620 0.29499999
v 0.99823803 -0.67610788 0.29499999
v 0.99831152 -0.67441458 0.29499999
v 0.99838364 -0.67268676 0.29499999
v 0.99845439 -0.67092490 0.29499999
v 0.99852371 -0.66912961 0.29499999
v 0.99859160 -0.66730136 0.29499999
v 0.99865806 -0.66544062 0.29499999
v 0.99872303 -0.66354793 0.29499999
v 0.99878663 -0.66162378 0.29499999
v 0.99884868 -0.65966874 0.29499999
v 0.99890924 -0.65768325 0.29499999
v 0.99896836 -0.65566790 0.29499999
v 0.99902594 -0.65362310 0.29499999
v 0.99908203 -0.65154946 0.29499999
v 0.99913651 -0.64944738 0.29499999
v 0.99918950 -0.64731753 0.29499999
v 0.99924093 -0.64516026 0.29499999
v 0.99929082 -0.64297616 0.29499999
v 0.99933904 -0.64076579 0.29499999
v 0.99938577 -0.63852954 0.29499999
v 0.99943084 -0.63626802 0.29499999
v 0.99947429 -0.63398165 0.29499999
v 0.99951613 -0.63167101 0.29499999
v 0.99955630 -0.62933666 0.29499999
v 0.99959481 -0.62697899 0.29499999
v 0.75826019 -0.42502028 0.29499999
v 0.76756024 -0.42502698 0.29499999
v 0.77659839 -0.42503506 0.29499999
v 0.78537858 -0.42504457 0.29499999
v 0.79390472 -0.42505565 0.29499999
v 0.80218071 -0.42506847 0.29499999
v 0.81021041 -0.42508307 0.29499999
v 0.81799781 -0.42509964 0.29499999
v 0.82554674 -0.42511830 0.29499999
v 0.83286113 -0.42513913 0.29499999
v 0.83994484 -0.42516226 0.29499999
v 0.84680182 -0.42518783 0.29499999
v 0.85343593 -0.42521596 0.29499999
v 0.85985106 -0.42524678 0.29499999
v 0.86605120 -0.42528039 0.29499999
v 0.87204015 -0.42531690 0.29499999
v 0.87782186 -0.42535648 0.29499999
v 0.88340020 -0.42539921 0.29499999
v 0.88877910 -0.42544523 0.29499999
v 0.89396244 -0.42549467 0.29499999
v 0.89895415 -0.42554763 0.29499999
v 0.90375811 -0.42560422 0.29499999
v 0.90837824 -0.42566460 0.29499999
v 0.91281837 -0.42572889 0.29499999
v 0.91708249 -0.42579716 0.29499999
v 0.92117447 -0.42586961 0.29499999
v 0.92509818 -0.42594630 0.29499999
v 0.92885751 -0.42602736 0.29499999
v 0.93245643 -0.42611292 0.29499999
v 0.93589878 -0.42620313 0.29499999
v 0.99963164 -0.62459862 0.29499999
v 0.99966687 -0.62219596 0.29499999
v 0.99970037 -0.61977160 0.29499999
v 0.99973214 -0.61732602 0.29499999
v 0.99976218 -0.61485970 0.29499999
v 0.99979055 -0.61237323 0.29499999
v 0.99981713 -0.60986704 0.29499999
v 0.99984199 -0.60734171 0.29499999
v 0.99986506 -0.60479766 0.29499999
v 0.99988639 -0.60223550 0.29499999
v 0.99990588 -0.59965575 0.29499999
v 0.99992359 -0.59705877 0.29499999
v 0.99993950 -0.59444523 0.29499999
v 0.99995357 -0.59181559 0.29499999
v 0.99996585 -0.58917034 0.29499999
v 0.99997622 -0.58651000 0.29499999
v 0.99998474 -0.58383512 0.29499999
v 0.99999142 -0.58114618 0.29499999
v 0.99999619 -0.57844365 0.29499999
v 0.99999905 -0.57572806 0.29499999
v 1.00000000 -0.57300001 0.29499999
v 0.99999976 -0.56844085 0.29499999
v 0.99999893 -0.56399041 0.29499999
v 0.99999738 -0.55964720 0.29499999
v 0.99999505 -0.55540973 0.29499999
v 0.99999183 -0.55127668 0.29499999
v 0.99998760 -0.54724663 0.29499999
v 0.99998230 -0.54331803 0.29499999
v 0.99997580 -0.53948963 0.29499999
v 0.99996799 -0.53575987 0.29499999
v 0.99995875 -0.53212738 0.29499999
v 0.99994797 -0.52859074 0.29499999
v 0.99993563 -0.52514851 0.29499999
v 0.99992150 -0.52179927 0.29499999
v 0.99990559 -0.51854157 0.29499999
v 0.99988776 -0.51537406 0.29499999
v 0.99986786 -0.51229525 0.29499999
v 0.99984586 -0.50930375 0.29499999
v 0.99982160 -0.50639814 0.29499999
v 0.99979496 -0.50357693 0.29499999
v 0.99976593 -0.50083882 0.29499999
v 0.99973434 -0.49818224 0.29499999
v 0.99970013 -0.49560586 0.29499999
v 0.99966311 -0.49310824 0.29499999
v 0.99962324 -0.49068794 0.29499999
v 0.99958038 -0.48834357 0.29499999
v 0.99953449 -0.48607367 0.29499999
v 0.99948543 -0.48387682 0.29499999
v 0.99943310 -0.48175162 0.29499999
v 0.99937743 -0.47969660 0.29499999
v 0.99896640 -0.46876135 0.29499999
v 0.99931818 -0.47771040 0.29499999
v 0.99925542 -0.47579157 0.29499999
v 0.99918896 -0.47393867 0.29499999
v 0.99911869 -0.47215027 0.29499999
v 0.99904454 -0.47042498 0.29499999
v 0.93918854 -0.42629808 0.29499999
v 0.94232947 -0.42639789 0.29499999
v 0.94532561 -0.42650267 0.29499999
v 0.94818079 -0.42661259 0.29499999
v 0.95089895 -0.42672774 0.29499999
v 0.95348394 -0.42684823 0.29499999
v 0.95593965 -0.42697421 0.29499999
v 0.95827007 -0.42710578 0.29499999
v 0.96047902 -0.42724305 0.29499999
v 0.98083681 -0.42983386 0.29499999
v 0.98169214 -0.43007153 0.29499999
v 0.98391944 -0.43083110 0.29499999
v 0.98322958 -0.43057004 0.29499999
v 0.98248845 -0.43031690 0.29499999
v 0.96257043 -0.42738619 0.29499999
v 0.96454817 -0.42753530 0.29499999
v 0.96641624 -0.42769048 0.29499999
v 0.96817839 -0.42785186 0.29499999
v 0.96983862 -0.42801958 0.29499999
v 0.97140080 -0.42819375 0.29499999
v 0.97424668 -0.42856190 0.29499999
v 0.97286886 -0.42837447 0.29499999
v 0.97553813 -0.42875615 0.29499999
v 0.97787762 -0.42916557 0.29499999
v 0.97674716 -0.42895734 0.29499999
v 0.97991860 -0.42960373 0.29499999
v 0.97893345 -0.42938098 0.29499999
v 0.98624468 -0.43195686 0.29499999
v 0.98572075 -0.43166295 0.29499999
v 0.98516113 -0.43137744 0.29499999
v 0.98456204 -0.43110019 0.29499999
v 0.98720127 -0.43257037 0.29499999
v 0.98673689 -0.43225929 0.29499999
v 0.99000001 -0.43500000 0.29499999
v 0.98962128 -0.43462503 0.29499999
v 0.98806208 -0.43321890 0.29499999
v 0.98764169 -0.43289018 0.29499999
v 0.98924202 -0.43425956 0.29499999
v 0.98885834 -0.43390349 0.29499999
v 0.98846632 -0.43355662 0.29499999
v 0.99602640 -0.44488189 0.29499999
v 0.99582773 -0.44424367 0.29499999
v 0.99562263 -0.44363293 0.29499999
v 0.99399662 -0.44000813 0.29499999
v 0.99373591 -0.43956614 0.29499999
v 0.99541092 -0.44304827 0.29499999
v 0.99519253 -0.44248825 0.29499999
v 0.99496734 -0.44195148 0.29499999
v 0.99473524 -0.44143650 0.29499999
v 0.99449617 -0.44094190 0.29499999
v 0.99425000 -0.44046625 0.29499999
v 0.99201256 -0.43717256 0.29499999
v 0.99169779 -0.43680343 0.29499999
v 0.99137491 -0.43643901 0.29499999
v 0.99104381 -0.43607786 0.29499999
v 0.99070436 -0.43571860 0.29499999
v 0.99035645 -0.43535981 0.29499999
v 0.99290895 -0.43832248 0.29499999
v 0.99261802 -0.43793067 0.29499999
v 0.99231923 -0.43754783 0.29499999
v 0.99346781 -0.43913880 0.29499999
v 0.99319220 -0.43872473 0.29499999
v 0.99888414 -0.46715796 0.29499999
v 0.99879771 -0.46561339 0.29499999
v 0.99870694 -0.46412623 0.29499999
v 0.99861175 -0.46269506 0.29499999
v 0.99851209 -0.46131840 0.29499999
v 0.99840778 -0.45999488 0.29499999
v 0.99829876 -0.45872307 0.29499999
v 0.99794233 -0.45520362 0.29499999
v 0.99781334 -0.45412436 0.29499999
v 0.99818492 -0.45750153 0.29499999
v 0.99806613 -0.45632887 0.29499999
v 0.99767917 -0.45308971 0.29499999
v 0.99753964 -0.45209819 0.29499999
v 0.99739468 -0.45114842 0.29499999
v 0.99724412 -0.45023897 0.29499999
v 0.99708796 -0.44936839 0.29499999
v 0.99692601 -0.44853529 0.29499999
v 0.99675822 -0.44773823 0.29499999
v 0.99658448 -0.44697577 0.29499999
v 0.99640465 -0.44624650 0.29499999
v 0.99621868 -0.44554904 0.29499999
v 0.06137137 1.65764987 -0.17500000
v 0.13673703 1.69070840 -0.17500000
v 0.19728513 1.74644685 -0.17500000
v 0.23645431 1.81882513 -0.17500000
v 0.06137137 2.14234996 -0.17500000
v 0.13673703 2.10929155 -0.17500000
v 0.25000000 1.89999998 -0.17500000
v 0.23645431 1.98117483 -0.17500000
v 0.19728513 2.05355310 -0.17500000
v 1.10000002 2.50000000 -0.17500000
v 1.22360682 2.48042250 -0.17500000
v 1.50000000 2.09999990 -0.17500000
v 1.33511412 2.42360687 -0.17500000
v 1.42360675 2.33511400 -0.17500000
v 1.48042262 2.22360682 -0.17500000
v 0.00306748 0.22498564 0.17500000
v 0.02169918 0.22497946 0.17500000
v 0.05735685 0.22496720 0.17500000
v 0.07439896 0.22496203 0.17500000
v 0.09092735 0.22495811 0.17500000
v 0.10695007 0.22495589 0.17500000
v 0.12247521 0.22495583 0.17500000
v 0.13751082 0.22495838 0.17500000
v 0.15206499 0.22496401 0.17500000
v 0.16614577 0.22497317 0.17500000
v 0.17976123 0.22498631 0.17500000
v 0.01246316 0.62497300 0.17500000
v 0.03259090 0.62496495 0.17500000
v 0.05213454 0.62495542 0.17500000
v 0.07110287 0.62494433 0.17500000
v 0.08950462 0.62493157 0.17500000
v 0.10734859 0.62491691 0.17500000
v 0.12464353 0.62490034 0.17500000
v 0.14139822 0.62488168 0.17500000
v 0.15762143 0.62486088 0.17500000
v 0.17332190 0.62483776 0.17500000
v 0.19291945 0.22500390 0.17500000
v 0.20562848 0.22502638 0.17500000
v 0.21789642 0.22505422 0.17500000
v 0.22973129 0.22508787 0.17500000
v 0.24114120 0.22512777 0.17500000
v 0.25213420 0.22517441 0.17500000
v 0.26271838 0.22522824 0.17500000
v 0.27290177 0.22528969 0.17500000
v 0.28269246 0.22535925 0.17500000
v 0.29209852 0.22543734 0.17500000
v 0.30112800 0.22552444 0.17500000
v 0.30978900 0.22562100 0.17500000
v 0.31808957 0.22572748 0.17500000
v 0.32603779 0.22584434 0.17500000
v 0.33364171 0.22597203 0.17500000
v 0.34090942 0.22611101 0.17500000
v 0.34784895 0.22626172 0.17500000
v 0.35446841 0.22642465 0.17500000
v 0.36077586 0.22660021 0.17500000
v 0.36677933 0.22678891 0.17500000
v 0.37248695 0.22699116 0.17500000
v 0.18850844 0.62481219 0.17500000
v 0.20318979 0.62478405 0.17500000
v 0.21737471 0.62475324 0.17500000
v 0.23107201 0.62471962 0.17500000
v 0.24429041 0.62468308 0.17500000
v 0.25703871 0.62464350 0.17500000
v 0.26932567 0.62460077 0.17500000
v 0.28116003 0.62455475 0.17500000
v 0.29255062 0.62450534 0.17500000
v 0.30350614 0.62445235 0.17500000
v 0.31403542 0.62439579 0.17500000
v 0.32414716 0.62433541 0.17500000
v 0.33385020 0.62427109 0.17500000
v 0.34315324 0.62420285 0.17500000
v 0.35206512 0.62413037 0.17500000
v 0.36059454 0.62405372 0.17500000
v 0.36875030 0.62397265 0.17500000
v 0.00588929 0.82605672 0.17500000
v 0.01327686 0.82611066 0.17500000
v 0.02053791 0.82616568 0.17500000
v 0.02767026 0.82622164 0.17500000
v 0.03467175 0.82627863 0.17500000
v 0.04154021 0.82633650 0.17500000
v 0.04827346 0.82639533 0.17500000
v 0.05486932 0.82645506 0.17500000
v 0.06132564 0.82651567 0.17500000
v 0.06764022 0.82657719 0.17500000
v 0.07381091 0.82663947 0.17500000
v 0.07983553 0.82670254 0.17500000
v 0.08571192 0.82676643 0.17500000
v 0.09143788 0.82683104 0.17500000
v 0.09701126 0.82689643 0.17500000
v 0.10242988 0.82696247 0.17500000
v 0.10769157 0.82702923 0.17500000
v 0.11279416 0.82709664 0.17500000
v 0.11773548 0.82716465 0.17500000
v 0.12251334 0.82723331 0.17500000
v 0.12712558 0.82730252 0.17500000
v 0.13157004 0.82737231 0.17500000
v 0.13584453 0.82744265 0.17500000
v 0.13994688 0.82751346 0.17500000
v 0.14387491 0.82758480 0.17500000
v 0.14762647 0.82765657 0.17500000
v 0.15119939 0.82772881 0.17500000
v 0.15459147 0.82780141 0.17500000
v 0.15780056 0.82787442 0.17500000
v 0.16082448 0.82794785 0.17500000
v 0.16366105 0.82802159 0.17500000
v 0.16630810 0.82809561 0.17500000
v 0.16876349 0.82816994 0.17500000
v 0.17102499 0.82824457 0.17500000
v 0.17309047 0.82831943 0.17500000
v 0.17495775 0.82839447 0.17500000
v 0.17662466 0.82846975 0.17500000
v 0.17808902 0.82854515 0.17500000
v 0.17934865 0.82862073 0.17500000
v 0.18040140 0.82869649 0.17500000
v 0.18124507 0.82877225 0.17500000
v 0.18187751 0.82884812 0.17500000
v 0.18229654 0.82892406 0.17500000
v 0.18250000 0.82900000 0.17500000
v 0.18261607 0.82907927 0.17500000
v 0.18273641 0.82916522 0.17500000
v 0.18286094 0.82925773 0.17500000
v 0.18298960 0.82935673 0.17500000
v 0.18312231 0.82946211 0.17500000
v 0.18325901 0.82957375 0.17500000
v 0.18339963 0.82969165 0.17500000
v 0.18354411 0.82981569 0.17500000
v 0.18369240 0.82994574 0.17500000
v 0.18384440 0.83008176 0.17500000
v 0.18400006 0.83022368 0.17500000
v 0.18415929 0.83037138 0.17500000
v 0.18432207 0.83052480 0.17500000
v 0.18448830 0.83068383 0.17500000
v 0.18465792 0.83084840 0.17500000
v 0.18483084 0.83101845 0.17500000
v 0.18500704 0.83119380 0.17500000
v 0.18518643 0.83137453 0.17500000
v 0.18536893 0.83156037 0.17500000
v 0.18555449 0.83175135 0.17500000
v 0.18574303 0.83194733 0.17500000
v 0.18593450 0.83214831 0.17500000
v 0.18612881 0.83235407 0.17500000
v 0.18632592 0.83256465 0.17500000
v 0.18652575 0.83277994 0.17500000
v 0.18672822 0.83299977 0.17500000
v 0.18693329 0.83322418 0.17500000
v 0.18714087 0.83345294 0.17500000
v 0.18735091 0.83368611 0.17500000
v 0.00588929 0.97394329 0.17500000
v 0.01327686 0.97388935 0.17500000
v 0.02053791 0.97383434 0.17500000
v 0.02767026 0.97377837 0.17500000
v 0.03467175 0.97372139 0.17500000
v 0.04154021 0.97366351 0.17500000
v 0.04827346 0.97360468 0.17500000
v 0.05486932 0.97354490 0.17500000
v 0.06132564 0.97348428 0.17500000
v 0.06764022 0.97342283 0.17500000
v 0.07381091 0.97336054 0.17500000
v 0.07983553 0.97329748 0.17500000
v 0.08571192 0.97323358 0.17500000
v 0.09143788 0.97316897 0.17500000
v 0.09701126 0.97310358 0.17500000
v 0.10242988 0.97303754 0.17500000
v 0.10769157 0.97297078 0.17500000
v 0.11279416 0.97290337 0.17500000
v 0.11773548 0.97283536 0.17500000
v 0.12251334 0.97276670 0.17500000
v 0.12712558 0.97269750 0.17500000
v 0.13157004 0.97262770 0.17500000
v 0.13584453 0.97255737 0.17500000
v 0.13994688 0.97248656 0.17500000
v 0.14387491 0.97241521 0.17500000
v 0.14762647 0.97234344 0.17500000
v 0.15119939 0.97227120 0.17500000
v 0.15459147 0.97219855 0.17500000
v 0.15780056 0.97212553 0.17500000
v 0.16082448 0.97205216 0.17500000
v 0.16366105 0.97197843 0.17500000
v 0.16630810 0.97190440 0.17500000
v 0.16876349 0.97183007 0.17500000
v 0.17102499 0.97175545 0.17500000
v 0.17495775 0.97160554 0.17500000
v 0.17309047 0.97168058 0.17500000
v 0.17662466 0.97153026 0.17500000
v 0.17808902 0.97145480 0.17500000
v 0.18040140 0.97130352 0.17500000
v 0.17934865 0.97137922 0.17500000
v 0.18124507 0.97122777 0.17500000
v 0.18735091 0.96631390 0.17500000
v 0.18714087 0.96654707 0.17500000
v 0.18693329 0.96677583 0.17500000
v 0.18339963 0.97030836 0.17500000
v 0.18325901 0.97042626 0.17500000
v 0.18312231 0.97053790 0.17500000
v 0.18298960 0.97064328 0.17500000
v 0.18286094 0.97074223 0.17500000
v 0.18273641 0.97083473 0.17500000
v 0.18261607 0.97092068 0.17500000
v 0.18250000 0.97100002 0.17500000
v 0.18229654 0.97107595 0.17500000
v 0.18187751 0.97115189 0.17500000
v 0.18448830 0.96931618 0.17500000
v 0.18432207 0.96947521 0.17500000
v 0.18415929 0.96962863 0.17500000
v 0.18400006 0.96977633 0.17500000
v 0.18384440 0.96991819 0.17500000
v 0.18369240 0.97005427 0.17500000
v 0.18354411 0.97018433 0.17500000
v 0.18536893 0.96843964 0.17500000
v 0.18518643 0.96862549 0.17500000
v 0.18500704 0.96880615 0.17500000
v 0.18483084 0.96898156 0.17500000
v 0.18465792 0.96915162 0.17500000
v 0.18672822 0.96700025 0.17500000
v 0.18652575 0.96722007 0.17500000
v 0.18632592 0.96743536 0.17500000
v 0.18612881 0.96764588 0.17500000
v 0.18593450 0.96785170 0.17500000
v 0.18574303 0.96805263 0.17500000
v 0.18555449 0.96824867 0.17500000
v 0.18756333 0.83392352 0.17500000
v 0.18777807 0.83416510 0.17500000
v 0.18799506 0.83441073 0.17500000
v 0.18821424 0.83466041 0.17500000
v 0.18843552 0.83491403 0.17500000
v 0.18865888 0.83517146 0.17500000
v 0.18888420 0.83543259 0.17500000
v 0.18911144 0.83569747 0.17500000
v 0.18934053 0.83596587 0.17500000
v 0.18957141 0.83623779 0.17500000
v 0.18980400 0.83651310 0.17500000
v 0.19003825 0.83679169 0.17500000
v 0.19027407 0.83707356 0.17500000
v 0.19051141 0.83735859 0.17500000
v 0.19075020 0.83764672 0.17500000
v 0.19099036 0.83793777 0.17500000
v 0.19123185 0.83823174 0.17500000
v 0.19147457 0.83852851 0.17500000
v 0.19171849 0.83882803 0.17500000
v 0.19196351 0.83913016 0.17500000
v 0.19220957 0.83943486 0.17500000
v 0.19245663 0.83974206 0.17500000
v 0.19270459 0.84005159 0.17500000
v 0.19295339 0.84036344 0.17500000
v 0.19320299 0.84067756 0.17500000
v 0.19345328 0.84099376 0.17500000
v 0.19370423 0.84131199 0.17500000
v 0.19395575 0.84163219 0.17500000
v 0.19420777 0.84195429 0.17500000
v 0.19446026 0.84227812 0.17500000
v 0.19471312 0.84260368 0.17500000
v 0.19496627 0.84293091 0.17500000
v 0.19521968 0.84325963 0.17500000
v 0.19547327 0.84358978 0.17500000
v 0.19572696 0.84392136 0.17500000
v 0.19598070 0.84425414 0.17500000
v 0.19623441 0.84458816 0.17500000
v 0.19648804 0.84492326 0.17500000
v 0.19674149 0.84525943 0.17500000
v 0.19699474 0.84559649 0.17500000
v 0.19724768 0.84593439 0.17500000
v 0.19750026 0.84627306 0.17500000
v 0.19775243 0.84661245 0.17500000
v 0.19800410 0.84695244 0.17500000
v 0.19825520 0.84729290 0.17500000
v 0.19850568 0.84763384 0.17500000
v 0.19875547 0.84797508 0.17500000
v 0.19900450 0.84831655 0.17500000
v 0.19925269 0.84865826 0.17500000
v 0.19949999 0.84899998 0.17500000
v 0.19973119 0.84934247 0.17500000
v 0.19996898 0.84968626 0.17500000
v 0.20021322 0.85003132 0.17500000
v 0.20046380 0.85037750 0.17500000
v 0.20072058 0.85072476 0.17500000
v 0.20098341 0.85107285 0.17500000
v 0.20125216 0.85142183 0.17500000
v 0.20152672 0.85177147 0.17500000
v 0.20180692 0.85212177 0.17500000
v 0.20209265 0.85247260 0.17500000
v 0.20238379 0.85282379 0.17500000
v 0.20268016 0.85317528 0.17500000
v 0.20298167 0.85352701 0.17500000
v 0.20328817 0.85387886 0.17500000
v 0.20359951 0.85423064 0.17500000
v 0.20391558 0.85458231 0.17500000
v 0.20423624 0.85493380 0.17500000
v 0.20456137 0.85528499 0.17500000
v 0.20489079 0.85563570 0.17500000
v 0.20522441 0.85598594 0.17500000
v 0.20556208 0.85633552 0.17500000
v 0.20590368 0.85668439 0.17500000
v 0.20624906 0.85703242 0.17500000
v 0.20659809 0.85737950 0.17500000
v 0.20695063 0.85772556 0.17500000
v 0.20730655 0.85807049 0.17500000
v 0.20766573 0.85841417 0.17500000
v 0.20802802 0.85875648 0.17500000
v 0.20839329 0.85909730 0.17500000
v 0.20876142 0.85943663 0.17500000
v 0.20913225 0.85977423 0.17500000
v 0.20950566 0.86011010 0.17500000
v 0.20988153 0.86044413 0.17500000
v 0.21025971 0.86077619 0.17500000
v 0.21064006 0.86110616 0.17500000
v 0.21102245 0.86143392 0.17500000
v 0.21140675 0.86175942 0.17500000
v 0.21179284 0.86208254 0.17500000
v 0.21218057 0.86240315 0.17500000
v 0.21256980 0.86272120 0.17500000
v 0.21296041 0.86303651 0.17500000
v 0.21335226 0.86334908 0.17500000
v 0.21374522 0.86365873 0.17500000
v 0.21413915 0.86396533 0.17500000
v 0.21453393 0.86426884 0.17500000
v 0.21492940 0.86456919 0.17500000
v 0.21532544 0.86486614 0.17500000
v 0.21572194 0.86515975 0.17500000
v 0.21611872 0.86544979 0.17500000
v 0.21651569 0.86573619 0.17500000
v 0.21691269 0.86601889 0.17500000
v 0.21730959 0.86629778 0.17500000
v 0.21770626 0.86657268 0.17500000
v 0.21810257 0.86684358 0.17500000
v 0.21849838 0.86711031 0.17500000
v 0.21889354 0.86737281 0.17500000
v 0.21928796 0.86763096 0.17500000
v 0.21968146 0.86788464 0.17500000
v 0.22007394 0.86813378 0.17500000
v 0.22046524 0.86837822 0.17500000
v 0.22085524 0.86861795 0.17500000
v 0.22124380 0.86885279 0.17500000
v 0.22163080 0.86908263 0.17500000
v 0.22201610 0.86930740 0.17500000
v 0.22239955 0.86952704 0.17500000
v 0.22278103 0.86974138 0.17500000
v 0.22316040 0.86995029 0.17500000
v 0.22353755 0.87015378 0.17500000
v 0.22391231 0.87035161 0.17500000
v 0.22428457 0.87054384 0.17500000
v 0.22465418 0.87073016 0.17500000
v 0.22502103 0.87091064 0.17500000
v 0.22538497 0.87108511 0.17500000
v 0.22574586 0.87125349 0.17500000
v 0.22610357 0.87141562 0.17500000
v 0.22645798 0.87157142 0.17500000
v 0.22680895 0.87172085 0.17500000
v 0.22715633 0.87186372 0.17500000
v 0.22750001 0.87199998 0.17500000
v 0.22858733 0.87248349 0.17500000
v 0.22964677 0.87298435 0.17500000
v 0.23067833 0.87350208 0.17500000
v 0.23168202 0.87403619 0.17500000
v 0.23265782 0.87458634 0.17500000
v 0.23360576 0.87515205 0.17500000
v 0.21256980 0.93727881 0.17500000
v 0.21374522 0.93634129 0.17500000
v 0.21335226 0.93665093 0.17500000
v 0.21296041 0.93696350 0.17500000
v 0.21453393 0.93573117 0.17500000
v 0.21413915 0.93603468 0.17500000
v 0.21651569 0.93426383 0.17500000
v 0.21611872 0.93455023 0.17500000
v 0.21572194 0.93484026 0.17500000
v 0.21532544 0.93513387 0.17500000
v 0.21492940 0.93543082 0.17500000
v 0.21968146 0.93211538 0.17500000
v 0.21928796 0.93236905 0.17500000
v 0.21810257 0.93315643 0.17500000
v 0.21770626 0.93342733 0.17500000
v 0.21730959 0.93370223 0.17500000
v 0.21691269 0.93398112 0.17500000
v 0.21889354 0.93262720 0.17500000
v 0.21849838 0.93288970 0.17500000
v 0.22007394 0.93186623 0.17500000
v 0.22239955 0.93047297 0.17500000
v 0.22201610 0.93069255 0.17500000
v 0.22163080 0.93091738 0.17500000
v 0.22124380 0.93114722 0.17500000
v 0.22085524 0.93138206 0.17500000
v 0.22046524 0.93162179 0.17500000
v 0.22428457 0.92945617 0.17500000
v 0.22391231 0.92964834 0.17500000
v 0.22353755 0.92984623 0.17500000
v 0.22316040 0.93004966 0.17500000
v 0.22278103 0.93025863 0.17500000
v 0.22538497 0.92891490 0.17500000
v 0.22502103 0.92908937 0.17500000
v 0.22465418 0.92926979 0.17500000
v 0.22610357 0.92858440 0.17500000
v 0.22574586 0.92874652 0.17500000
v 0.22750001 0.92799997 0.17500000
v 0.22715633 0.92813623 0.17500000
v 0.22680895 0.92827916 0.17500000
v 0.22645798 0.92842853 0.17500000
v 0.22964677 0.92701566 0.17500000
v 0.22858733 0.92751652 0.17500000
v 0.23067833 0.92649794 0.17500000
v 0.23168202 0.92596376 0.17500000
v 0.23360576 0.92484796 0.17500000
v 0.23265782 0.92541367 0.17500000
v 0.23452580 0.87573278 0.17500000
v 0.23541796 0.87632817 0.17500000
v 0.23628224 0.87693775 0.17500000
v 0.23711865 0.87756109 0.17500000
v 0.23792717 0.87819767 0.17500000
v 0.23870783 0.87884706 0.17500000
v 0.23946059 0.87950891 0.17500000
v 0.24018547 0.88018262 0.17500000
v 0.24088247 0.88086784 0.17500000
v 0.24155159 0.88156414 0.17500000
v 0.24219283 0.88227093 0.17500000
v 0.24280620 0.88298792 0.17500000
v 0.24339168 0.88371456 0.17500000
v 0.24394929 0.88445044 0.17500000
v 0.24447902 0.88519508 0.17500000
v 0.24498086 0.88594806 0.17500000
v 0.24545482 0.88670897 0.17500000
v 0.24590090 0.88747722 0.17500000
v 0.24631910 0.88825250 0.17500000
v 0.24670942 0.88903433 0.17500000
v 0.24707186 0.88982219 0.17500000
v 0.24740642 0.89061570 0.17500000
v 0.24771310 0.89141440 0.17500000
v 0.24799190 0.89221781 0.17500000
v 0.24824283 0.89302552 0.17500000
v 0.24846587 0.89383703 0.17500000
v 0.24866103 0.89465195 0.17500000
v 0.24882831 0.89546978 0.17500000
v 0.24896771 0.89629006 0.17500000
v 0.24907923 0.89711237 0.17500000
v 0.24916287 0.89793628 0.17500000
v 0.24280620 0.91701210 0.17500000
v 0.24219283 0.91772908 0.17500000
v 0.24590090 0.91252273 0.17500000
v 0.24545482 0.91329104 0.17500000
v 0.24339168 0.91628546 0.17500000
v 0.24498086 0.91405195 0.17500000
v 0.24447902 0.91480494 0.17500000
v 0.24394929 0.91554958 0.17500000
v 0.23711865 0.92243892 0.17500000
v 0.23628224 0.92306226 0.17500000
v 0.23541796 0.92367184 0.17500000
v 0.23452580 0.92426723 0.17500000
v 0.23946059 0.92049110 0.17500000
v 0.23870783 0.92115289 0.17500000
v 0.23792717 0.92180234 0.17500000
v 0.24018547 0.91981739 0.17500000
v 0.24155159 0.91843587 0.17500000
v 0.24088247 0.91913211 0.17500000
v 0.24896771 0.90370995 0.17500000
v 0.24882831 0.90453023 0.17500000
v 0.24866103 0.90534806 0.17500000
v 0.24846587 0.90616298 0.17500000
v 0.24824283 0.90697449 0.17500000
v 0.24799190 0.90778220 0.17500000
v 0.24921863 0.89876133 0.17500000
v 0.24924651 0.89958704 0.17500000
v 0.24924651 0.90041298 0.17500000
v 0.24921863 0.90123868 0.17500000
v 0.24916287 0.90206373 0.17500000
v 0.24907923 0.90288758 0.17500000
v 0.24771310 0.90858561 0.17500000
v 0.24740642 0.90938431 0.17500000
v 0.24707186 0.91017777 0.17500000
v 0.24670942 0.91096568 0.17500000
v 0.24631910 0.91174746 0.17500000
v 0.19623441 0.95541185 0.17500000
v 0.19598070 0.95574588 0.17500000
v 0.19572696 0.95607865 0.17500000
v 0.19547327 0.95641023 0.17500000
v 0.19521968 0.95674038 0.17500000
v 0.19900450 0.95168340 0.17500000
v 0.19875547 0.95202494 0.17500000
v 0.19699474 0.95440352 0.17500000
v 0.19850568 0.95236617 0.17500000
v 0.19825520 0.95270711 0.17500000
v 0.19800410 0.95304757 0.17500000
v 0.19775243 0.95338756 0.17500000
v 0.19750026 0.95372689 0.17500000
v 0.19724768 0.95406562 0.17500000
v 0.19674149 0.95474058 0.17500000
v 0.19648804 0.95507675 0.17500000
v 0.18911144 0.96430254 0.17500000
v 0.18888420 0.96456736 0.17500000
v 0.19027407 0.96292639 0.17500000
v 0.19003825 0.96320826 0.17500000
v 0.18980400 0.96348691 0.17500000
v 0.18957141 0.96376222 0.17500000
v 0.18934053 0.96403414 0.17500000
v 0.18865888 0.96482855 0.17500000
v 0.18843552 0.96508598 0.17500000
v 0.18821424 0.96533960 0.17500000
v 0.18799506 0.96558923 0.17500000
v 0.18777807 0.96583492 0.17500000
v 0.18756333 0.96607649 0.17500000
v 0.19123185 0.96176827 0.17500000
v 0.19295339 0.95963651 0.17500000
v 0.19320299 0.95932245 0.17500000
v 0.19270459 0.95994842 0.17500000
v 0.19245663 0.96025795 0.17500000
v 0.19220957 0.96056515 0.17500000
v 0.19196351 0.96086985 0.17500000
v 0.19171849 0.96117198 0.17500000
v 0.19147457 0.96147150 0.17500000
v 0.19099036 0.96206224 0.17500000
v 0.19075020 0.96235329 0.17500000
v 0.19051141 0.96264142 0.17500000
v 0.19496627 0.95706910 0.17500000
v 0.19471312 0.95739627 0.17500000
v 0.19446026 0.95772189 0.17500000
v 0.19420777 0.95804572 0.17500000
v 0.19395575 0.95836782 0.17500000
v 0.19370423 0.95868802 0.17500000
v 0.19345328 0.95900625 0.17500000
v 0.20268016 0.94682467 0.17500000
v 0.20238379 0.94717622 0.17500000
v 0.20456137 0.94471502 0.17500000
v 0.20423624 0.94506621 0.17500000
v 0.20391558 0.94541770 0.17500000
v 0.20359951 0.94576937 0.17500000
v 0.20328817 0.94612116 0.17500000
v 0.20298167 0.94647300 0.17500000
v 0.20489079 0.94436431 0.17500000
v 0.20098341 0.94892710 0.17500000
v 0.20072058 0.94927526 0.17500000
v 0.20209265 0.94752741 0.17500000
v 0.20180692 0.94787824 0.17500000
v 0.20152672 0.94822848 0.17500000
v 0.20125216 0.94857818 0.17500000
v 0.20046380 0.94962245 0.17500000
v 0.20021322 0.94996864 0.17500000
v 0.19996898 0.95031369 0.17500000
v 0.19973119 0.95065755 0.17500000
v 0.19949999 0.95099998 0.17500000
v 0.19925269 0.95134175 0.17500000
v 0.20766573 0.94158584 0.17500000
v 0.20730655 0.94192952 0.17500000
v 0.20695063 0.94227445 0.17500000
v 0.20659809 0.94262046 0.17500000
v 0.20624906 0.94296759 0.17500000
v 0.20590368 0.94331563 0.17500000
v 0.20556208 0.94366449 0.17500000
v 0.20522441 0.94401407 0.17500000
v 0.21064006 0.93889385 0.17500000
v 0.20839329 0.94090271 0.17500000
v 0.20802802 0.94124353 0.17500000
v 0.21025971 0.93922383 0.17500000
v 0.20988153 0.93955588 0.17500000
v 0.20950566 0.93988985 0.17500000
v 0.20913225 0.94022572 0.17500000
v 0.20876142 0.94056338 0.17500000
v 0.21218057 0.93759686 0.17500000
v 0.21179284 0.93791747 0.17500000
v 0.21140675 0.93824059 0.17500000
v 0.21102245 0.93856609 0.17500000
v 0.37790674 0.22720744 0.17500000
v 0.38304681 0.22743821 0.17500000
v 0.38791516 0.22768390 0.17500000
v 0.39251995 0.22794500 0.17500000
v 0.39686915 0.22822195 0.17500000
v 0.40097091 0.22851519 0.17500000
v 0.40483326 0.22882521 0.17500000
v 0.40846428 0.22915246 0.17500000
v 0.41187203 0.22949736 0.17500000
v 0.41506460 0.22986041 0.17500000
v 0.41805002 0.23024204 0.17500000
v 0.42083639 0.23064272 0.17500000
v 0.42343175 0.23106290 0.17500000
v 0.42584419 0.23150304 0.17500000
v 0.42808178 0.23196359 0.17500000
v 0.43015260 0.23244502 0.17500000
v 0.43206465 0.23294775 0.17500000
v 0.43382609 0.23347229 0.17500000
v 0.43544495 0.23401906 0.17500000
v 0.43692929 0.23458853 0.17500000
v 0.43828717 0.23518115 0.17500000
v 0.43952668 0.23579738 0.17500000
v 0.44065586 0.23643768 0.17500000
v 0.44168282 0.23710249 0.17500000
v 0.44261560 0.23779228 0.17500000
v 0.44346228 0.23850751 0.17500000
v 0.44423091 0.23924863 0.17500000
v 0.44492960 0.24001609 0.17500000
v 0.44556639 0.24081036 0.17500000
v 0.44614932 0.24163190 0.17500000
v 0.44668651 0.24248113 0.17500000
v 0.44718599 0.24335855 0.17500000
v 0.44765583 0.24426459 0.17500000
v 0.44810414 0.24519973 0.17500000
v 0.44853896 0.24616440 0.17500000
v 0.44896835 0.24715906 0.17500000
v 0.44940037 0.24818417 0.17500000
v 0.44984314 0.24924022 0.17500000
v 0.45030466 0.25032762 0.17500000
v 0.45079306 0.25144684 0.17500000
v 0.45131636 0.25259835 0.17500000
v 0.45188266 0.25378257 0.17500000
v 0.45249999 0.25500000 0.17500000
v 0.45265478 0.25528553 0.17500000
v 0.45281520 0.25557238 0.17500000
v 0.45298123 0.25586054 0.17500000
v 0.45315278 0.25614986 0.17500000
v 0.45332968 0.25644031 0.17500000
v 0.45351192 0.25673175 0.17500000
v 0.45369941 0.25702414 0.17500000
v 0.45389199 0.25731736 0.17500000
v 0.45408961 0.25761133 0.17500000
v 0.45429218 0.25790602 0.17500000
v 0.45449963 0.25820127 0.17500000
v 0.45471182 0.25849703 0.17500000
v 0.45492870 0.25879321 0.17500000
v 0.45515013 0.25908971 0.17500000
v 0.45537609 0.25938648 0.17500000
v 0.45560640 0.25968340 0.17500000
v 0.45584106 0.25998041 0.17500000
v 0.45607993 0.26027739 0.17500000
v 0.45632291 0.26057431 0.17500000
v 0.45656994 0.26087102 0.17500000
v 0.45682091 0.26116750 0.17500000
v 0.45707572 0.26146364 0.17500000
v 0.45733431 0.26175931 0.17500000
v 0.45759654 0.26205450 0.17500000
v 0.45786238 0.26234907 0.17500000
v 0.45813170 0.26264295 0.17500000
v 0.45840439 0.26293606 0.17500000
v 0.45868042 0.26322830 0.17500000
v 0.45895964 0.26351961 0.17500000
v 0.45924199 0.26380989 0.17500000
v 0.45952734 0.26409906 0.17500000
v 0.45981568 0.26438704 0.17500000
v 0.46010685 0.26467371 0.17500000
v 0.46040076 0.26495904 0.17500000
v 0.46069735 0.26524290 0.17500000
v 0.46099651 0.26552522 0.17500000
v 0.46129814 0.26580593 0.17500000
v 0.46160218 0.26608491 0.17500000
v 0.46190849 0.26636210 0.17500000
v 0.46221703 0.26663741 0.17500000
v 0.46252769 0.26691076 0.17500000
v 0.46284038 0.26718205 0.17500000
v 0.46315500 0.26745123 0.17500000
v 0.46347147 0.26771817 0.17500000
v 0.46378967 0.26798281 0.17500000
v 0.46410957 0.26824504 0.17500000
v 0.46443099 0.26850480 0.17500000
v 0.46475393 0.26876202 0.17500000
v 0.46507823 0.26901656 0.17500000
v 0.46540385 0.26926839 0.17500000
v 0.46573067 0.26951739 0.17500000
v 0.46605858 0.26976350 0.17500000
v 0.46638754 0.27000663 0.17500000
v 0.46671742 0.27024668 0.17500000
v 0.46704814 0.27048355 0.17500000
v 0.46737960 0.27071720 0.17500000
v 0.46771172 0.27094752 0.17500000
v 0.46804443 0.27117443 0.17500000
v 0.46837759 0.27139783 0.17500000
v 0.46871114 0.27161765 0.17500000
v 0.46904498 0.27183381 0.17500000
v 0.46937901 0.27204621 0.17500000
v 0.46971315 0.27225477 0.17500000
v 0.47004732 0.27245939 0.17500000
v 0.47038144 0.27266002 0.17500000
v 0.47071537 0.27285653 0.17500000
v 0.47104904 0.27304888 0.17500000
v 0.47138238 0.27323696 0.17500000
v 0.47171527 0.27342069 0.17500000
v 0.47204763 0.27360001 0.17500000
v 0.47237936 0.27377477 0.17500000
v 0.47271040 0.27394494 0.17500000
v 0.47304061 0.27411041 0.17500000
v 0.47336996 0.27427113 0.17500000
v 0.47369829 0.27442697 0.17500000
v 0.47402558 0.27457786 0.17500000
v 0.47435167 0.27472371 0.17500000
v 0.47467652 0.27486446 0.17500000
v 0.47499999 0.27500001 0.17500000
v 0.47532302 0.27513459 0.17500000
v 0.47564641 0.27527246 0.17500000
v 0.47597015 0.27541357 0.17500000
v 0.47629407 0.27555785 0.17500000
v 0.47661817 0.27570522 0.17500000
v 0.47694230 0.27585563 0.17500000
v 0.47726640 0.27600899 0.17500000
v 0.47759038 0.27616525 0.17500000
v 0.47791418 0.27632433 0.17500000
v 0.47823769 0.27648619 0.17500000
v 0.47856081 0.27665076 0.17500000
v 0.47888350 0.27681792 0.17500000
v 0.47920564 0.27698767 0.17500000
v 0.47952715 0.27715990 0.17500000
v 0.47984794 0.27733457 0.17500000
v 0.48016793 0.27751160 0.17500000
v 0.48048705 0.27769092 0.17500000
v 0.48080519 0.27787244 0.17500000
v 0.48112229 0.27805614 0.17500000
v 0.48143825 0.27824196 0.17500000
v 0.48175299 0.27842978 0.17500000
v 0.48206642 0.27861956 0.17500000
v 0.48237845 0.27881125 0.17500000
v 0.48268899 0.27900475 0.17500000
v 0.48299798 0.27919999 0.17500000
v 0.48330534 0.27939695 0.17500000
v 0.48361096 0.27959552 0.17500000
v 0.48391473 0.27979565 0.17500000
v 0.48421663 0.27999729 0.17500000
v 0.48451653 0.28020033 0.17500000
v 0.48481435 0.28040475 0.17500000
v 0.48510998 0.28061044 0.17500000
v 0.48540342 0.28081736 0.17500000
v 0.48569450 0.28102541 0.17500000
v 0.48598316 0.28123459 0.17500000
v 0.48626933 0.28144476 0.17500000
v 0.48655292 0.28165591 0.17500000
v 0.48683384 0.28186795 0.17500000
v 0.48711199 0.28208080 0.17500000
v 0.48738730 0.28229439 0.17500000
v 0.48765969 0.28250867 0.17500000
v 0.48792905 0.28272361 0.17500000
v 0.48819533 0.28293908 0.17500000
v 0.48845842 0.28315502 0.17500000
v 0.48871824 0.28337139 0.17500000
v 0.48897472 0.28358811 0.17500000
v 0.48922777 0.28380513 0.17500000
v 0.48947728 0.28402236 0.17500000
v 0.48972318 0.28423974 0.17500000
v 0.48996541 0.28445721 0.17500000
v 0.49020383 0.28467470 0.17500000
v 0.49043840 0.28489214 0.17500000
v 0.49066901 0.28510946 0.17500000
v 0.49089560 0.28532660 0.17500000
v 0.49111807 0.28554350 0.17500000
v 0.49133635 0.28576007 0.17500000
v 0.49155030 0.28597626 0.17500000
v 0.49175990 0.28619200 0.17500000
v 0.49196506 0.28640723 0.17500000
v 0.49216565 0.28662187 0.17500000
v 0.49236161 0.28683585 0.17500000
v 0.49255285 0.28704911 0.17500000
v 0.49273929 0.28726161 0.17500000
v 0.49292085 0.28747323 0.17500000
v 0.49309745 0.28768396 0.17500000
v 0.49326897 0.28789368 0.17500000
v 0.49343535 0.28810236 0.17500000
v 0.49359652 0.28830990 0.17500000
v 0.49375239 0.28851628 0.17500000
v 0.49390283 0.28872141 0.17500000
v 0.49404782 0.28892520 0.17500000
v 0.49418721 0.28912762 0.17500000
v 0.49432096 0.28932855 0.17500000
v 0.49444899 0.28952798 0.17500000
v 0.49457118 0.28972584 0.17500000
v 0.49468744 0.28992203 0.17500000
v 0.49479774 0.29011649 0.17500000
v 0.49490196 0.29030919 0.17500000
v 0.49511343 0.29072031 0.17500000
v 0.49522591 0.29100114 0.17500000
v 0.49533740 0.29134193 0.17500000
v 0.49544787 0.29174218 0.17500000
v 0.49555734 0.29220131 0.17500000
v 0.49566579 0.29271883 0.17500000
v 0.49577323 0.29329419 0.17500000
v 0.49587959 0.29392684 0.17500000
v 0.49598491 0.29461625 0.17500000
v 0.49608913 0.29536188 0.17500000
v 0.49619231 0.29616323 0.17500000
v 0.49629435 0.29701972 0.17500000
v 0.49639532 0.29793084 0.17500000
v 0.49649516 0.29889604 0.17500000
v 0.49659386 0.29991481 0.17500000
v 0.49669141 0.30098656 0.17500000
v 0.49678782 0.30211082 0.17500000
v 0.49688306 0.30328703 0.17500000
v 0.49697712 0.30451462 0.17500000
v 0.49706998 0.30579311 0.17500000
v 0.49716163 0.30712193 0.17500000
v 0.49725208 0.30850056 0.17500000
v 0.49734128 0.30992845 0.17500000
v 0.49742925 0.31140506 0.17500000
v 0.37654120 0.62388706 0.17500000
v 0.38397592 0.62379688 0.17500000
v 0.39106333 0.62370193 0.17500000
v 0.39781213 0.62360209 0.17500000
v 0.40423110 0.62349731 0.17500000
v 0.41032901 0.62338740 0.17500000
v 0.41611466 0.62327224 0.17500000
v 0.42159680 0.62315178 0.17500000
v 0.42678416 0.62302577 0.17500000
v 0.43168557 0.62289423 0.17500000
v 0.43630973 0.62275696 0.17500000
v 0.44066545 0.62261379 0.17500000
v 0.44476151 0.62246472 0.17500000
v 0.44860667 0.62230951 0.17500000
v 0.45220968 0.62214816 0.17500000
v 0.45557931 0.62198043 0.17500000
v 0.45872432 0.62180626 0.17500000
v 0.46165353 0.62162554 0.17500000
v 0.46437564 0.62143809 0.17500000
v 0.46689945 0.62124383 0.17500000
v 0.49751598 0.31292990 0.17500000
v 0.49760142 0.31450239 0.17500000
v 0.49768561 0.31612200 0.17500000
v 0.49776849 0.31778818 0.17500000
v 0.49785006 0.31950045 0.17500000
v 0.49793035 0.32125822 0.17500000
v 0.49800926 0.32306099 0.17500000
v 0.49808687 0.32490820 0.17500000
v 0.49816313 0.32679930 0.17500000
v 0.49823803 0.32873380 0.17500000
v 0.49831152 0.33071116 0.17500000
v 0.49838367 0.33273080 0.17500000
v 0.49845439 0.33479223 0.17500000
v 0.49852371 0.33689487 0.17500000
v 0.49859160 0.33903822 0.17500000
v 0.49865806 0.34122175 0.17500000
v 0.49872306 0.34344491 0.17500000
v 0.49878660 0.34570715 0.17500000
v 0.49884868 0.34800795 0.17500000
v 0.49890926 0.35034677 0.17500000
v 0.49896836 0.35272309 0.17500000
v 0.49902594 0.35513636 0.17500000
v 0.49908200 0.35758606 0.17500000
v 0.49913654 0.36007163 0.17500000
v 0.49918953 0.36259252 0.17500000
v 0.49924093 0.36514825 0.17500000
v 0.49929079 0.36773825 0.17500000
v 0.49933907 0.37036198 0.17500000
v 0.49938574 0.37301892 0.17500000
v 0.49943084 0.37570855 0.17500000
v 0.49947429 0.37843028 0.17500000
v 0.49951610 0.38118362 0.17500000
v 0.49955627 0.38396803 0.17500000
v 0.49959481 0.38678297 0.17500000
v 0.49963167 0.38962790 0.17500000
v 0.49966684 0.39250228 0.17500000
v 0.49970034 0.39540559 0.17500000
v 0.49973214 0.39833727 0.17500000
v 0.49976221 0.40129679 0.17500000
v 0.49979052 0.40428364 0.17500000
v 0.49981713 0.40729728 0.17500000
v 0.49984199 0.41033715 0.17500000
v 0.49986506 0.41340274 0.17500000
v 0.49988636 0.41649348 0.17500000
v 0.49990588 0.41960886 0.17500000
v 0.49992362 0.42274836 0.17500000
v 0.49993950 0.42591143 0.17500000
v 0.49995360 0.42909750 0.17500000
v 0.49996582 0.43230608 0.17500000
v 0.49997622 0.43553662 0.17500000
v 0.49998474 0.43878859 0.17500000
v 0.49999142 0.44206145 0.17500000
v 0.49999619 0.44535467 0.17500000
v 0.49999905 0.44866771 0.17500000
v 0.50000000 0.45199999 0.17500000
v 0.49999973 0.45749652 0.17500000
v 0.49999890 0.46286067 0.17500000
v 0.49999738 0.46809414 0.17500000
v 0.49999505 0.47319868 0.17500000
v 0.49999183 0.47817606 0.17500000
v 0.49998763 0.48302794 0.17500000
v 0.49998230 0.48775604 0.17500000
v 0.49997580 0.49236217 0.17500000
v 0.49996796 0.49684799 0.17500000
v 0.49995872 0.50121528 0.17500000
v 0.49994797 0.50546569 0.17500000
v 0.49993560 0.50960106 0.17500000
v 0.49992150 0.51362300 0.17500000
v 0.49990559 0.51753330 0.17500000
v 0.49988773 0.52133369 0.17500000
v 0.49986786 0.52502584 0.17500000
v 0.49984583 0.52861160 0.17500000
v 0.49982157 0.53209257 0.17500000
v 0.49979499 0.53547055 0.17500000
v 0.49976593 0.53874725 0.17500000
v 0.49973434 0.54192442 0.17500000
v 0.49970010 0.54500377 0.17500000
v 0.46923375 0.62104267 0.17500000
v 0.47138727 0.62083441 0.17500000
v 0.47336879 0.62061900 0.17500000
v 0.47518709 0.62039632 0.17500000
v 0.47685093 0.62016612 0.17500000
v 0.47836909 0.61992848 0.17500000
v 0.47975031 0.61968309 0.17500000
v 0.48100337 0.61942995 0.17500000
v 0.48316011 0.61889982 0.17500000
v 0.48213705 0.61916888 0.17500000
v 0.48565322 0.61804312 0.17500000
v 0.48632148 0.61774069 0.17500000
v 0.48490942 0.61833704 0.17500000
v 0.48408130 0.61862260 0.17500000
v 0.49169779 0.61319023 0.17500000
v 0.49137491 0.61355776 0.17500000
v 0.49104381 0.61392075 0.17500000
v 0.49070436 0.61428100 0.17500000
v 0.49035645 0.61464018 0.17500000
v 0.49000001 0.61500001 0.17500000
v 0.49201253 0.61281651 0.17500000
v 0.48796067 0.61678112 0.17500000
v 0.48746642 0.61710984 0.17500000
v 0.48692298 0.61742967 0.17500000
v 0.48923555 0.61574042 0.17500000
v 0.48883644 0.61609650 0.17500000
v 0.48841441 0.61644340 0.17500000
v 0.48962048 0.61537498 0.17500000
v 0.49966308 0.54798698 0.17500000
v 0.49962324 0.55087584 0.17500000
v 0.49958041 0.55367208 0.17500000
v 0.49953452 0.55637741 0.17500000
v 0.49948546 0.55899352 0.17500000
v 0.49943313 0.56152219 0.17500000
v 0.49937740 0.56396514 0.17500000
v 0.49931821 0.56632411 0.17500000
v 0.49925542 0.56860077 0.17500000
v 0.49918896 0.57079691 0.17500000
v 0.49911872 0.57291424 0.17500000
v 0.49904457 0.57495445 0.17500000
v 0.49896640 0.57691932 0.17500000
v 0.49888417 0.57881057 0.17500000
v 0.49879771 0.58062989 0.17500000
v 0.49870694 0.58237904 0.17500000
v 0.49861178 0.58405977 0.17500000
v 0.49851209 0.58567375 0.17500000
v 0.49794230 0.59280342 0.17500000
v 0.49781334 0.59405345 0.17500000
v 0.49767917 0.59524876 0.17500000
v 0.49753964 0.59639120 0.17500000
v 0.49739465 0.59748250 0.17500000
v 0.49724412 0.59852439 0.17500000
v 0.49708796 0.59951848 0.17500000
v 0.49692601 0.60046667 0.17500000
v 0.49675822 0.60137057 0.17500000
v 0.49658448 0.60223192 0.17500000
v 0.49582773 0.60528678 0.17500000
v 0.49640465 0.60305250 0.17500000
v 0.49621865 0.60383403 0.17500000
v 0.49602640 0.60457820 0.17500000
v 0.49840778 0.58722275 0.17500000
v 0.49829876 0.58870852 0.17500000
v 0.49818489 0.59013271 0.17500000
v 0.49806613 0.59149712 0.17500000
v 0.49496734 0.60779941 0.17500000
v 0.49373594 0.61034626 0.17500000
v 0.49473524 0.60835582 0.17500000
v 0.49449617 0.60888696 0.17500000
v 0.49425000 0.60939461 0.17500000
v 0.49399662 0.60988045 0.17500000
v 0.49346784 0.61079371 0.17500000
v 0.49319223 0.61122459 0.17500000
v 0.49290898 0.61164057 0.17500000
v 0.49261802 0.61204338 0.17500000
v 0.49231926 0.61243480 0.17500000
v 0.49562261 0.60596144 0.17500000
v 0.49541092 0.60660392 0.17500000
v 0.49519253 0.60721600 0.17500000
v 0.00306748 0.22498564 0.29499999
v 0.02169918 0.22497946 0.29499999
v 0.03979294 0.22497317 0.29499999
v 0.05735685 0.22496720 0.29499999
v 0.07439896 0.22496203 0.29499999
v 0.09092735 0.22495811 0.29499999
v 0.10695007 0.22495589 0.29499999
v 0.12247521 0.22495583 0.29499999
v 0.13751082 0.22495838 0.29499999
v 0.15206499 0.22496401 0.29499999
v 0.16614577 0.22497317 0.29499999
v 0.17976123 0.22498631 0.29499999
v 0.01246316 0.62497300 0.29499999
v 0.03259090 0.62496495 0.29499999
v 0.05213454 0.62495542 0.29499999
v 0.07110287 0.62494433 0.29499999
v 0.08950462 0.62493157 0.29499999
v 0.10734859 0.62491691 0.29499999
v 0.12464353 0.62490034 0.29499999
v 0.14139822 0.62488168 0.29499999
v 0.15762143 0.62486088 0.29499999
v 0.17332190 0.62483776 0.29499999
v 0.19291945 0.22500390 0.29499999
v 0.20562848 0.22502638 0.29499999
v 0.21789642 0.22505422 0.29499999
v 0.22973129 0.22508787 0.29499999
v 0.24114120 0.22512777 0.29499999
v 0.25213420 0.22517441 0.29499999
v 0.26271838 0.22522824 0.29499999
v 0.27290177 0.22528969 0.29499999
v 0.28269246 0.22535925 0.29499999
v 0.29209852 0.22543734 0.29499999
v 0.30112800 0.22552444 0.29499999
v 0.30978900 0.22562100 0.29499999
v 0.31808957 0.22572748 0.29499999
v 0.32603779 0.22584434 0.29499999
v 0.33364171 0.22597203 0.29499999
v 0.34090942 0.22611101 0.29499999
v 0.34784895 0.22626172 0.29499999
v 0.35446841 0.22642465 0.29499999
v 0.36077586 0.22660021 0.29499999
v 0.36677933 0.22678891 0.29499999
v 0.37248695 0.22699116 0.29499999
v 0.18850844 0.62481219 0.29499999
v 0.20318979 0.62478405 0.29499999
v 0.21737471 0.62475324 0.29499999
v 0.23107201 0.62471962 0.29499999
v 0.24429041 0.62468308 0.29499999
v 0.25703871 0.62464350 0.29499999
v 0.26932567 0.62460077 0.29499999
v 0.28116003 0.62455475 0.29499999
v 0.29255062 0.62450534 0.29499999
v 0.30350614 0.62445235 0.29499999
v 0.31403542 0.62439579 0.29499999
v 0.32414716 0.62433541 0.29499999
v 0.33385020 0.62427109 0.29499999
v 0.34315324 0.62420285 0.29499999
v 0.35206512 0.62413037 0.29499999
v 0.36059454 0.62405372 0.29499999
v 0.36875030 0.62397265 0.29499999
v 0.00588929 0.82605672 0.29499999
v 0.01327686 0.82611066 0.29499999
v 0.02053791 0.82616568 0.29499999
v 0.02767026 0.82622164 0.29499999
v 0.03467175 0.82627863 0.29499999
v 0.04154021 0.82633650 0.29499999
v 0.04827346 0.82639533 0.29499999
v 0.05486932 0.82645506 0.29499999
v 0.06132564 0.82651567 0.29499999
v 0.06764022 0.82657719 0.29499999
v 0.07381091 0.82663947 0.29499999
v 0.07983553 0.82670254 0.29499999
v 0.08571192 0.82676643 0.29499999
v 0.09143788 0.82683104 0.29499999
v 0.09701126 0.82689643 0.29499999
v 0.10242988 0.82696247 0.29499999
v 0.10769157 0.82702923 0.29499999
v 0.11279416 0.82709664 0.29499999
v 0.11773548 0.82716465 0.29499999
v 0.12251334 0.82723331 0.29499999
v 0.12712558 0.82730252 0.29499999
v 0.13157004 0.82737231 0.29499999
v 0.13584453 0.82744265 0.29499999
v 0.13994688 0.82751346 0.29499999
v 0.14387491 0.82758480 0.29499999
v 0.14762647 0.82765657 0.29499999
v 0.15119939 0.82772881 0.29499999
v 0.15459147 0.82780141 0.29499999
v 0.15780056 0.82787442 0.29499999
v 0.16082448 0.82794785 0.29499999
v 0.16366105 0.82802159 0.29499999
v 0.16630810 0.82809561 0.29499999
v 0.16876349 0.82816994 0.29499999
v 0.17102499 0.82824457 0.29499999
v 0.17309047 0.82831943 0.29499999
v 0.17495775 0.82839447 0.29499999
v 0.17662466 0.82846975 0.29499999
v 0.17808902 0.82854515 0.29499999
v 0.17934865 0.82862073 0.29499999
v 0.18040140 0.82869649 0.29499999
v 0.18124507 0.82877225 0.29499999
v 0.18187751 0.82884812 0.29499999
v 0.18229654 0.82892406 0.29499999
v 0.18250000 0.82900000 0.29499999
v 0.18261607 0.82907927 0.29499999
v 0.18273641 0.82916522 0.29499999
v 0.18286094 0.82925773 0.29499999
v 0.18298960 0.82935673 0.29499999
v 0.18312231 0.82946211 0.29499999
v 0.18325901 0.82957375 0.29499999
v 0.18339963 0.82969165 0.29499999
v 0.18354411 0.82981569 0.29499999
v 0.18369240 0.82994574 0.29499999
v 0.18384440 0.83008176 0.29499999
v 0.18400006 0.83022368 0.29499999
v 0.18415929 0.83037138 0.29499999
v 0.18432207 0.83052480 0.29499999
v 0.18448830 0.83068383 0.29499999
v 0.18465792 0.83084840 0.29499999
v 0.18483084 0.83101845 0.29499999
v 0.18500704 0.83119380 0.29499999
v 0.18518643 0.83137453 0.29499999
v 0.18536893 0.83156037 0.29499999
v 0.18555449 0.83175135 0.29499999
v 0.18574303 0.83194733 0.29499999
v 0.18593450 0.83214831 0.29499999
v 0.18612881 0.83235407 0.29499999
v 0.18632592 0.83256465 0.29499999
v 0.18652575 0.83277994 0.29499999
v 0.18672822 0.83299977 0.29499999
v 0.18693329 0.83322418 0.29499999
v 0.18714087 0.83345294 0.29499999
v 0.18735091 0.83368611 0.29499999
v 0.00588929 0.97394329 0.29499999
v 0.01327686 0.97388935 0.29499999
v 0.02053791 0.97383434 0.29499999
v 0.02767026 0.97377837 0.29499999
v 0.03467175 0.97372139 0.29499999
v 0.04154021 0.97366351 0.29499999
v 0.04827346 0.97360468 0.29499999
v 0.05486932 0.97354490 0.29499999
v 0.06132564 0.97348428 0.29499999
v 0.06764022 0.97342283 0.29499999
v 0.07381091 0.97336054 0.29499999
v 0.07983553 0.97329748 0.29499999
v 0.08571192 0.97323358 0.29499999
v 0.09143788 0.97316897 0.29499999
v 0.09701126 0.97310358 0.29499999
v 0.10242988 0.97303754 0.29499999
v 0.10769157 0.97297078 0.29499999
v 0.11279416 0.97290337 0.29499999
v 0.11773548 0.97283536 0.29499999
v 0.12251334 0.97276670 0.29499999
v 0.12712558 0.97269750 0.29499999
v 0.13157004 0.97262770 0.29499999
v 0.13584453 0.97255737 0.29499999
v 0.13994688 0.97248656 0.29499999
v 0.14387491 0.97241521 0.29499999
v 0.14762647 0.97234344 0.29499999
v 0.15119939 0.97227120 0.29499999
v 0.15459147 0.97219855 0.29499999
v 0.15780056 0.97212553 0.29499999
v 0.16082448 0.97205216 0.29499999
v 0.16366105 0.97197843 0.29499999
v 0.16630810 0.97190440 0.29499999
v 0.16876349 0.97183007 0.29499999
v 0.17102499 0.97175545 0.29499999
v 0.17495775 0.97160554 0.29499999
v 0.17309047 0.97168058 0.29499999
v 0.17662466 0.97153026 0.29499999
v 0.17808902 0.97145480 0.29499999
v 0.17934865 0.97137922 0.29499999
v 0.18124507 0.97122777 0.29499999
v 0.18040140 0.97130352 0.29499999
v 0.18735091 0.96631390 0.29499999
v 0.18714087 0.96654707 0.29499999
v 0.18693329 0.96677583 0.29499999
v 0.18354411 0.97018433 0.29499999
v 0.18339963 0.97030836 0.29499999
v 0.18325901 0.97042626 0.29499999
v 0.18312231 0.97053790 0.29499999
v 0.18298960 0.97064328 0.29499999
v 0.18286094 0.97074223 0.29499999
v 0.18273641 0.97083473 0.29499999
v 0.18261607 0.97092068 0.29499999
v 0.18250000 0.97100002 0.29499999
v 0.18229654 0.97107595 0.29499999
v 0.18187751 0.97115189 0.29499999
v 0.18448830 0.96931618 0.29499999
v 0.18432207 0.96947521 0.29499999
v 0.18415929 0.96962863 0.29499999
v 0.18400006 0.96977633 0.29499999
v 0.18384440 0.96991819 0.29499999
v 0.18369240 0.97005427 0.29499999
v 0.18536893 0.96843964 0.29499999
v 0.18518643 0.96862549 0.29499999
v 0.18500704 0.96880615 0.29499999
v 0.18483084 0.96898156 0.29499999
v 0.18465792 0.96915162 0.29499999
v 0.18672822 0.96700025 0.29499999
v 0.18652575 0.96722007 0.29499999
v 0.18632592 0.96743536 0.29499999
v 0.18612881 0.96764588 0.29499999
v 0.18593450 0.96785170 0.29499999
v 0.18574303 0.96805263 0.29499999
v 0.18555449 0.96824867 0.29499999
v 0.18756333 0.83392352 0.29499999
v 0.18777807 0.83416510 0.29499999
v 0.18799506 0.83441073 0.29499999
v 0.18821424 0.83466041 0.29499999
v 0.18843552 0.83491403 0.29499999
v 0.18865888 0.83517146 0.29499999
v 0.18888420 0.83543259 0.29499999
v 0.18911144 0.83569747 0.29499999
v 0.18934053 0.83596587 0.29499999
v 0.18957141 0.83623779 0.29499999
v 0.18980400 0.83651310 0.29499999
v 0.19003825 0.83679169 0.29499999
v 0.19027407 0.83707356 0.29499999
v 0.19051141 0.83735859 0.29499999
v 0.19075020 0.83764672 0.29499999
v 0.19099036 0.83793777 0.29499999
v 0.19123185 0.83823174 0.29499999
v 0.19147457 0.83852851 0.29499999
v 0.19171849 0.83882803 0.29499999
v 0.19196351 0.83913016 0.29499999
v 0.19220957 0.83943486 0.29499999
v 0.19245663 0.83974206 0.29499999
v 0.19270459 0.84005159 0.29499999
v 0.19295339 0.84036344 0.29499999
v 0.19320299 0.84067756 0.29499999
v 0.19345328 0.84099376 0.29499999
v 0.19370423 0.84131199 0.29499999
v 0.19395575 0.84163219 0.29499999
v 0.19420777 0.84195429 0.29499999
v 0.19446026 0.84227812 0.29499999
v 0.19471312 0.84260368 0.29499999
v 0.19496627 0.84293091 0.29499999
v 0.19521968 0.84325963 0.29499999
v 0.19547327 0.84358978 0.29499999
v 0.19572696 0.84392136 0.29499999
v 0.19598070 0.84425414 0.29499999
v 0.19623441 0.84458816 0.29499999
v 0.19648804 0.84492326 0.29499999
v 0.19674149 0.84525943 0.29499999
v 0.19699474 0.84559649 0.29499999
v 0.19724768 0.84593439 0.29499999
v 0.19750026 0.84627306 0.29499999
v 0.19775243 0.84661245 0.29499999
v 0.19800410 0.84695244 0.29499999
v 0.19825520 0.84729290 0.29499999
v 0.19850568 0.84763384 0.29499999
v 0.19875547 0.84797508 0.29499999
v 0.19900450 0.84831655 0.29499999
v 0.19925269 0.84865826 0.29499999
v 0.19949999 0.84899998 0.29499999
v 0.19973119 0.84934247 0.29499999
v 0.19996898 0.84968626 0.29499999
v 0.20021322 0.85003132 0.29499999
v 0.20046380 0.85037750 0.29499999
v 0.20072058 0.85072476 0.29499999
v 0.20098341 0.85107285 0.29499999
v 0.20125216 0.85142183 0.29499999
v 0.20152672 0.85177147 0.29499999
v 0.20180692 0.85212177 0.29499999
v 0.20209265 0.85247260 0.29499999
v 0.20238379 0.85282379 0.29499999
v 0.20268016 0.85317528 0.29499999
v 0.20298167 0.85352701 0.29499999
v 0.20328817 0.85387886 0.29499999
v 0.20359951 0.85423064 0.29499999
v 0.20391558 0.85458231 0.29499999
v 0.20423624 0.85493380 0.29499999
v 0.20456137 0.85528499 0.29499999
v 0.20489079 0.85563570 0.29499999
v 0.20522441 0.85598594 0.29499999
v 0.20556208 0.85633552 0.29499999
v 0.20590368 0.85668439 0.29499999
v 0.20624906 0.85703242 0.29499999
v 0.20659809 0.85737950 0.29499999
v 0.20695063 0.85772556 0.29499999
v 0.20730655 0.85807049 0.29499999
v 0.20766573 0.85841417 0.29499999
v 0.20802802 0.85875648 0.29499999
v 0.20839329 0.85909730 0.29499999
v 0.20876142 0.85943663 0.29499999
v 0.20913225 0.85977423 0.29499999
v 0.20950566 0.86011010 0.29499999
v 0.20988153 0.86044413 0.29499999
v 0.21025971 0.86077619 0.29499999
v 0.21064006 0.86110616 0.29499999
v 0.21102245 0.86143392 0.29499999
v 0.21140675 0.86175942 0.29499999
v 0.21179284 0.86208254 0.29499999
v 0.21218057 0.86240315 0.29499999
v 0.21256980 0.86272120 0.29499999
v 0.21296041 0.86303651 0.29499999
v 0.21335226 0.86334908 0.29499999
v 0.21374522 0.86365873 0.29499999
v 0.21413915 0.86396533 0.29499999
v 0.21453393 0.86426884 0.29499999
v 0.21492940 0.86456919 0.29499999
v 0.21532544 0.86486614 0.29499999
v 0.21572194 0.86515975 0.29499999
v 0.21611872 0.86544979 0.29499999
v 0.21651569 0.86573619 0.29499999
v 0.21691269 0.86601889 0.29499999
v 0.21730959 0.86629778 0.29499999
v 0.21770626 0.86657268 0.29499999
v 0.21810257 0.86684358 0.29499999
v 0.21849838 0.86711031 0.29499999
v 0.21889354 0.86737281 0.29499999
v 0.21928796 0.86763096 0.29499999
v 0.21968146 0.86788464 0.29499999
v 0.22007394 0.86813378 0.29499999
v 0.22046524 0.86837822 0.29499999
v 0.22085524 0.86861795 0.29499999
v 0.22124380 0.86885279 0.29499999
v 0.22163080 0.86908263 0.29499999
v 0.22201610 0.86930740 0.29499999
v 0.22239955 0.86952704 0.29499999
v 0.22278103 0.86974138 0.29499999
v 0.22316040 0.86995029 0.29499999
v 0.22353755 0.87015378 0.29499999
v 0.22391231 0.87035161 0.29499999
v 0.22428457 0.87054384 0.29499999
v 0.22465418 0.87073016 0.29499999
v 0.22502103 0.87091064 0.29499999
v 0.22538497 0.87108511 0.29499999
v 0.22574586 0.87125349 0.29499999
v 0.22610357 0.87141562 0.29499999
v 0.22645798 0.87157142 0.29499999
v 0.22680895 0.87172085 0.29499999
v 0.22715633 0.87186372 0.29499999
v 0.22750001 0.87199998 0.29499999
v 0.22858733 0.87248349 0.29499999
v 0.22964677 0.87298435 0.29499999
v 0.23067833 0.87350208 0.29499999
v 0.23168202 0.87403619 0.29499999
v 0.23265782 0.87458634 0.29499999
v 0.23360576 0.87515205 0.29499999
v 0.21256980 0.93727881 0.29499999
v 0.21374522 0.93634129 0.29499999
v 0.21335226 0.93665093 0.29499999
v 0.21296041 0.93696350 0.29499999
v 0.21453393 0.93573117 0.29499999
v 0.21413915 0.93603468 0.29499999
v 0.21651569 0.93426383 0.29499999
v 0.21611872 0.93455023 0.29499999
v 0.21572194 0.93484026 0.29499999
v 0.21532544 0.93513387 0.29499999
v 0.21492940 0.93543082 0.29499999
v 0.21968146 0.93211538 0.29499999
v 0.21928796 0.93236905 0.29499999
v 0.21849838 0.93288970 0.29499999
v 0.21810257 0.93315643 0.29499999
v 0.21770626 0.93342733 0.29499999
v 0.21730959 0.93370223 0.29499999
v 0.21691269 0.93398112 0.29499999
v 0.21889354 0.93262720 0.29499999
v 0.22046524 0.93162179 0.29499999
v 0.22007394 0.93186623 0.29499999
v 0.22239955 0.93047297 0.29499999
v 0.22201610 0.93069255 0.29499999
v 0.22163080 0.93091738 0.29499999
v 0.22124380 0.93114722 0.29499999
v 0.22085524 0.93138206 0.29499999
v 0.22428457 0.92945617 0.29499999
v 0.22391231 0.92964834 0.29499999
v 0.22353755 0.92984623 0.29499999
v 0.22316040 0.93004966 0.29499999
v 0.22278103 0.93025863 0.29499999
v 0.22538497 0.92891490 0.29499999
v 0.22502103 0.92908937 0.29499999
v 0.22465418 0.92926979 0.29499999
v 0.22645798 0.92842853 0.29499999
v 0.22610357 0.92858440 0.29499999
v 0.22574586 0.92874652 0.29499999
v 0.22750001 0.92799997 0.29499999
v 0.22715633 0.92813623 0.29499999
v 0.22680895 0.92827916 0.29499999
v 0.22964677 0.92701566 0.29499999
v 0.22858733 0.92751652 0.29499999
v 0.23067833 0.92649794 0.29499999
v 0.23168202 0.92596376 0.29499999
v 0.23360576 0.92484796 0.29499999
v 0.23265782 0.92541367 0.29499999
v 0.23452580 0.87573278 0.29499999
v 0.23541796 0.87632817 0.29499999
v 0.23628224 0.87693775 0.29499999
v 0.23711865 0.87756109 0.29499999
v 0.23792717 0.87819767 0.29499999
v 0.23870783 0.87884706 0.29499999
v 0.23946059 0.87950891 0.29499999
v 0.24018547 0.88018262 0.29499999
v 0.24088247 0.88086784 0.29499999
v 0.24155159 0.88156414 0.29499999
v 0.24219283 0.88227093 0.29499999
v 0.24280620 0.88298792 0.29499999
v 0.24339168 0.88371456 0.29499999
v 0.24394929 0.88445044 0.29499999
v 0.24447902 0.88519508 0.29499999
v 0.24498086 0.88594806 0.29499999
v 0.24545482 0.88670897 0.29499999
v 0.24590090 0.88747722 0.29499999
v 0.24631910 0.88825250 0.29499999
v 0.24670942 0.88903433 0.29499999
v 0.24707186 0.88982219 0.29499999
v 0.24740642 0.89061570 0.29499999
v 0.24771310 0.89141440 0.29499999
v 0.24799190 0.89221781 0.29499999
v 0.24824283 0.89302552 0.29499999
v 0.24846587 0.89383703 0.29499999
v 0.24866103 0.89465195 0.29499999
v 0.24882831 0.89546978 0.29499999
v 0.24896771 0.89629006 0.29499999
v 0.24907923 0.89711237 0.29499999
v 0.24916287 0.89793628 0.29499999
v 0.24280620 0.91701210 0.29499999
v 0.24219283 0.91772908 0.29499999
v 0.24590090 0.91252273 0.29499999
v 0.24394929 0.91554958 0.29499999
v 0.24339168 0.91628546 0.29499999
v 0.24545482 0.91329104 0.29499999
v 0.24498086 0.91405195 0.29499999
v 0.24447902 0.91480494 0.29499999
v 0.23711865 0.92243892 0.29499999
v 0.23628224 0.92306226 0.29499999
v 0.23541796 0.92367184 0.29499999
v 0.23452580 0.92426723 0.29499999
v 0.23792717 0.92180234 0.29499999
v 0.24018547 0.91981739 0.29499999
v 0.23946059 0.92049110 0.29499999
v 0.23870783 0.92115289 0.29499999
v 0.24155159 0.91843587 0.29499999
v 0.24088247 0.91913211 0.29499999
v 0.24896771 0.90370995 0.29499999
v 0.24882831 0.90453023 0.29499999
v 0.24866103 0.90534806 0.29499999
v 0.24846587 0.90616298 0.29499999
v 0.24824283 0.90697449 0.29499999
v 0.24799190 0.90778220 0.29499999
v 0.24921863 0.89876133 0.29499999
v 0.24924651 0.89958704 0.29499999
v 0.24924651 0.90041298 0.29499999
v 0.24921863 0.90123868 0.29499999
v 0.24916287 0.90206373 0.29499999
v 0.24907923 0.90288758 0.29499999
v 0.24771310 0.90858561 0.29499999
v 0.24740642 0.90938431 0.29499999
v 0.24707186 0.91017777 0.29499999
v 0.24670942 0.91096568 0.29499999
v 0.24631910 0.91174746 0.29499999
v 0.19521968 0.95674038 0.29499999
v 0.19623441 0.95541185 0.29499999
v 0.19598070 0.95574588 0.29499999
v 0.19572696 0.95607865 0.29499999
v 0.19547327 0.95641023 0.29499999
v 0.19900450 0.95168340 0.29499999
v 0.19875547 0.95202494 0.29499999
v 0.19724768 0.95406562 0.29499999
v 0.19850568 0.95236617 0.29499999
v 0.19825520 0.95270711 0.29499999
v 0.19800410 0.95304757 0.29499999
v 0.19775243 0.95338756 0.29499999
v 0.19750026 0.95372689 0.29499999
v 0.19699474 0.95440352 0.29499999
v 0.19674149 0.95474058 0.29499999
v 0.19648804 0.95507675 0.29499999
v 0.18934053 0.96403414 0.29499999
v 0.18911144 0.96430254 0.29499999
v 0.18888420 0.96456736 0.29499999
v 0.19027407 0.96292639 0.29499999
v 0.19003825 0.96320826 0.29499999
v 0.18980400 0.96348691 0.29499999
v 0.18957141 0.96376222 0.29499999
v 0.18865888 0.96482855 0.29499999
v 0.18843552 0.96508598 0.29499999
v 0.18821424 0.96533960 0.29499999
v 0.18799506 0.96558923 0.29499999
v 0.18777807 0.96583492 0.29499999
v 0.18756333 0.96607649 0.29499999
v 0.19123185 0.96176827 0.29499999
v 0.19320299 0.95932245 0.29499999
v 0.19295339 0.95963651 0.29499999
v 0.19270459 0.95994842 0.29499999
v 0.19245663 0.96025795 0.29499999
v 0.19220957 0.96056515 0.29499999
v 0.19196351 0.96086985 0.29499999
v 0.19171849 0.96117198 0.29499999
v 0.19147457 0.96147150 0.29499999
v 0.19099036 0.96206224 0.29499999
v 0.19075020 0.96235329 0.29499999
v 0.19051141 0.96264142 0.29499999
v 0.19496627 0.95706910 0.29499999
v 0.19471312 0.95739627 0.29499999
v 0.19446026 0.95772189 0.29499999
v 0.19420777 0.95804572 0.29499999
v 0.19395575 0.95836782 0.29499999
v 0.19370423 0.95868802 0.29499999
v 0.19345328 0.95900625 0.29499999
v 0.20298167 0.94647300 0.29499999
v 0.20268016 0.94682467 0.29499999
v 0.20238379 0.94717622 0.29499999
v 0.20489079 0.94436431 0.29499999
v 0.20456137 0.94471502 0.29499999
v 0.20423624 0.94506621 0.29499999
v 0.20391558 0.94541770 0.29499999
v 0.20359951 0.94576937 0.29499999
v 0.20328817 0.94612116 0.29499999
v 0.20098341 0.94892710 0.29499999
v 0.20209265 0.94752741 0.29499999
v 0.20180692 0.94787824 0.29499999
v 0.20152672 0.94822848 0.29499999
v 0.20125216 0.94857818 0.29499999
v 0.20072058 0.94927526 0.29499999
v 0.20046380 0.94962245 0.29499999
v 0.20021322 0.94996864 0.29499999
v 0.19996898 0.95031369 0.29499999
v 0.19973119 0.95065755 0.29499999
v 0.19949999 0.95099998 0.29499999
v 0.19925269 0.95134175 0.29499999
v 0.20695063 0.94227445 0.29499999
v 0.20766573 0.94158584 0.29499999
v 0.20730655 0.94192952 0.29499999
v 0.20659809 0.94262046 0.29499999
v 0.20624906 0.94296759 0.29499999
v 0.20590368 0.94331563 0.29499999
v 0.20556208 0.94366449 0.29499999
v 0.20522441 0.94401407 0.29499999
v 0.20876142 0.94056338 0.29499999
v 0.20839329 0.94090271 0.29499999
v 0.20802802 0.94124353 0.29499999
v 0.21064006 0.93889385 0.29499999
v 0.21025971 0.93922383 0.29499999
v 0.20988153 0.93955588 0.29499999
v 0.20950566 0.93988985 0.29499999
v 0.20913225 0.94022572 0.29499999
v 0.21218057 0.93759686 0.29499999
v 0.21179284 0.93791747 0.29499999
v 0.21140675 0.93824059 0.29499999
v 0.21102245 0.93856609 0.29499999
v 0.37790674 0.22720744 0.29499999
v 0.38304681 0.22743821 0.29499999
v 0.38791516 0.22768390 0.29499999
v 0.39251995 0.22794500 0.29499999
v 0.39686915 0.22822195 0.29499999
v 0.40097091 0.22851519 0.29499999
v 0.40483326 0.22882521 0.29499999
v 0.40846428 0.22915246 0.29499999
v 0.41187203 0.22949736 0.29499999
v 0.41506460 0.22986041 0.29499999
v 0.41805002 0.23024204 0.29499999
v 0.42083639 0.23064272 0.29499999
v 0.42343175 0.23106290 0.29499999
v 0.42584419 0.23150304 0.29499999
v 0.42808178 0.23196359 0.29499999
v 0.43015260 0.23244502 0.29499999
v 0.43206465 0.23294775 0.29499999
v 0.43382609 0.23347229 0.29499999
v 0.43544495 0.23401906 0.29499999
v 0.43692929 0.23458853 0.29499999
v 0.43828717 0.23518115 0.29499999
v 0.43952668 0.23579738 0.29499999
v 0.44065586 0.23643768 0.29499999
v 0.44168282 0.23710249 0.29499999
v 0.44261560 0.23779228 0.29499999
v 0.44346228 0.23850751 0.29499999
v 0.44423091 0.23924863 0.29499999
v 0.44492960 0.24001609 0.29499999
v 0.44556639 0.24081036 0.29499999
v 0.44614932 0.24163190 0.29499999
v 0.44668651 0.24248113 0.29499999
v 0.44718599 0.24335855 0.29499999
v 0.44765583 0.24426459 0.29499999
v 0.44810414 0.24519973 0.29499999
v 0.44853896 0.24616440 0.29499999
v 0.44896835 0.24715906 0.29499999
v 0.44940037 0.24818417 0.29499999
v 0.44984314 0.24924022 0.29499999
v 0.45030466 0.25032762 0.29499999
v 0.45079306 0.25144684 0.29499999
v 0.45131636 0.25259835 0.29499999
v 0.45188266 0.25378257 0.29499999
v 0.45249999 0.25500000 0.29499999
v 0.45265478 0.25528553 0.29499999
v 0.45281520 0.25557238 0.29499999
v 0.45298123 0.25586054 0.29499999
v 0.45315278 0.25614986 0.29499999
v 0.45332968 0.25644031 0.29499999
v 0.45351192 0.25673175 0.29499999
v 0.45369941 0.25702414 0.29499999
v 0.45389199 0.25731736 0.29499999
v 0.45408961 0.25761133 0.29499999
v 0.45429218 0.25790602 0.29499999
v 0.45449963 0.25820127 0.29499999
v 0.45471182 0.25849703 0.29499999
v 0.45492870 0.25879321 0.29499999
v 0.45515013 0.25908971 0.29499999
v 0.45537609 0.25938648 0.29499999
v 0.45560640 0.25968340 0.29499999
v 0.45584106 0.25998041 0.29499999
v 0.45607993 0.26027739 0.29499999
v 0.45632291 0.26057431 0.29499999
v 0.45656994 0.26087102 0.29499999
v 0.45682091 0.26116750 0.29499999
v 0.45707572 0.26146364 0.29499999
v 0.45733431 0.26175931 0.29499999
v 0.45759654 0.26205450 0.29499999
v 0.45786238 0.26234907 0.29499999
v 0.45813170 0.26264295 0.29499999
v 0.45840439 0.26293606 0.29499999
v 0.45868042 0.26322830 0.29499999
v 0.45895964 0.26351961 0.29499999
v 0.45924199 0.26380989 0.29499999
v 0.45952734 0.26409906 0.29499999
v 0.45981568 0.26438704 0.29499999
v 0.46010685 0.26467371 0.29499999
v 0.46040076 0.26495904 0.29499999
v 0.46069735 0.26524290 0.29499999
v 0.46099651 0.26552522 0.29499999
v 0.46129814 0.26580593 0.29499999
v 0.46160218 0.26608491 0.29499999
v 0.46190849 0.26636210 0.29499999
v 0.46221703 0.26663741 0.29499999
v 0.46252769 0.26691076 0.29499999
v 0.46284038 0.26718205 0.29499999
v 0.46315500 0.26745123 0.29499999
v 0.46347147 0.26771817 0.29499999
v 0.46378967 0.26798281 0.29499999
v 0.46410957 0.26824504 0.29499999
v 0.46443099 0.26850480 0.29499999
v 0.46475393 0.26876202 0.29499999
v 0.46507823 0.26901656 0.29499999
v 0.46540385 0.26926839 0.29499999
v 0.46573067 0.26951739 0.29499999
v 0.46605858 0.26976350 0.29499999
v 0.46638754 0.27000663 0.29499999
v 0.46671742 0.27024668 0.29499999
v 0.46704814 0.27048355 0.29499999
v 0.46737960 0.27071720 0.29499999
v 0.46771172 0.27094752 0.29499999
v 0.46804443 0.27117443 0.29499999
v 0.46837759 0.27139783 0.29499999
v 0.46871114 0.27161765 0.29499999
v 0.46904498 0.27183381 0.29499999
v 0.46937901 0.27204621 0.29499999
v 0.46971315 0.27225477 0.29499999
v 0.47004732 0.27245939 0.29499999
v 0.47038144 0.27266002 0.29499999
v 0.47071537 0.27285653 0.29499999
v 0.47104904 0.27304888 0.29499999
v 0.47138238 0.27323696 0.29499999
v 0.47171527 0.27342069 0.29499999
v 0.47204763 0.27360001 0.29499999
v 0.47237936 0.27377477 0.29499999
v 0.47271040 0.27394494 0.29499999
v 0.47304061 0.27411041 0.29499999
v 0.47336996 0.27427113 0.29499999
v 0.47369829 0.27442697 0.29499999
v 0.47402558 0.27457786 0.29499999
v 0.47435167 0.27472371 0.29499999
v 0.47467652 0.27486446 0.29499999
v 0.47499999 0.27500001 0.29499999
v 0.47532302 0.27513459 0.29499999
v 0.47564641 0.27527246 0.29499999
v 0.47597015 0.27541357 0.29499999
v 0.47629407 0.27555785 0.29499999
v 0.47661817 0.27570522 0.29499999
v 0.47694230 0.27585563 0.29499999
v 0.47726640 0.27600899 0.29499999
v 0.47759038 0.27616525 0.29499999
v 0.47791418 0.27632433 0.29499999
v 0.47823769 0.27648619 0.29499999
v 0.47856081 0.27665076 0.29499999
v 0.47888350 0.27681792 0.29499999
v 0.47920564 0.27698767 0.29499999
v 0.47952715 0.27715990 0.29499999
v 0.47984794 0.27733457 0.29499999
v 0.48016793 0.27751160 0.29499999
v 0.48048705 0.27769092 0.29499999
v 0.48080519 0.27787244 0.29499999
v 0.48112229 0.27805614 0.29499999
v 0.48143825 0.27824196 0.29499999
v 0.48175299 0.27842978 0.29499999
v 0.48206642 0.27861956 0.29499999
v 0.48237845 0.27881125 0.29499999
v 0.48268899 0.27900475 0.29499999
v 0.48299798 0.27919999 0.29499999
v 0.48330534 0.27939695 0.29499999
v 0.48361096 0.27959552 0.29499999
v 0.48391473 0.27979565 0.29499999
v 0.48421663 0.27999729 0.29499999
v 0.48451653 0.28020033 0.29499999
v 0.48481435 0.28040475 0.29499999
v 0.48510998 0.28061044 0.29499999
v 0.48540342 0.28081736 0.29499999
v 0.48569450 0.28102541 0.29499999
v 0.48598316 0.28123459 0.29499999
v 0.48626933 0.28144476 0.29499999
v 0.48655292 0.28165591 0.29499999
v 0.48683384 0.28186795 0.29499999
v 0.48711199 0.28208080 0.29499999
v 0.48738730 0.28229439 0.29499999
v 0.48765969 0.28250867 0.29499999
v 0.48792905 0.28272361 0.29499999
v 0.48819533 0.28293908 0.29499999
v 0.48845842 0.28315502 0.29499999
v 0.48871824 0.28337139 0.29499999
v 0.48897472 0.28358811 0.29499999
v 0.48922777 0.28380513 0.29499999
v 0.48947728 0.28402236 0.29499999
v 0.48972318 0.28423974 0.29499999
v 0.48996541 0.28445721 0.29499999
v 0.49020383 0.28467470 0.29499999
v 0.49043840 0.28489214 0.29499999
v 0.49066901 0.28510946 0.29499999
v 0.49089560 0.28532660 0.29499999
v 0.49111807 0.28554350 0.29499999
v 0.49133635 0.28576007 0.29499999
v 0.49155030 0.28597626 0.29499999
v 0.49175990 0.28619200 0.29499999
v 0.49196506 0.28640723 0.29499999
v 0.49216565 0.28662187 0.29499999
v 0.49236161 0.28683585 0.29499999
v 0.49255285 0.28704911 0.29499999
v 0.49273929 0.28726161 0.29499999
v 0.49292085 0.28747323 0.29499999
v 0.49309745 0.28768396 0.29499999
v 0.49326897 0.28789368 0.29499999
v 0.49343535 0.28810236 0.29499999
v 0.49359652 0.28830990 0.29499999
v 0.49375239 0.28851628 0.29499999
v 0.49390283 0.28872141 0.29499999
v 0.49404782 0.28892520 0.29499999
v 0.49418721 0.28912762 0.29499999
v 0.49432096 0.28932855 0.29499999
v 0.49444899 0.28952798 0.29499999
v 0.49457118 0.28972584 0.29499999
v 0.49468744 0.28992203 0.29499999
v 0.49479774 0.29011649 0.29499999
v 0.49490196 0.29030919 0.29499999
v 0.49500000 0.29049999 0.29499999
v 0.49511343 0.29072031 0.29499999
v 0.49522591 0.29100114 0.29499999
v 0.49533740 0.29134193 0.29499999
v 0.49544787 0.29174218 0.29499999
v 0.49555734 0.29220131 0.29499999
v 0.49566579 0.29271883 0.29499999
v 0.49577323 0.29329419 0.29499999
v 0.49587959 0.29392684 0.29499999
v 0.49598491 0.29461625 0.29499999
v 0.49608913 0.29536188 0.29499999
v 0.49619231 0.29616323 0.29499999
v 0.49629435 0.29701972 0.29499999
v 0.49639532 0.29793084 0.29499999
v 0.49649516 0.29889604 0.29499999
v 0.49659386 0.29991481 0.29499999
v 0.49669141 0.30098656 0.29499999
v 0.49678782 0.30211082 0.29499999
v 0.49688306 0.30328703 0.29499999
v 0.49697712 0.30451462 0.29499999
v 0.49706998 0.30579311 0.29499999
v 0.49716163 0.30712193 0.29499999
v 0.49725208 0.30850056 0.29499999
v 0.49734128 0.30992845 0.29499999
v 0.49742925 0.31140506 0.29499999
v 0.37654120 0.62388706 0.29499999
v 0.38397592 0.62379688 0.29499999
v 0.39106333 0.62370193 0.29499999
v 0.39781213 0.62360209 0.29499999
v 0.40423110 0.62349731 0.29499999
v 0.41032901 0.62338740 0.29499999
v 0.41611466 0.62327224 0.29499999
v 0.42159680 0.62315178 0.29499999
v 0.42678416 0.62302577 0.29499999
v 0.43168557 0.62289423 0.29499999
v 0.43630973 0.62275696 0.29499999
v 0.44066545 0.62261379 0.29499999
v 0.44476151 0.62246472 0.29499999
v 0.44860667 0.62230951 0.29499999
v 0.45220968 0.62214816 0.29499999
v 0.45557931 0.62198043 0.29499999
v 0.45872432 0.62180626 0.29499999
v 0.46165353 0.62162554 0.29499999
v 0.46437564 0.62143809 0.29499999
v 0.46689945 0.62124383 0.29499999
v 0.49751598 0.31292990 0.29499999
v 0.49760142 0.31450239 0.29499999
v 0.49768561 0.31612200 0.29499999
v 0.49776849 0.31778818 0.29499999
v 0.49785006 0.31950045 0.29499999
v 0.49793035 0.32125822 0.29499999
v 0.49800926 0.32306099 0.29499999
v 0.49808687 0.32490820 0.29499999
v 0.49816313 0.32679930 0.29499999
v 0.49823803 0.32873380 0.29499999
v 0.49831152 0.33071116 0.29499999
v 0.49838367 0.33273080 0.29499999
v 0.49845439 0.33479223 0.29499999
v 0.49852371 0.33689487 0.29499999
v 0.49859160 0.33903822 0.29499999
v 0.49865806 0.34122175 0.29499999
v 0.49872306 0.34344491 0.29499999
v 0.49878660 0.34570715 0.29499999
v 0.49884868 0.34800795 0.29499999
v 0.49890926 0.35034677 0.29499999
v 0.49896836 0.35272309 0.29499999
v 0.49902594 0.35513636 0.29499999
v 0.49908200 0.35758606 0.29499999
v 0.49913654 0.36007163 0.29499999
v 0.49918953 0.36259252 0.29499999
v 0.49924093 0.36514825 0.29499999
v 0.49929079 0.36773825 0.29499999
v 0.49933907 0.37036198 0.29499999
v 0.49938574 0.37301892 0.29499999
v 0.49943084 0.37570855 0.29499999
v 0.49947429 0.37843028 0.29499999
v 0.49951610 0.38118362 0.29499999
v 0.49955627 0.38396803 0.29499999
v 0.49959481 0.38678297 0.29499999
v 0.49963167 0.38962790 0.29499999
v 0.49966684 0.39250228 0.29499999
v 0.49970034 0.39540559 0.29499999
v 0.49973214 0.39833727 0.29499999
v 0.49976221 0.40129679 0.29499999
v 0.49979052 0.40428364 0.29499999
v 0.49981713 0.40729728 0.29499999
v 0.49984199 0.41033715 0.29499999
v 0.49986506 0.41340274 0.29499999
v 0.49988636 0.41649348 0.29499999
v 0.49990588 0.41960886 0.29499999
v 0.49992362 0.42274836 0.29499999
v 0.49993950 0.42591143 0.29499999
v 0.49995360 0.42909750 0.29499999
v 0.49996582 0.43230608 0.29499999
v 0.49997622 0.43553662 0.29499999
v 0.49998474 0.43878859 0.29499999
v 0.49999142 0.44206145 0.29499999
v 0.49999619 0.44535467 0.29499999
v 0.49999905 0.44866771 0.29499999
v 0.50000000 0.45199999 0.29499999
v 0.49999973 0.45749652 0.29499999
v 0.49999890 0.46286067 0.29499999
v 0.49999738 0.46809414 0.29499999
v 0.49999505 0.47319868 0.29499999
v 0.49999183 0.47817606 0.29499999
v 0.49998763 0.48302794 0.29499999
v 0.49998230 0.48775604 0.29499999
v 0.49997580 0.49236217 0.29499999
v 0.49996796 0.49684799 0.29499999
v 0.49995872 0.50121528 0.29499999
v 0.49994797 0.50546569 0.29499999
v 0.49993560 0.50960106 0.29499999
v 0.49992150 0.51362300 0.29499999
v 0.49990559 0.51753330 0.29499999
v 0.49988773 0.52133369 0.29499999
v 0.49986786 0.52502584 0.29499999
v 0.49984583 0.52861160 0.29499999
v 0.49982157 0.53209257 0.29499999
v 0.49979499 0.53547055 0.29499999
v 0.49976593 0.53874725 0.29499999
v 0.49973434 0.54192442 0.29499999
v 0.49970010 0.54500377 0.29499999
v 0.46923375 0.62104267 0.29499999
v 0.47138727 0.62083441 0.29499999
v 0.47336879 0.62061900 0.29499999
v 0.47518709 0.62039632 0.29499999
v 0.47685093 0.62016612 0.29499999
v 0.47836909 0.61992848 0.29499999
v 0.47975031 0.61968309 0.29499999
v 0.48213705 0.61916888 0.29499999
v 0.48100337 0.61942995 0.29499999
v 0.48316011 0.61889982 0.29499999
v 0.48408130 0.61862260 0.29499999
v 0.48632148 0.61774069 0.29499999
v 0.48565322 0.61804312 0.29499999
v 0.48490942 0.61833704 0.29499999
v 0.49000001 0.61500001 0.29499999
v 0.49201253 0.61281651 0.29499999
v 0.49169779 0.61319023 0.29499999
v 0.49137491 0.61355776 0.29499999
v 0.49104381 0.61392075 0.29499999
v 0.49070436 0.61428100 0.29499999
v 0.49035645 0.61464018 0.29499999
v 0.48796067 0.61678112 0.29499999
v 0.48746642 0.61710984 0.29499999
v 0.48692298 0.61742967 0.29499999
v 0.48923555 0.61574042 0.29499999
v 0.48883644 0.61609650 0.29499999
v 0.48841441 0.61644340 0.29499999
v 0.48962048 0.61537498 0.29499999
v 0.49966308 0.54798698 0.29499999
v 0.49962324 0.55087584 0.29499999
v 0.49958041 0.55367208 0.29499999
v 0.49953452 0.55637741 0.29499999
v 0.49948546 0.55899352 0.29499999
v 0.49943313 0.56152219 0.29499999
v 0.49937740 0.56396514 0.29499999
v 0.49931821 0.56632411 0.29499999
v 0.49925542 0.56860077 0.29499999
v 0.49918896 0.57079691 0.29499999
v 0.49911872 0.57291424 0.29499999
v 0.49904457 0.57495445 0.29499999
v 0.49896640 0.57691932 0.29499999
v 0.49888417 0.57881057 0.29499999
v 0.49879771 0.58062989 0.29499999
v 0.49870694 0.58237904 0.29499999
v 0.49861178 0.58405977 0.29499999
v 0.49851209 0.58567375 0.29499999
v 0.49794230 0.59280342 0.29499999
v 0.49781334 0.59405345 0.29499999
v 0.49767917 0.59524876 0.29499999
v 0.49753964 0.59639120 0.29499999
v 0.49739465 0.59748250 0.29499999
v 0.49724412 0.59852439 0.29499999
v 0.49708796 0.59951848 0.29499999
v 0.49692601 0.60046667 0.29499999
v 0.49675822 0.60137057 0.29499999
v 0.49658448 0.60223192 0.29499999
v 0.49602640 0.60457820 0.29499999
v 0.49582773 0.60528678 0.29499999
v 0.49640465 0.60305250 0.29499999
v 0.49621865 0.60383403 0.29499999
v 0.49840778 0.58722275 0.29499999
v 0.49829876 0.58870852 0.29499999
v 0.49818489 0.59013271 0.29499999
v 0.49806613 0.59149712 0.29499999
v 0.49399662 0.60988045 0.29499999
v 0.49373594 0.61034626 0.29499999
v 0.49496734 0.60779941 0.29499999
v 0.49473524 0.60835582 0.29499999
v 0.49449617 0.60888696 0.29499999
v 0.49425000 0.60939461 0.29499999
v 0.49346784 0.61079371 0.29499999
v 0.49319223 0.61122459 0.29499999
v 0.49290898 0.61164057 0.29499999
v 0.49261802 0.61204338 0.29499999
v 0.49231926 0.61243480 0.29499999
v 0.49562261 0.60596144 0.29499999
v 0.49541092 0.60660392 0.29499999
v 0.49519253 0.60721600 0.29499999
v 0.06137137 1.65764987 0.17500000
v 0.13673703 1.69070840 0.17500000
v 0.19728513 1.74644685 0.17500000
v 0.23645431 1.81882513 0.17500000
v 0.06137137 2.14234996 0.17500000
v 0.13673703 2.10929155 0.17500000
v 0.25000000 1.89999998 0.17500000
v 0.23645431 1.98117483 0.17500000
v 0.19728513 2.05355310 0.17500000
v 1.10000002 2.50000000 0.17500000
v 1.22360682 2.48042250 0.17500000
v 1.50000000 2.09999990 0.17500000
v 1.33511412 2.42360687 0.17500000
v 1.42360675 2.33511400 0.17500000
v 1.48042262 2.22360682 0.17500000
f 1 4 2
f 2 5 3
f 2 4 5
f 1 2 7
f 2 3 8
f 1 10 4
f 3 5 9
f 5 6 11
f 2 8 7
f 3 9 8
f 1 7 10
f 5 11 9
f 6 12 11
f 4 10 2181
f 5 2854 6
f 4 2856 5
f 6 2854 12
f 7 8 10
f 8 9 11
f 8 11 10
f 10 13 38
f 10 14 13
f 10 15 14
f 10 16 15
f 10 17 16
f 10 18 17
f 10 19 18
f 10 20 19
f 10 40 41
f 10 39 40
f 10 37 39
f 10 36 37
f 10 32 36
f 10 35 32
f 10 33 35
f 10 34 33
f 10 38 34
f 10 28 29
f 10 30 28
f 10 27 20
f 10 21 27
f 10 22 21
f 10 23 22
f 10 24 23
f 10 25 24
f 10 26 25
f 10 29 26
f 10 31 30
f 10 58 31
f 10 59 58
f 10 60 59
f 10 61 60
f 10 62 61
f 10 64 62
f 10 63 64
f 10 65 63
f 10 66 65
f 10 67 66
f 10 68 67
f 10 69 68
f 10 70 69
f 10 71 70
f 10 72 71
f 10 73 72
f 10 74 73
f 10 75 74
f 10 76 75
f 10 77 76
f 10 99 77
f 10 51 50
f 10 42 51
f 10 41 42
f 10 43 44
f 10 50 43
f 10 44 45
f 10 46 47
f 10 45 46
f 10 47 48
f 10 49 52
f 10 48 49
f 10 52 53
f 10 53 54
f 10 54 55
f 10 55 56
f 10 56 57
f 10 57 78
f 10 78 79
f 10 79 80
f 10 80 81
f 10 81 82
f 10 82 83
f 10 83 84
f 10 84 85
f 10 85 86
f 10 86 87
f 10 87 88
f 10 88 89
f 10 89 90
f 10 90 91
f 10 91 92
f 10 92 93
f 10 93 94
f 10 94 95
f 10 95 96
f 10 96 97
f 10 97 98
f 10 98 231
f 10 231 232
f 10 232 233
f 10 233 234
f 10 234 235
f 10 235 236
f 10 236 237
f 10 237 238
f 10 238 239
f 10 239 240
f 10 240 241
f 10 241 242
f 10 242 243
f 10 243 244
f 10 244 245
f 10 245 246
f 10 100 99
f 10 101 100
f 10 102 101
f 10 103 102
f 10 104 103
f 10 105 104
f 10 106 105
f 10 107 106
f 10 108 107
f 10 109 108
f 10 110 109
f 10 111 110
f 10 112 111
f 10 113 112
f 10 114 113
f 10 115 114
f 10 116 115
f 10 117 116
f 10 118 117
f 10 119 118
f 10 121 120
f 10 120 119
f 10 304 121
f 10 305 304
f 10 306 305
f 10 307 306
f 10 246 247
f 10 247 248
f 10 248 249
f 10 249 250
f 10 250 251
f 10 251 252
f 10 252 253
f 10 253 254
f 10 254 255
f 10 255 256
f 10 256 257
f 10 257 258
f 10 258 259
f 10 259 260
f 10 260 261
f 10 261 262
f 10 262 263
f 10 263 264
f 10 264 265
f 10 265 1459
f 10 1459 1460
f 10 1460 1461
f 10 1461 1462
f 10 1462 1463
f 10 1463 1464
f 10 1464 1465
f 10 1465 1466
f 10 1466 1467
f 10 1467 1468
f 10 1468 1469
f 10 1469 1470
f 10 1470 1471
f 10 1471 1472
f 10 1472 1473
f 10 1473 1474
f 10 1474 1475
f 10 1475 1476
f 10 1476 1477
f 10 1477 1478
f 10 1478 1479
f 10 1479 1480
f 10 1480 1481
f 10 1481 1482
f 10 1482 1483
f 10 1483 1484
f 10 1484 1485
f 10 1485 1486
f 10 1486 1487
f 10 1487 1488
f 10 1488 1489
f 10 1489 1490
f 10 1490 1491
f 10 1491 1492
f 10 1492 1493
f 10 1493 1494
f 10 1495 1496
f 10 1494 1495
f 10 1496 1497
f 10 1498 1499
f 10 1497 1498
f 10 1499 1500
f 10 1502 1503
f 10 1501 1502
f 10 1500 1501
f 10 1504 1505
f 10 1503 1504
f 10 1507 1509
f 10 1506 1507
f 10 1505 1506
f 10 1509 1508
f 10 1508 1510
f 11 12 4985
f 10 11 4987
f 328 333 317
f 318 372 319
f 334 336 335
f 334 340 336
f 336 340 339
f 336 339 341
f 336 341 342
f 336 342 337
f 337 342 332
f 337 332 338
f 338 332 325
f 320 325 332
f 320 332 321
f 321 332 322
f 322 332 323
f 323 332 324
f 324 332 329
f 329 332 331
f 329 331 330
f 326 330 331
f 326 331 327
f 327 331 333
f 327 333 328
f 317 372 318
f 319 374 343
f 343 373 344
f 344 373 345
f 345 375 346
f 346 376 347
f 347 377 348
f 348 377 349
f 317 333 372
f 319 372 374
f 343 374 373
f 345 373 375
f 346 375 376
f 349 378 350
f 350 379 351
f 351 380 352
f 352 380 353
f 353 381 354
f 354 382 355
f 355 383 356
f 316 356 384
f 316 384 357
f 357 385 358
f 358 395 359
f 347 376 377
f 349 377 378
f 350 378 379
f 351 379 380
f 353 380 381
f 354 381 382
f 355 382 383
f 356 383 384
f 357 384 385
f 358 385 395
f 359 396 360
f 360 396 361
f 361 397 362
f 362 398 363
f 363 399 364
f 359 395 396
f 361 396 397
f 362 397 398
f 363 398 399
f 364 399 400
f 366 400 401
f 364 400 365
f 365 400 366
f 366 401 367
f 367 402 368
f 368 403 369
f 369 404 370
f 370 404 371
f 371 405 628
f 628 406 629
f 629 407 630
f 630 408 631
f 631 408 632
f 632 409 633
f 633 410 634
f 634 411 635
f 635 412 636
f 636 412 637
f 367 401 402
f 368 402 403
f 369 403 404
f 371 404 405
f 628 405 406
f 629 406 407
f 630 407 408
f 632 408 409
f 633 409 410
f 634 410 411
f 635 411 412
f 637 412 413
f 638 413 414
f 639 414 415
f 640 415 416
f 641 416 417
f 643 417 418
f 644 418 419
f 645 419 420
f 646 420 421
f 648 421 422
f 649 422 423
f 650 423 424
f 651 424 425
f 653 425 426
f 654 426 431
f 10 4987 307
f 4987 308 307
f 4987 309 308
f 637 413 638
f 638 414 639
f 639 415 640
f 640 416 641
f 641 417 642
f 642 417 643
f 643 418 644
f 644 419 645
f 645 420 646
f 646 421 647
f 647 421 648
f 648 422 649
f 649 423 650
f 650 424 651
f 651 425 652
f 652 425 653
f 653 426 654
f 654 431 655
f 655 432 656
f 656 433 657
f 657 433 658
f 658 434 659
f 659 435 660
f 660 436 661
f 661 437 662
f 662 437 663
f 663 438 664
f 664 439 665
f 665 439 666
f 666 440 667
f 667 441 668
f 668 441 669
f 669 442 670
f 670 442 671
f 671 443 672
f 672 443 673
f 673 444 674
f 674 444 675
f 675 444 676
f 655 431 432
f 656 432 433
f 658 433 434
f 659 434 435
f 660 435 436
f 661 436 437
f 663 437 438
f 664 438 439
f 666 439 440
f 667 440 441
f 676 445 677
f 677 445 678
f 678 454 679
f 679 454 680
f 680 454 681
f 681 455 682
f 682 455 683
f 683 455 684
f 684 456 685
f 685 456 686
f 686 456 687
f 687 456 688
f 688 457 689
f 689 457 690
f 690 457 691
f 691 457 692
f 692 457 693
f 693 458 694
f 694 458 695
f 695 458 696
f 696 458 697
f 697 458 698
f 698 458 699
f 699 458 700
f 700 458 701
f 701 459 702
f 702 459 703
f 703 459 704
f 704 459 705
f 705 459 706
f 706 459 707
f 707 459 708
f 708 459 709
f 709 459 710
f 710 459 711
f 711 459 712
f 712 459 713
f 713 459 714
f 714 459 715
f 715 459 716
f 716 459 717
f 717 459 718
f 718 459 719
f 719 459 720
f 720 459 721
f 721 459 722
f 722 459 723
f 723 459 724
f 724 459 725
f 725 459 726
f 726 459 727
f 727 459 728
f 728 459 729
f 729 459 730
f 730 459 731
f 731 459 732
f 732 459 733
f 733 459 734
f 734 459 735
f 735 459 736
f 736 459 737
f 737 459 738
f 738 459 739
f 739 459 740
f 740 459 741
f 741 459 742
f 742 459 743
f 743 459 744
f 744 459 745
f 745 459 746
f 746 459 747
f 747 459 748
f 748 459 749
f 749 459 750
f 750 459 751
f 751 459 752
f 752 459 753
f 753 459 754
f 754 459 755
f 755 459 756
f 756 459 757
f 757 459 758
f 758 459 759
f 759 459 760
f 760 459 761
f 761 459 762
f 762 459 763
f 763 459 764
f 764 459 765
f 765 459 766
f 766 459 767
f 767 459 768
f 768 459 769
f 769 459 770
f 770 459 771
f 771 459 772
f 772 459 773
f 773 459 774
f 774 459 775
f 775 459 776
f 776 459 777
f 777 459 778
f 778 459 779
f 779 459 780
f 780 459 781
f 781 459 782
f 782 459 783
f 783 459 784
f 784 459 785
f 910 2410 911
f 911 2410 912
f 905 2414 906
f 904 2415 905
f 908 2412 909
f 909 2411 910
f 907 2413 908
f 906 2414 907
f 811 2423 812
f 812 2423 807
f 807 2423 832
f 832 2423 833
f 833 2423 834
f 834 2423 835
f 835 2423 836
f 836 2423 837
f 837 2423 838
f 838 2423 839
f 839 2423 840
f 840 2423 841
f 841 2423 842
f 842 2423 843
f 843 2423 844
f 844 2423 845
f 845 2423 846
f 846 2423 877
f 864 877 2423
f 864 2423 865
f 865 2423 866
f 866 2423 867
f 867 2423 868
f 868 2423 869
f 869 2423 870
f 870 2423 871
f 871 2423 872
f 872 2423 873
f 873 2423 874
f 874 2423 875
f 875 2423 876
f 876 2423 878
f 878 2423 879
f 819 826 2423
f 819 2423 820
f 820 2423 821
f 821 2423 822
f 822 2423 823
f 823 2423 809
f 808 809 2423
f 808 2423 813
f 813 2423 814
f 814 2423 815
f 815 2423 816
f 816 2423 817
f 817 2423 818
f 810 818 2423
f 810 2423 811
f 850 2423 831
f 828 831 2423
f 828 2423 829
f 829 2423 830
f 827 830 2423
f 827 2423 824
f 824 2423 825
f 825 2423 826
f 847 848 2423
f 854 856 2423
f 853 854 2423
f 853 2423 849
f 848 849 2423
f 847 2423 851
f 851 2423 852
f 850 852 2423
f 857 858 2423
f 855 857 2423
f 855 2423 856
f 860 861 2423
f 859 860 2423
f 858 859 2423
f 862 863 2423
f 861 862 2423
f 924 925 2423
f 924 2423 863
f 926 927 2423
f 925 926 2423
f 927 928 2423
f 929 930 2423
f 928 929 2423
f 930 931 2423
f 932 933 2423
f 931 932 2423
f 933 934 2423
f 934 935 2423
f 935 936 2423
f 936 937 2423
f 937 938 2423
f 938 939 2423
f 939 940 2423
f 940 941 2423
f 942 2423 941
f 879 2423 880
f 880 2423 881
f 881 2423 882
f 882 2423 883
f 883 2423 884
f 884 2423 885
f 885 2423 886
f 886 2423 887
f 887 2423 888
f 888 2423 889
f 889 2423 890
f 890 2423 891
f 891 2423 892
f 892 2423 893
f 893 2423 894
f 894 2423 895
f 895 2423 896
f 896 2423 897
f 897 2423 898
f 898 2423 899
f 902 2416 903
f 901 2421 902
f 903 2416 904
f 899 2422 900
f 900 2422 901
f 669 441 442
f 671 442 443
f 673 443 444
f 676 444 445
f 678 445 454
f 681 454 455
f 684 455 456
f 688 456 457
f 693 457 458
f 785 459 786
f 786 459 787
f 787 459 788
f 788 459 789
f 459 790 789
f 459 791 790
f 459 792 791
f 459 793 792
f 459 794 793
f 459 795 794
f 459 796 795
f 459 797 796
f 459 798 797
f 459 799 798
f 459 800 799
f 459 801 800
f 459 802 801
f 459 803 802
f 459 804 803
f 459 805 804
f 459 806 805
f 459 961 806
f 701 458 459
f 459 962 961
f 459 963 962
f 459 964 963
f 459 965 964
f 459 966 965
f 459 967 966
f 459 968 967
f 459 969 968
f 459 970 969
f 459 971 970
f 459 972 971
f 459 973 972
f 459 974 973
f 459 460 985
f 459 975 974
f 459 976 975
f 459 977 976
f 459 978 977
f 459 979 978
f 459 980 979
f 459 981 980
f 459 982 981
f 459 983 982
f 459 984 983
f 459 985 984
f 460 986 985
f 460 461 987
f 461 462 989
f 462 463 994
f 997 463 2870
f 460 987 986
f 461 988 987
f 461 989 988
f 462 990 989
f 462 991 990
f 462 992 991
f 462 993 992
f 462 994 993
f 994 463 995
f 995 463 996
f 996 463 997
f 997 2870 998
f 2424 942 943
f 2424 943 944
f 2424 944 945
f 2424 945 946
f 2424 946 947
f 2424 947 948
f 2424 948 949
f 2424 949 950
f 2424 950 951
f 2424 951 952
f 2424 952 953
f 2424 953 954
f 2424 954 955
f 2424 955 956
f 2424 956 957
f 2424 957 958
f 2424 958 959
f 2424 959 960
f 2424 960 999
f 2424 999 1000
f 2424 1000 1001
f 2424 1001 1002
f 2424 1002 1003
f 2424 1003 1004
f 2424 1004 1005
f 2424 1005 1006
f 2424 1006 1007
f 2424 1007 1008
f 2424 1008 1009
f 2424 1009 1010
f 2424 1010 1011
f 2424 1011 1012
f 2424 1012 1013
f 2424 1013 1014
f 2424 1014 1015
f 2424 1015 1016
f 2424 1016 1017
f 2424 1017 1018
f 2424 1018 1019
f 2424 1019 1020
f 2424 1020 1021
f 2424 1021 1022
f 1022 1023 2426
f 1023 1024 2426
f 1024 1025 2427
f 1025 1026 2427
f 1026 1027 2428
f 1027 1028 2428
f 1028 1029 2429
f 1029 1030 2429
f 1030 1031 2430
f 1031 1032 2430
f 1032 1033 2430
f 1033 1034 5912
f 1034 3853 5912
f 4 1443 1444
f 4 1444 1446
f 4 2181 1443
f 4 1446 1454
f 1444 1445 1446
f 1446 1447 1448
f 1443 2182 1444
f 1444 2183 1445
f 1445 2184 1446
f 1446 2185 1447
f 1447 2186 1448
f 1443 2181 2182
f 1444 2182 2183
f 1445 2183 2184
f 1446 2184 2185
f 1447 2185 2186
f 4 1454 1449
f 4 1450 1451
f 4 1451 1452
f 4 1449 1450
f 4 1452 1453
f 4 1453 5897
f 4 5897 5898
f 4 5898 5899
f 4 5899 5900
f 4 5900 5907
f 1446 1455 1454
f 1446 1456 1455
f 1446 1457 1456
f 1446 1448 5907
f 1449 2845 1450
f 1451 2847 1452
f 1450 2846 1451
f 1452 2848 1453
f 1446 5907 1457
f 1449 1454 2844
f 1454 1455 2849
f 1455 1456 2850
f 1456 1457 2851
f 1457 1458 2852
f 1449 2844 2845
f 1450 2845 2846
f 1451 2846 2847
f 1452 2847 2848
f 1454 2849 2844
f 1455 2850 2849
f 1448 2186 7803
f 1456 2851 2850
f 1457 2852 2851
f 1458 2853 2852
f 10 1510 2184
f 10 2182 2181
f 10 2184 2182
f 1530 1532 1625
f 1530 1613 1527
f 1534 1536 1585
f 1534 1578 1535
f 1535 1602 1533
f 1531 1533 1606
f 1531 1609 1532
f 1527 1631 1528
f 1528 1638 1529
f 1524 1529 1648
f 1524 1657 1525
f 1525 1663 1526
f 1523 1526 1668
f 2184 1513 1512
f 2184 1510 1513
f 2184 1516 1515
f 2184 1514 1516
f 2184 1511 1514
f 2184 1512 1511
f 2184 1522 1523
f 2184 1518 1522
f 2184 1519 1518
f 2184 1520 1519
f 2184 1521 1520
f 2184 1517 1521
f 2184 1515 1517
f 1537 1539 1598
f 1537 1583 1538
f 1536 1538 1581
f 1540 1541 1589
f 1539 1540 1588
f 1542 1543 1587
f 1541 1542 1590
f 1544 1545 1593
f 1543 1544 1592
f 1546 1547 1595
f 1545 1546 1594
f 1547 1548 1596
f 1549 1550 1577
f 1548 1549 1586
f 1550 1551 1674
f 1551 1552 1676
f 1552 1553 1678
f 1553 1554 1672
f 1554 1555 1679
f 1555 1556 1687
f 1556 1557 1681
f 1557 1558 1683
f 1537 1598 1584
f 1537 1584 1583
f 1538 1583 1582
f 1538 1582 1581
f 1536 1581 1580
f 1533 1602 1601
f 1533 1601 1600
f 1533 1600 1606
f 1531 1606 1605
f 1531 1605 1604
f 1531 1604 1607
f 1531 1607 1610
f 1531 1610 1609
f 1532 1609 1608
f 1532 1608 1612
f 1532 1612 1611
f 1532 1611 1622
f 1532 1622 1625
f 1530 1625 1624
f 1530 1624 1623
f 1536 1580 1585
f 1534 1585 1579
f 1534 1579 1578
f 1535 1578 1599
f 1535 1599 1603
f 1535 1603 1602
f 1558 1559 1684
f 1560 1561 1692
f 1559 1560 1685
f 1561 1562 1689
f 1562 1563 1690
f 1563 1564 1693
f 1564 1565 1695
f 1565 1566 1697
f 1566 1567 1699
f 1542 1587 1591
f 1542 1591 1590
f 1541 1590 1589
f 1540 1589 1588
f 1539 1588 1598
f 1545 1594 1593
f 1544 1593 1592
f 1543 1592 1587
f 1548 1586 1597
f 1548 1597 1596
f 1547 1596 1595
f 1546 1595 1594
f 1550 1674 1577
f 1549 1577 1586
f 1552 1678 1677
f 1552 1677 1676
f 1551 1676 1675
f 1551 1675 1674
f 1554 1679 1673
f 1554 1673 1672
f 1553 1672 1671
f 1553 1671 1678
f 1555 1687 1680
f 1555 1680 1679
f 1556 1681 1686
f 1556 1686 1688
f 1556 1688 1687
f 1558 1684 1683
f 1557 1683 1682
f 1557 1682 1681
f 1559 1685 1684
f 1560 1692 1691
f 1560 1691 1685
f 1561 1689 1692
f 1562 1690 1689
f 1563 1693 1690
f 1564 1695 1694
f 1564 1694 1693
f 1565 1697 1696
f 1565 1696 1695
f 1530 1623 1626
f 1530 1626 1627
f 1530 1627 1629
f 1530 1629 1628
f 1530 1628 1613
f 1527 1613 1615
f 1527 1615 1614
f 1527 1614 1617
f 1527 1617 1616
f 1527 1616 1618
f 1527 1618 1619
f 1527 1619 1621
f 1527 1621 1620
f 1527 1620 1631
f 1528 1631 1630
f 1528 1630 1632
f 1528 1632 1633
f 1528 1633 1634
f 1528 1634 1636
f 1528 1636 1635
f 1528 1635 1637
f 1528 1637 1639
f 1528 1639 1638
f 1529 1638 1640
f 1529 1640 1642
f 1529 1642 1641
f 1529 1641 1643
f 1529 1643 1644
f 1529 1644 1645
f 1529 1645 1646
f 1529 1646 1647
f 1529 1647 1648
f 1524 1648 1649
f 1524 1649 1650
f 1524 1650 1651
f 1524 1651 1653
f 1524 1653 1652
f 1524 1652 1655
f 1524 1655 1654
f 1524 1654 1657
f 1525 1657 1656
f 1525 1656 1659
f 1525 1659 1658
f 1525 1658 1661
f 1525 1661 1660
f 1525 1660 1663
f 1526 1663 1662
f 1526 1662 1664
f 1526 1664 1665
f 1526 1665 1668
f 1523 1668 1667
f 1523 1667 1666
f 1567 1568 1700
f 1568 1569 1704
f 1569 1570 1707
f 1570 1571 1711
f 1571 1572 1714
f 1566 1702 1697
f 1566 1699 1702
f 1567 1700 1698
f 1567 1698 1699
f 1568 1701 1700
f 1568 1704 1703
f 1568 1703 1701
f 1569 1705 1704
f 1569 1707 1706
f 1569 1706 1705
f 1570 1709 1708
f 1570 1708 1707
f 1570 1711 1710
f 1570 1710 1709
f 1571 1712 1711
f 1571 1714 1713
f 1571 1713 1712
f 1572 1715 1714
f 1572 1716 1715
f 1572 1573 1717
f 1573 1574 1719
f 1574 1575 1722
f 1575 1576 1724
f 1572 1717 1716
f 1573 1718 1717
f 1573 1719 1718
f 1574 1720 1719
f 1574 1721 1720
f 1574 1722 1721
f 1575 1723 1722
f 1575 1724 1723
f 1724 1576 1725
f 1725 1576 2334
f 2182 2184 2183
f 2184 2186 2185
f 2184 1523 1666
f 2184 1727 1730
f 2184 1728 1727
f 2184 1729 1728
f 2184 1726 1729
f 2184 1669 1726
f 2184 1670 1669
f 2184 1666 1670
f 2184 1733 1737
f 2184 1734 1733
f 2184 1735 1734
f 2184 1731 1735
f 2184 1732 1731
f 2184 1730 1732
f 2184 1738 1742
f 2184 1739 1738
f 2184 1736 1739
f 2184 1737 1736
f 2184 1753 1752
f 2184 1754 1753
f 2184 1749 1754
f 2184 1750 1749
f 2184 1746 1750
f 2184 1747 1746
f 2184 1748 1747
f 2184 1744 1748
f 2184 1745 1744
f 2184 1743 1745
f 2184 1740 1743
f 2184 1741 1740
f 2184 1742 1741
f 2184 1762 1761
f 2184 1763 1762
f 2184 1756 1763
f 2184 1757 1756
f 2184 1758 1757
f 2184 1759 1758
f 2184 1760 1759
f 2184 1755 1760
f 2184 1751 1755
f 2184 1752 1751
f 2184 1773 1772
f 2184 1774 1773
f 2184 1768 1774
f 2184 1769 1768
f 2184 1770 1769
f 2184 1765 1770
f 2184 1766 1765
f 2184 1767 1766
f 2184 1764 1767
f 2184 1761 1764
f 2184 1781 1780
f 2184 1776 1781
f 2184 1775 1776
f 2184 1771 1775
f 2184 1772 1771
f 2184 1787 1786
f 2184 1783 1787
f 2184 1784 1783
f 2184 1785 1784
f 2184 1782 1785
f 2184 1777 1782
f 2184 1778 1777
f 2184 1779 1778
f 2184 1780 1779
f 2184 1791 1792
f 2184 1789 1791
f 2184 1790 1789
f 2184 1788 1790
f 2184 1786 1788
f 2184 1795 1796
f 2184 1793 1795
f 2184 1794 1793
f 2184 1792 1794
f 2184 1796 1798
f 2184 1797 1799
f 2184 1798 1797
f 2184 1800 1801
f 2184 1799 1800
f 2184 1802 1803
f 2184 1801 1802
f 2184 1804 1805
f 2184 1803 1804
f 2184 1805 1806
f 2184 1807 1808
f 2184 1806 1807
f 2184 1808 1809
f 2184 1810 1811
f 2184 1809 1810
f 2184 1811 1812
f 2184 1812 1813
f 2184 1813 1814
f 2184 1814 1815
f 2184 1815 1816
f 2184 1816 1817
f 2184 1817 1818
f 2184 1818 1819
f 2184 1819 2355
f 2184 2355 2356
f 2184 2356 2357
f 2184 2357 2358
f 2184 2358 2359
f 2184 2359 2360
f 2184 2360 2361
f 2184 2361 2362
f 2184 2362 2363
f 2184 2363 2364
f 2184 2364 2365
f 2184 2365 2366
f 2184 2366 2367
f 2184 2367 2368
f 2184 2368 2369
f 2184 2369 2370
f 2184 2370 2371
f 2184 2371 2372
f 2184 2372 2373
f 2184 2373 2374
f 2184 2374 2375
f 2184 2375 2389
f 2184 2389 2390
f 2184 2390 2391
f 921 2309 922
f 2309 923 922
f 2309 2187 923
f 2195 2301 2196
f 2309 2188 2187
f 2309 2189 2188
f 2309 2190 2189
f 2309 2191 2190
f 2309 2192 2191
f 2309 2193 2192
f 2309 2194 2193
f 2309 2195 2194
f 2301 2197 2196
f 2301 2198 2197
f 2301 2199 2198
f 2301 2200 2199
f 2301 2201 2200
f 2301 2202 2201
f 2301 2203 2202
f 2301 2204 2203
f 2301 2205 2204
f 2301 2206 2205
f 2226 2267 2227
f 2267 2228 2227
f 2267 2229 2228
f 2267 2230 2229
f 2267 2231 2230
f 2267 2232 2231
f 2267 2233 2232
f 2267 2234 2233
f 2267 2235 2234
f 2267 2236 2235
f 2267 2237 2236
f 2267 2238 2237
f 2267 2239 2238
f 2267 2240 2239
f 2267 2241 2240
f 2226 2268 2267
f 2241 2267 2242
f 2242 2267 2243
f 2243 2267 2244
f 2244 2267 2245
f 2245 2267 2246
f 2246 2267 2247
f 2226 2269 2268
f 2226 2270 2269
f 2226 2271 2270
f 2226 2272 2271
f 2247 2266 2248
f 2248 2266 2249
f 2249 2266 2250
f 2250 2265 2264
f 2250 2264 2251
f 2251 2264 2263
f 2251 2263 2252
f 2252 2263 2253
f 2253 2263 2262
f 2253 2262 2254
f 2254 2262 2261
f 2254 2261 2255
f 2255 2261 2260
f 2255 2260 2256
f 2256 2260 2259
f 2257 2259 2258
f 2256 2259 2257
f 2247 2267 2266
f 2250 2266 2265
f 2301 2208 2207
f 2301 2207 2206
f 2301 2210 2209
f 2301 2209 2208
f 2301 2211 2210
f 2301 2213 2212
f 2301 2212 2211
f 2223 2296 2224
f 2222 2296 2223
f 2220 2298 2221
f 2219 2299 2220
f 2221 2297 2222
f 2301 2216 2215
f 2301 2215 2214
f 2301 2214 2213
f 2217 2300 2218
f 2216 2301 2217
f 2218 2300 2219
f 2225 2294 2226
f 2224 2295 2225
f 2226 2273 2272
f 2226 2274 2273
f 2226 2275 2274
f 2226 2276 2275
f 2226 2277 2276
f 2226 2278 2277
f 2226 2279 2278
f 2226 2280 2279
f 2226 2281 2280
f 2225 2295 2294
f 2226 2294 2281
f 2224 2296 2295
f 2222 2297 2296
f 2221 2298 2297
f 2220 2299 2298
f 916 2313 917
f 917 2313 918
f 2313 919 918
f 2313 920 919
f 2313 921 920
f 921 2310 2309
f 921 2311 2310
f 921 2312 2311
f 921 2313 2312
f 914 2407 915
f 915 2406 916
f 913 2408 914
f 912 2409 913
f 916 2314 2313
f 916 2315 2314
f 916 2316 2315
f 916 2317 2316
f 916 2318 2317
f 916 2319 2318
f 916 2320 2319
f 916 2321 2320
f 916 2322 2321
f 2195 2302 2301
f 2195 2303 2302
f 2195 2304 2303
f 2195 2305 2304
f 2195 2306 2305
f 2195 2307 2306
f 2217 2301 2300
f 2219 2300 2299
f 2195 2308 2307
f 2195 2309 2308
f 916 2323 2322
f 916 2324 2323
f 916 2402 2324
f 916 2403 2402
f 916 2404 2403
f 916 2405 2404
f 916 2406 2405
f 913 2409 2408
f 915 2407 2406
f 914 2408 2407
f 912 2410 2409
f 910 2411 2410
f 2334 1576 2282
f 2282 2283 2336
f 2283 2284 2338
f 2284 2285 2340
f 2334 2282 2335
f 2282 2336 2335
f 2283 2337 2336
f 2283 2338 2337
f 2284 2339 2338
f 2284 2340 2339
f 2285 2341 2340
f 2285 2286 2342
f 2286 2287 2344
f 2287 2288 2345
f 2285 2342 2341
f 2286 2343 2342
f 2286 2344 2343
f 2287 2345 2344
f 2288 2346 2345
f 2289 2346 2288
f 2352 2289 2290
f 2289 2347 2346
f 2289 2348 2347
f 2289 2349 2348
f 2289 2350 2349
f 2289 2351 2350
f 2289 2352 2351
f 2353 2290 2291
f 2353 2291 2292
f 2377 2292 2293
f 2352 2290 2353
f 2353 2292 2354
f 2292 2376 2354
f 2292 2377 2376
f 2377 2293 2325
f 2326 2377 2325
f 2326 2378 2377
f 2326 2379 2378
f 2326 2380 2379
f 2381 2326 2327
f 2381 2327 2328
f 2381 2328 2329
f 2326 2381 2380
f 2381 2329 2382
f 2329 2383 2382
f 2386 2329 2330
f 2386 2330 2331
f 2329 2384 2383
f 2329 2385 2384
f 2329 2386 2385
f 2386 2331 2332
f 2439 2332 2333
f 2386 2332 2387
f 2332 2388 2387
f 2332 2439 2388
f 2845 2392 2393
f 2845 2393 2394
f 2845 2394 2395
f 909 2412 2411
f 908 2413 2412
f 907 2414 2413
f 905 2415 2414
f 904 2416 2415
f 901 2422 2421
f 899 2423 2422
f 902 2421 2416
f 942 2424 2423
f 2424 1022 2425
f 1022 2426 2425
f 1024 2427 2426
f 1026 2428 2427
f 1028 2429 2428
f 1030 2430 2429
f 1033 5912 2430
f 2439 2333 2417
f 2439 2417 2440
f 2417 2441 2440
f 2443 2417 2418
f 2443 2418 2419
f 2417 2442 2441
f 2417 2443 2442
f 2443 2419 2444
f 2419 2445 2444
f 2451 2419 2420
f 2419 2446 2445
f 2419 2447 2446
f 2419 2448 2447
f 2448 2419 2449
f 2419 2450 2449
f 2419 2451 2450
f 2451 2420 2452
f 2420 2453 2452
f 2846 2395 2396
f 2846 2396 2397
f 2846 2397 2398
f 2846 2398 2399
f 2846 2399 2400
f 2847 2400 2401
f 2847 2401 2454
f 2847 2454 2455
f 2847 2455 2456
f 2847 2456 2457
f 2847 2457 2458
f 2847 2458 2459
f 2848 2459 2460
f 2420 2431 2453
f 2431 2432 2471
f 2431 2469 2453
f 2431 2470 2469
f 2431 2471 2470
f 2432 2472 2471
f 2432 2473 2472
f 2432 2474 2473
f 2432 2433 2474
f 2433 2434 2476
f 2433 2475 2474
f 2433 2476 2475
f 2434 2477 2476
f 2434 2478 2477
f 2434 2479 2478
f 2434 2435 2479
f 2435 2436 2482
f 2435 2480 2479
f 2435 2481 2480
f 2435 2482 2481
f 2436 2483 2482
f 2436 2484 2483
f 2436 2437 2484
f 2437 2438 2487
f 2437 2485 2484
f 2437 2486 2485
f 2437 2487 2486
f 2487 2438 2488
f 2488 2438 2489
f 2489 2438 2490
f 2848 2460 2461
f 2848 2461 2462
f 2848 2462 2463
f 2848 2463 2464
f 2848 2464 2465
f 2848 2465 2466
f 7794 2466 2467
f 7794 2467 2468
f 7794 2468 2491
f 7794 2491 2492
f 7794 2492 2493
f 7795 2493 2494
f 7795 2494 2495
f 7795 2495 2496
f 2184 2391 2849
f 2844 2391 2392
f 2184 2849 2850
f 2184 2850 2851
f 2184 2851 2852
f 2184 7804 2186
f 2844 2392 2845
f 2845 2395 2846
f 2846 2400 2847
f 2844 2849 2391
f 2847 2459 2848
f 7797 2496 2497
f 7797 2497 2498
f 2848 2466 7794
f 2184 2852 7804
f 5 2856 2854
f 12 2854 4985
f 4 5907 2856
f 2854 2856 2855
f 2856 2858 2857
f 2854 2855 4985
f 2855 2856 4986
f 2856 2857 4987
f 2857 2858 4988
f 2858 2859 4989
f 2855 4986 4985
f 2856 4987 4986
f 2857 4988 4987
f 2858 4989 4988
f 2859 4990 4989
f 2856 5908 2858
f 2858 5908 2859
f 2859 5908 4990
f 4987 310 309
f 4987 311 310
f 4987 312 311
f 4987 313 312
f 4987 314 313
f 4987 315 314
f 4987 386 315
f 4987 387 386
f 4987 388 387
f 4987 389 388
f 4987 390 389
f 4987 391 390
f 4987 392 391
f 4987 393 392
f 4987 394 393
f 4987 427 394
f 4987 428 427
f 4987 429 428
f 4987 430 429
f 4987 446 430
f 4987 447 446
f 4987 448 447
f 4987 449 448
f 11 4985 4987
f 4987 450 449
f 4987 451 450
f 4987 452 451
f 4987 453 452
f 4987 2860 453
f 4987 2861 2860
f 4987 2862 2861
f 4987 2863 2862
f 4987 2864 2863
f 4987 2865 2864
f 4987 2866 2865
f 4987 2867 2866
f 4987 2868 2867
f 4987 2869 2868
f 4987 2882 2869
f 4987 2883 2882
f 4987 2884 2883
f 4987 2885 2884
f 4987 2886 2885
f 4987 2887 2886
f 4987 2888 2887
f 4987 2889 2888
f 4987 2890 2889
f 4987 2891 2890
f 4987 2892 2891
f 4987 2893 2892
f 4987 2894 2893
f 4987 2895 2894
f 4987 2896 2895
f 4987 2897 2896
f 4987 2898 2897
f 4987 2918 2898
f 4987 2919 2918
f 4987 2920 2919
f 4987 2921 2920
f 4987 2922 2921
f 4987 2923 2922
f 4987 2924 2923
f 4987 2925 2924
f 4987 2926 2925
f 4987 2927 2926
f 4987 2928 2927
f 4987 2929 2928
f 4987 2930 2929
f 4987 2931 2930
f 4987 2932 2931
f 4987 2933 2932
f 4987 2934 2933
f 4987 3479 3478
f 4987 3481 3480
f 4987 3480 3479
f 4987 3482 3481
f 4987 3484 3483
f 4987 3483 3482
f 4987 3486 3485
f 4987 3485 3484
f 4987 3489 3488
f 4987 3488 3487
f 4987 3487 3486
f 4987 3492 3491
f 4987 3491 3490
f 4987 3490 3489
f 4987 3494 3493
f 4987 3493 3492
f 4987 3478 3162
f 4987 3787 3494
f 4987 3801 3790
f 4987 3790 3789
f 4987 3789 3788
f 4987 3788 3787
f 4987 3807 3806
f 4987 3806 3805
f 4987 3805 3804
f 4987 3804 3803
f 4987 3803 3802
f 4987 3802 3801
f 4987 3812 3811
f 4987 3811 3810
f 4987 3810 3807
f 4987 3834 3809
f 4987 3809 3808
f 4987 3808 3812
f 4987 3837 3836
f 4987 3836 3835
f 4987 3835 3834
f 4987 3839 3838
f 4987 3838 3837
f 4987 3841 3840
f 4987 3840 3839
f 4987 3843 3842
f 4987 3842 3841
f 4987 3845 3844
f 4987 3844 3843
f 4987 3847 3846
f 4987 3846 3845
f 4987 3848 3847
f 4987 3849 3848
f 4987 3851 3850
f 4987 3850 3849
f 4987 3852 3851
f 4987 4136 3852
f 4987 4137 4136
f 4987 4138 4137
f 4987 4139 4138
f 4987 4140 4139
f 4987 4141 4140
f 4987 4142 4141
f 4987 4143 4142
f 4987 4144 4143
f 4987 4145 4144
f 4987 4146 4145
f 4987 4147 4146
f 4987 4148 4147
f 4987 4149 4148
f 4987 4150 4149
f 4987 4151 4150
f 3466 2870 2871
f 2871 2872 3469
f 2872 2873 3472
f 2873 2874 3475
f 2874 2875 3478
f 2875 2876 3478
f 998 2870 3466
f 3466 2871 3467
f 2871 3468 3467
f 2871 3469 3468
f 2872 3470 3469
f 2872 3471 3470
f 2872 3472 3471
f 2873 3473 3472
f 2873 3474 3473
f 2873 3475 3474
f 2874 3476 3475
f 2874 3477 3476
f 2874 3478 3477
f 2876 2877 3478
f 2877 2878 3478
f 2878 2879 3478
f 2879 2880 3478
f 2880 2881 3478
f 2881 2899 3478
f 2899 2900 3478
f 2900 2901 3478
f 2901 2902 3478
f 2902 2903 3478
f 2903 2904 3478
f 3495 3786 3496
f 3494 3787 3495
f 3501 3778 3502
f 3500 3778 3501
f 3499 3783 3500
f 3498 3785 3499
f 3497 3779 3498
f 3496 3782 3497
f 3504 3778 3505
f 3503 3778 3504
f 3502 3778 3503
f 3510 3778 3511
f 3509 3778 3510
f 3508 3778 3509
f 3507 3778 3508
f 3506 3778 3507
f 3505 3778 3506
f 3512 3778 3513
f 3511 3778 3512
f 3515 3778 3516
f 3514 3778 3515
f 3513 3778 3514
f 3528 3778 3529
f 3527 3778 3528
f 3526 3778 3527
f 3525 3778 3526
f 3524 3778 3525
f 3523 3778 3524
f 3522 3778 3523
f 3521 3778 3522
f 3520 3778 3521
f 3519 3778 3520
f 3518 3778 3519
f 3517 3778 3518
f 3516 3778 3517
f 3538 3778 3539
f 3537 3778 3538
f 3536 3778 3537
f 3535 3778 3536
f 3534 3778 3535
f 3533 3778 3534
f 3532 3778 3533
f 3531 3778 3532
f 3530 3778 3531
f 3529 3778 3530
f 3545 3778 3546
f 3544 3778 3545
f 3543 3778 3544
f 3542 3778 3543
f 3541 3778 3542
f 3540 3778 3541
f 3539 3778 3540
f 3560 3778 3561
f 3559 3778 3560
f 3558 3778 3559
f 3557 3778 3558
f 3556 3778 3557
f 3555 3778 3556
f 3554 3778 3555
f 3553 3778 3554
f 3552 3778 3553
f 3551 3778 3552
f 3550 3778 3551
f 3549 3778 3550
f 3548 3778 3549
f 3547 3778 3548
f 3546 3778 3547
f 3564 3778 3565
f 3563 3778 3564
f 3562 3778 3563
f 3561 3778 3562
f 3573 3778 3574
f 3572 3778 3573
f 3571 3778 3572
f 3570 3778 3571
f 3569 3778 3570
f 3568 3778 3569
f 3567 3778 3568
f 3566 3778 3567
f 3565 3778 3566
f 3586 3778 3587
f 3585 3778 3586
f 3584 3778 3585
f 3583 3778 3584
f 3582 3778 3583
f 3581 3778 3582
f 3580 3778 3581
f 3579 3778 3580
f 3578 3778 3579
f 3577 3778 3578
f 3576 3778 3577
f 3575 3778 3576
f 3574 3778 3575
f 3600 3776 3601
f 3599 3776 3600
f 3598 3777 3599
f 3597 3777 3598
f 3596 3778 3597
f 3595 3778 3596
f 3594 3778 3595
f 3593 3778 3594
f 3592 3778 3593
f 3591 3778 3592
f 3590 3778 3591
f 3589 3778 3590
f 3588 3778 3589
f 3587 3778 3588
f 3601 3775 3602
f 2904 2905 3478
f 2905 2906 3478
f 2906 2907 3478
f 2907 2908 3478
f 2908 2909 3478
f 2909 2910 3478
f 2910 2911 3478
f 2911 2912 3478
f 2912 2913 3478
f 2913 2914 3478
f 2914 2915 3478
f 2915 2916 3478
f 2916 2917 3478
f 2917 3025 3478
f 3025 3026 3478
f 3026 3027 3478
f 3027 3028 3478
f 3028 3029 3478
f 3029 3030 3478
f 3030 3031 3478
f 3031 3032 3478
f 3032 3035 3478
f 3035 3036 3478
f 3036 3037 3478
f 3037 3038 3478
f 3038 3039 3478
f 3039 3040 3478
f 3040 3041 3478
f 3041 3042 3478
f 3042 3043 3478
f 3043 3044 3478
f 3045 3046 3478
f 3046 3033 3478
f 3044 3045 3478
f 3033 3034 3478
f 3034 3082 3478
f 3082 3083 3478
f 3083 3084 3478
f 3084 3085 3478
f 3085 3086 3478
f 3087 3478 3086
f 3087 3088 3478
f 3088 3089 3478
f 3090 3478 3089
f 3090 3092 3478
f 3091 3478 3092
f 3093 3478 3091
f 3093 3095 3478
f 3094 3478 3095
f 3094 3096 3478
f 3103 3478 3096
f 3102 3478 3103
f 3109 3478 3110
f 3108 3478 3109
f 3107 3478 3108
f 3106 3478 3107
f 3105 3478 3106
f 3101 3478 3102
f 3100 3478 3101
f 3099 3478 3100
f 3098 3478 3099
f 3097 3478 3098
f 3104 3478 3097
f 3104 3110 3478
f 3105 3111 3478
f 3162 3478 3111
f 3618 3796 3619
f 3617 3796 3618
f 3616 3796 3617
f 3615 3796 3616
f 3614 3797 3615
f 3613 3797 3614
f 3612 3797 3613
f 3611 3769 3612
f 3610 3769 3611
f 3609 3769 3610
f 3608 3773 3609
f 3607 3773 3608
f 3606 3773 3607
f 3605 3774 3606
f 3604 3774 3605
f 3603 3774 3604
f 3602 3775 3603
f 3629 3793 3630
f 3628 3793 3629
f 3627 3793 3628
f 3626 3793 3627
f 3625 3794 3626
f 3624 3794 3625
f 3623 3794 3624
f 3622 3795 3623
f 3621 3795 3622
f 3620 3795 3621
f 3619 3795 3620
f 3635 3800 3636
f 3634 3800 3635
f 3633 3792 3634
f 3632 3792 3633
f 3631 3792 3632
f 3630 3792 3631
f 3653 3735 3654
f 3652 3735 3653
f 3651 3736 3652
f 3650 3736 3651
f 3649 3736 3650
f 3648 3737 3649
f 3647 3737 3648
f 3646 3737 3647
f 3645 3791 3646
f 3644 3791 3645
f 3643 3791 3644
f 3642 3798 3643
f 3641 3798 3642
f 3640 3798 3641
f 3639 3799 3640
f 3638 3799 3639
f 3637 3799 3638
f 3636 3800 3637
f 3657 3740 3658
f 3656 3740 3657
f 3655 3734 3656
f 3654 3734 3655
f 3668 3744 3669
f 3667 3745 3668
f 3666 3741 3667
f 3665 3741 3666
f 3664 3742 3665
f 3663 3743 3664
f 3662 3743 3663
f 3661 3738 3662
f 3660 3738 3661
f 3659 3739 3660
f 3658 3739 3659
f 3676 3752 3677
f 3675 3755 3676
f 3674 3755 3675
f 3673 3748 3674
f 3672 3749 3673
f 3671 3746 3672
f 3670 3746 3671
f 3669 3747 3670
f 3679 3759 3680
f 3678 3758 3679
f 3677 3756 3678
f 3685 3764 3686
f 3684 3764 3685
f 3683 3762 3684
f 3682 3761 3683
f 3681 3761 3682
f 3680 3763 3681
f 3690 3767 3691
f 3689 3767 3690
f 3688 3766 3689
f 3687 3766 3688
f 3686 3765 3687
f 3694 3813 3695
f 3693 3813 3694
f 3692 3768 3693
f 3691 3768 3692
f 3698 3815 3699
f 3697 3815 3698
f 3696 3814 3697
f 3695 3814 3696
f 3701 3817 3702
f 3700 3816 3701
f 3699 3816 3700
f 3704 3818 3705
f 3703 3818 3704
f 3702 3817 3703
f 3707 3820 3708
f 3706 3819 3707
f 3705 3819 3706
f 3710 3821 3711
f 3709 3821 3710
f 3708 3820 3709
f 3712 3822 3713
f 3711 3822 3712
f 3715 3824 3716
f 3714 3823 3715
f 3713 3823 3714
f 3716 3824 3717
f 3718 3825 3719
f 3717 3825 3718
f 3720 3826 3721
f 3719 3826 3720
f 3722 3827 3723
f 3721 3827 3722
f 3724 3828 3725
f 3723 3828 3724
f 3727 3830 3728
f 3726 3829 3727
f 3725 3829 3726
f 3729 3831 3730
f 3728 3830 3729
f 3731 3832 3732
f 3730 3831 3731
f 3733 3833 3873
f 3732 3832 3733
f 3500 3770 3778
f 3496 3786 3782
f 3495 3787 3786
f 3500 3771 3770
f 3500 3772 3771
f 3500 3783 3772
f 3499 3784 3783
f 3499 3785 3784
f 3498 3781 3785
f 3498 3779 3781
f 3497 3780 3779
f 3497 3782 3780
f 3623 3795 3794
f 3619 3796 3795
f 3615 3797 3796
f 3612 3769 3797
f 3609 3773 3769
f 3606 3774 3773
f 3603 3775 3774
f 3601 3776 3775
f 3599 3777 3776
f 3597 3778 3777
f 3626 3794 3793
f 3649 3737 3736
f 3646 3791 3737
f 3643 3798 3791
f 3640 3799 3798
f 3637 3800 3799
f 3634 3792 3800
f 3630 3793 3792
f 3664 3743 3742
f 3662 3738 3743
f 3660 3739 3738
f 3658 3740 3739
f 3656 3734 3740
f 3654 3735 3734
f 3652 3736 3735
f 3672 3746 3749
f 3670 3747 3746
f 3669 3744 3747
f 3668 3745 3744
f 3667 3741 3745
f 3665 3742 3741
f 3676 3750 3751
f 3676 3754 3750
f 3676 3755 3754
f 3674 3748 3755
f 3673 3749 3748
f 3678 3756 3757
f 3677 3753 3756
f 3677 3752 3753
f 3676 3751 3752
f 3680 3760 3763
f 3680 3759 3760
f 3679 3758 3759
f 3678 3757 3758
f 3684 3762 3764
f 3683 3761 3762
f 3681 3763 3761
f 3687 3765 3766
f 3686 3764 3765
f 3691 3767 3768
f 3689 3766 3767
f 3695 3813 3814
f 3693 3768 3813
f 3699 3815 3816
f 3697 3814 3815
f 3701 3816 3817
f 3705 3818 3819
f 3703 3817 3818
f 3707 3819 3820
f 3711 3821 3822
f 3709 3820 3821
f 3713 3822 3823
f 3715 3823 3824
f 3719 3825 3826
f 3717 3824 3825
f 3721 3826 3827
f 3723 3827 3828
f 3725 3828 3829
f 3727 3829 3830
f 3729 3830 3831
f 3731 3831 3832
f 3733 3832 3833
f 5912 3853 3854
f 3854 3855 5913
f 3855 3856 5913
f 3856 3857 5914
f 3857 3858 5914
f 3858 3859 5914
f 3859 3860 5914
f 3860 3861 5914
f 3861 3862 5914
f 3862 3863 5915
f 3863 3864 5915
f 3864 3865 5915
f 3865 3866 5915
f 3866 3867 5916
f 3867 3868 5916
f 3868 3869 5916
f 3869 3870 5917
f 3870 3871 5917
f 3871 3872 5917
f 3872 3929 5917
f 3929 3930 5918
f 3930 3931 5918
f 3931 3932 5918
f 3932 3933 5918
f 3933 3934 5919
f 3934 3935 5919
f 3935 3936 5919
f 3936 3937 5920
f 3937 3938 5920
f 3938 3958 5920
f 3958 3959 5921
f 3959 3960 5921
f 3961 5921 3960
f 3961 3962 5922
f 3962 3964 5922
f 3963 5933 3964
f 3963 3965 5933
f 3966 5934 3965
f 3966 3940 5935
f 3939 5935 3940
f 3939 3943 5936
f 3942 5937 3943
f 3941 5938 3942
f 3941 3944 5939
f 3948 5940 3944
f 3874 4009 3875
f 3873 3833 3874
f 3876 4010 3877
f 3875 4009 3876
f 3878 4011 3879
f 3877 4010 3878
f 3880 4012 3881
f 3879 4011 3880
f 3882 4012 3883
f 3881 4012 3882
f 3884 4013 3885
f 3883 4013 3884
f 3886 4014 3887
f 3885 4014 3886
f 3888 4015 3889
f 3887 4015 3888
f 3890 4016 3891
f 3889 4016 3890
f 3891 4017 3892
f 3892 4018 3893
f 3894 4019 3895
f 3893 4019 3894
f 3895 4020 3896
f 3896 4021 3897
f 3897 4022 3898
f 3898 4023 3899
f 3899 4024 3900
f 3901 4026 3902
f 3900 4025 3901
f 3902 4027 3903
f 3903 4028 3904
f 3905 4030 3906
f 3904 4029 3905
f 3906 4031 3907
f 3908 4032 3909
f 3907 4032 3908
f 3910 4034 3911
f 3909 4033 3910
f 3911 4035 3912
f 3913 4037 3914
f 3912 4036 3913
f 3915 4039 3916
f 3914 4038 3915
f 3917 4041 3918
f 3916 4040 3917
f 3920 4043 3921
f 3918 4042 3920
f 3919 4045 3923
f 3922 4044 3919
f 3921 4043 3922
f 3924 4047 3925
f 3923 4046 3924
f 3927 4050 3928
f 3926 4049 3927
f 3925 4048 3926
f 3874 3833 4009
f 3876 4009 4010
f 3878 4010 4011
f 3880 4011 4012
f 3883 4012 4013
f 3885 4013 4014
f 3887 4014 4015
f 3889 4015 4016
f 3891 4016 4017
f 3893 4018 4019
f 3892 4017 4018
f 3895 4019 4020
f 3896 4020 4021
f 3898 4022 4023
f 3897 4021 4022
f 3899 4023 4024
f 3900 4024 4025
f 3901 4025 4026
f 3902 4026 4027
f 3904 4028 4029
f 3903 4027 4028
f 3905 4029 4030
f 3907 4031 4032
f 3906 4030 4031
f 3909 4032 4033
f 3910 4033 4034
f 3912 4035 4036
f 3911 4034 4035
f 3914 4037 4038
f 3913 4036 4037
f 3915 4038 4039
f 3917 4040 4041
f 3916 4039 4040
f 3920 4042 4043
f 3918 4041 4042
f 3919 4044 4045
f 3922 4043 4044
f 3925 4047 4048
f 3924 4046 4047
f 3923 4045 4046
f 3928 4050 4051
f 3927 4049 4050
f 3926 4048 4049
f 3981 4063 3982
f 3980 4064 3981
f 4008 4071 3985
f 4007 4066 4008
f 4006 4067 4007
f 3982 4068 4006
f 3968 4053 3969
f 3967 4052 3968
f 3928 4051 3967
f 3973 3972 4056
f 3971 4056 3972
f 3970 4055 3971
f 3969 4054 3970
f 3976 4059 3977
f 3975 4060 3976
f 3974 4057 3975
f 3973 4058 3974
f 3979 4065 3980
f 3978 4061 3979
f 3977 4062 3978
f 3969 4053 4054
f 3968 4052 4053
f 3967 4051 4052
f 3973 4056 4058
f 3971 4055 4056
f 3970 4054 4055
f 3977 4059 4062
f 3976 4060 4059
f 3975 4057 4060
f 3974 4058 4057
f 3982 4063 4068
f 3981 4064 4063
f 3980 4065 4064
f 3979 4061 4065
f 3978 4062 4061
f 3985 4072 4073
f 3985 4069 4072
f 3985 4070 4069
f 3985 4071 4070
f 4008 4066 4071
f 4007 4067 4066
f 4006 4068 4067
f 3985 4073 4077
f 3985 4090 4089
f 3985 4085 4090
f 3985 4086 4085
f 3985 4087 4086
f 3985 4084 4087
f 3985 4081 4084
f 3985 4082 4081
f 3985 4083 4082
f 3985 4078 4083
f 3985 4079 4078
f 3985 4080 4079
f 3985 4074 4080
f 3985 4075 4074
f 3985 4076 4075
f 3985 4077 4076
f 3985 4098 4101
f 3985 4099 4098
f 3985 4100 4099
f 3985 4094 4100
f 3985 4095 4094
f 3985 4096 4095
f 3985 4097 4096
f 3985 4093 4097
f 3985 4091 4093
f 3985 4092 4091
f 3985 4088 4092
f 3985 4089 4088
f 3985 4107 4109
f 3985 4106 4107
f 3985 4105 4106
f 3985 4102 4105
f 3985 4103 4102
f 3985 4104 4103
f 3985 4101 4104
f 3985 4111 4110
f 3985 4108 4111
f 3985 4109 4108
f 3947 5942 3948
f 3946 5943 3947
f 3946 3950 5945
f 3949 5947 3950
f 3945 5948 3949
f 3954 5950 3945
f 3954 3957 5952
f 3956 6453 3957
f 3955 6454 3956
f 3953 6455 3955
f 4000 6462 4001
f 3999 6463 4000
f 3952 6456 3953
f 3951 6456 3952
f 3951 4005 6457
f 4004 6458 4005
f 4003 6459 4004
f 4002 6460 4003
f 4001 6461 4002
f 3998 6464 3999
f 3997 6465 3998
f 3996 6466 3997
f 3991 6467 3996
f 3990 6468 3991
f 3989 6469 3990
f 3989 3995 6469
f 3994 6470 3995
f 3993 6471 3994
f 3992 6471 3993
f 3988 6472 3992
f 3987 6472 3988
f 3986 6473 3987
f 3984 6473 3986
f 3983 6474 3984
f 3983 3985 6474
f 3985 4110 6474
f 4114 4116 6474
f 4113 4114 6474
f 4113 6474 4112
f 4110 4112 6474
f 4117 4118 6474
f 4115 4117 6474
f 4115 6474 4116
f 4119 4120 6474
f 4118 4119 6474
f 4121 4122 6474
f 4120 4121 6474
f 4123 4124 6474
f 4122 4123 6474
f 4125 4126 6474
f 4124 4125 6474
f 4127 4128 6474
f 4126 4127 6474
f 4128 4129 6474
f 4130 4131 6474
f 4129 4130 6474
f 4131 4132 6474
f 4132 4133 6474
f 4134 4135 6474
f 4133 4134 6474
f 4135 4181 6474
f 4181 4182 6474
f 4182 4183 6474
f 4183 4184 6474
f 4184 4185 6474
f 4185 4186 6474
f 4186 4187 6474
f 4187 4188 6474
f 4188 4189 6474
f 4189 4190 6474
f 4190 4191 6474
f 4191 4192 6474
f 4192 4193 6474
f 4193 4194 6474
f 4194 4195 6474
f 4195 4196 6474
f 4196 4197 6474
f 4197 4198 6474
f 4198 4199 6475
f 4199 4200 6475
f 4200 4201 6476
f 4201 4202 6476
f 4202 4203 6477
f 4203 4204 6478
f 4204 4205 6479
f 4205 4206 6480
f 4206 4207 6481
f 4207 4208 6482
f 4208 4209 6483
f 4209 4210 6484
f 4210 4211 6486
f 4211 4212 6487
f 4212 4213 6489
f 4213 4214 6490
f 4214 4215 6508
f 4215 4216 6517
f 4216 4217 6527
f 4217 4218 6537
f 4218 4219 6551
f 4219 4220 6573
f 4220 4221 6600
f 4221 4222 6619
f 4222 5275 6636
f 5275 5276 6652
f 5276 5277 6659
f 5277 5278 6662
f 5278 5279 6665
f 5279 5280 6668
f 5280 5281 6670
f 5281 5282 6672
f 5282 5283 6674
f 5283 5284 6676
f 5284 5285 6697
f 5285 5286 6699
f 5286 5287 6700
f 5287 5288 6702
f 5288 5289 6703
f 5289 5290 6704
f 5290 5291 6705
f 4987 2935 2934
f 4987 2936 2935
f 4987 2937 2936
f 4987 2938 2937
f 4987 2939 2938
f 4987 2940 2939
f 4987 2941 2940
f 4987 2942 2941
f 4987 2943 2942
f 4987 2944 2943
f 4987 2945 2944
f 4987 2946 2945
f 4987 2947 2946
f 4987 2948 2947
f 4987 2949 2948
f 4987 2950 2949
f 4987 2951 2950
f 4987 2952 2951
f 4987 2953 2952
f 4987 2954 2953
f 4987 2955 2954
f 4987 2956 2955
f 4987 2957 2956
f 4987 2958 2957
f 4987 2959 2958
f 4987 2960 2959
f 4987 2961 2960
f 4987 2962 2961
f 4987 2963 2962
f 4987 2964 2963
f 4987 2965 2964
f 4987 2966 2965
f 4987 2967 2966
f 4987 2968 2967
f 4987 2969 2968
f 4987 2970 2969
f 4987 2971 2970
f 4987 2972 2971
f 4987 2973 2972
f 4987 2974 2973
f 4987 2975 2974
f 4987 2976 2975
f 4987 2977 2976
f 4987 2978 2977
f 4987 2979 2978
f 4987 2980 2979
f 4987 2981 2980
f 4987 2982 2981
f 4987 2983 2982
f 4987 2984 2983
f 4987 2985 2984
f 4987 2986 2985
f 4987 2987 2986
f 4987 2988 2987
f 4987 2989 2988
f 4987 2990 2989
f 4987 2991 2990
f 4987 2992 2991
f 4987 2993 2992
f 4987 2994 2993
f 4987 2995 2994
f 4987 2996 2995
f 4987 2997 2996
f 4987 2998 2997
f 4987 2999 2998
f 4987 3000 2999
f 4987 3001 3000
f 4987 3002 3001
f 4987 3003 3002
f 4987 3004 3003
f 4987 3005 3004
f 4987 3006 3005
f 4987 3007 3006
f 4987 3008 3007
f 4987 3009 3008
f 4987 3010 3009
f 4987 3011 3010
f 4987 3012 3011
f 4987 3013 3012
f 4987 3014 3013
f 4987 3015 3014
f 4987 3016 3015
f 4987 3017 3016
f 4987 3018 3017
f 4987 3019 3018
f 4987 3020 3019
f 4987 3021 3020
f 4987 3022 3021
f 4987 3023 3022
f 4987 3024 3023
f 4987 3047 3024
f 4987 3048 3047
f 4987 3049 3048
f 4987 3050 3049
f 4987 3051 3050
f 4987 3052 3051
f 4987 3053 3052
f 4987 3054 3053
f 4987 3055 3054
f 4987 3056 3055
f 4987 3057 3056
f 4987 3058 3057
f 4987 3059 3058
f 4987 3060 3059
f 4987 3061 3060
f 4987 3062 3061
f 4987 3063 3062
f 4987 3064 3063
f 4987 3065 3064
f 4987 3066 3065
f 4987 3067 3066
f 4987 3068 3067
f 4987 3069 3068
f 4987 3070 3069
f 4987 3071 3070
f 4987 3072 3071
f 4987 3073 3072
f 4987 3074 3073
f 4987 3075 3074
f 4987 3076 3075
f 4987 3077 3076
f 4987 3078 3077
f 4987 3079 3078
f 4987 3080 3079
f 4987 3081 3080
f 4987 3112 3081
f 4987 3113 3112
f 4987 3114 3113
f 4987 3115 3114
f 4987 3116 3115
f 4987 3117 3116
f 4987 3118 3117
f 4987 3119 3118
f 4987 3120 3119
f 4987 3121 3120
f 4987 3122 3121
f 4987 3123 3122
f 4987 3124 3123
f 4987 3125 3124
f 4987 3126 3125
f 4987 3127 3126
f 4987 3128 3127
f 4987 3139 3128
f 4987 3162 3154
f 4987 3140 3139
f 4987 3141 3140
f 4987 3142 3141
f 4987 3143 3142
f 4987 3144 3143
f 4987 3129 3144
f 4987 3130 3129
f 4987 3131 3130
f 4987 3132 3131
f 4987 3133 3132
f 4987 3134 3133
f 4987 3137 3136
f 4987 3138 3137
f 4987 3158 3138
f 4987 3159 3158
f 4987 3160 3159
f 4987 3155 3160
f 4987 3156 3155
f 4987 3157 3156
f 4987 3161 3157
f 4987 3149 3161
f 4987 3150 3149
f 4987 3151 3150
f 4987 3152 3151
f 4987 3153 3152
f 4987 3145 3153
f 4987 3146 3145
f 4987 3147 3146
f 4987 3148 3147
f 4987 3154 3148
f 4987 3135 3134
f 4987 3136 3135
f 4987 4152 4151
f 4987 4153 4152
f 4987 4154 4153
f 4987 4155 4154
f 4987 4156 4155
f 4987 4157 4156
f 4987 4158 4157
f 4987 4159 4158
f 4987 4160 4159
f 4987 4161 4160
f 4987 4162 4161
f 4987 4163 4162
f 4987 4164 4163
f 4987 4165 4164
f 4987 4166 4165
f 4987 4167 4166
f 4987 4168 4167
f 4987 4169 4168
f 4987 4170 4169
f 4987 4171 4170
f 4987 4172 4171
f 4987 4173 4172
f 4987 4174 4173
f 4987 4175 4174
f 4987 4176 4175
f 4987 4177 4176
f 4987 4178 4177
f 4987 4179 4178
f 4987 4180 4179
f 4987 4991 4180
f 4987 4992 4991
f 4987 4993 4992
f 4987 4994 4993
f 4987 4995 4994
f 4987 4996 4995
f 4987 4997 4996
f 4987 4998 4997
f 4987 4999 4998
f 4987 5000 4999
f 4987 5001 5000
f 4987 5002 5001
f 4987 5003 5002
f 4987 5004 5003
f 4987 5005 5004
f 4987 5006 5005
f 4987 5007 5006
f 4987 5008 5007
f 4987 5009 5008
f 4987 5010 5009
f 4987 5011 5010
f 4987 5012 5011
f 4987 5013 5012
f 4987 5014 5013
f 4987 5015 5014
f 4987 5016 5015
f 4987 5018 5017
f 4987 5017 5016
f 4987 5019 5018
f 4987 5021 5020
f 4987 5020 5019
f 4987 5023 5022
f 4987 5022 5021
f 4987 5025 5024
f 4987 5024 5023
f 4987 5027 5026
f 4987 5026 5025
f 4987 5030 5029
f 4987 5029 5028
f 4987 5028 5027
f 4987 5033 5032
f 4987 5032 5031
f 4987 5031 5030
f 4987 5034 5033
f 4987 5038 5037
f 4987 5037 5036
f 4987 5036 5035
f 4987 5035 5034
f 4987 5044 5043
f 4987 5043 5042
f 4987 5042 5041
f 4987 5041 5040
f 4987 5040 5039
f 4987 5039 5038
f 4987 5045 5044
f 4987 5053 5052
f 4987 5052 5051
f 4987 5051 5050
f 4987 5050 5049
f 4987 5049 5048
f 4987 5048 5047
f 4987 5047 5046
f 4987 5046 5045
f 4987 5062 5061
f 4987 5061 5060
f 4987 5060 5059
f 4987 5059 5058
f 4987 5058 5057
f 4987 5057 5056
f 4987 5056 5055
f 4987 5055 5054
f 4987 5054 5053
f 4987 5067 5066
f 4987 5066 5065
f 4987 5065 5064
f 4987 5064 5063
f 4987 5063 5062
f 4987 5085 5084
f 4987 5084 5083
f 4987 5083 5082
f 4987 5082 5081
f 4987 5081 5080
f 4987 5080 5079
f 4987 5079 5078
f 4987 5078 5077
f 4987 5077 5076
f 4987 5076 5075
f 4987 5075 5074
f 4987 5074 5073
f 4987 5073 5072
f 4987 5072 5071
f 4987 5071 5070
f 4987 5070 5069
f 4987 5069 5068
f 4987 5068 5067
f 4987 5087 5086
f 4987 5086 5085
f 4987 5100 5099
f 4987 5099 5098
f 4987 5098 5097
f 4987 5097 5096
f 4987 5096 5095
f 4987 5095 5094
f 4987 5094 5093
f 4987 5093 5092
f 4987 5092 5091
f 4987 5091 5090
f 4987 5090 5089
f 4987 5089 5088
f 4987 5088 5087
f 4987 5113 5112
f 4987 5112 5111
f 4987 5111 5110
f 4987 5110 5109
f 4987 5109 5108
f 4987 5108 5107
f 4987 5107 5106
f 4987 5106 5105
f 4987 5105 5104
f 4987 5104 5103
f 4987 5103 5102
f 4987 5102 5101
f 4987 5101 5100
f 4987 5115 5114
f 4987 5114 5113
f 4987 5127 5126
f 4987 5126 5125
f 4987 5125 5124
f 4987 5124 5123
f 4987 5123 5122
f 4987 5122 5121
f 4987 5121 5120
f 4987 5120 5119
f 4987 5119 5118
f 4987 5118 5117
f 4987 5117 5116
f 4987 5116 5115
f 4987 5140 5139
f 4987 5139 5138
f 4987 5138 5137
f 4987 5137 5136
f 4987 5136 5135
f 4987 5135 5134
f 4987 5134 5133
f 4987 5133 5132
f 4987 5132 5131
f 4987 5131 5130
f 4987 5130 5129
f 4987 5129 5128
f 4987 5128 5127
f 4987 5154 5153
f 4987 5153 5152
f 4987 5152 5151
f 4987 5151 5150
f 4987 5150 5149
f 4987 5149 5148
f 4987 5148 5147
f 4987 5147 5146
f 4987 5146 5145
f 4987 5145 5144
f 4987 5144 5143
f 4987 5143 5142
f 4987 5142 5141
f 4987 5141 5140
f 4987 5157 5156
f 4987 5156 5155
f 4987 5155 5154
f 4987 5168 5167
f 4987 5167 5166
f 4987 5166 5165
f 4987 5165 5164
f 4987 5164 5163
f 4987 5163 5162
f 4987 5162 5161
f 4987 5161 5160
f 4987 5160 5159
f 4987 5159 5158
f 4987 5158 5157
f 4987 5184 5183
f 4987 5183 5182
f 4987 5182 5181
f 4987 5181 5180
f 4987 5180 5179
f 4987 5179 5178
f 4987 5178 5177
f 4987 5177 5176
f 4987 5176 5175
f 4987 5175 5174
f 4987 5174 5173
f 4987 5173 5172
f 4987 5172 5171
f 4987 5171 5170
f 4987 5170 5169
f 4987 5169 5168
f 4987 5192 5191
f 4987 5191 5190
f 4987 5190 5189
f 4987 5189 5188
f 4987 5188 5187
f 4987 5187 5186
f 4987 5186 5185
f 4987 5185 5184
f 4987 5205 5204
f 4987 5204 5203
f 4987 5203 5202
f 4987 5202 5201
f 4987 5201 5200
f 4987 5200 5199
f 4987 5199 5198
f 4987 5198 5197
f 4987 5197 5196
f 4987 5196 5195
f 4987 5195 5194
f 4987 5194 5193
f 4987 5193 5192
f 4987 5223 5222
f 4987 5222 5221
f 4987 5221 5220
f 4987 5220 5219
f 4987 5219 5218
f 4987 5218 5217
f 4987 5217 5216
f 4987 5216 5215
f 4987 5215 5214
f 4987 5214 5213
f 4987 5213 5212
f 4987 5212 5211
f 4987 5211 5210
f 4987 5210 5209
f 4987 5209 5208
f 4987 5208 5207
f 4987 5207 5206
f 4987 5206 5205
f 4987 5232 5231
f 4987 5231 5230
f 4987 5230 5229
f 4987 5229 5228
f 4987 5228 5227
f 4987 5227 5226
f 4987 5226 5225
f 4987 5225 5224
f 4987 5224 5223
f 4987 5239 5238
f 4987 5238 5237
f 4987 5237 5236
f 4987 5236 5235
f 4987 5235 5234
f 4987 5234 5233
f 4987 5233 5232
f 4987 5244 5243
f 4987 5243 5242
f 4987 5242 5241
f 4987 5241 5240
f 4987 5240 5239
f 4987 5247 5246
f 4987 5246 5245
f 4987 5245 5244
f 4987 5249 5248
f 4987 5248 5247
f 4987 5253 5252
f 4987 5252 5251
f 4987 5251 5250
f 4987 5250 5249
f 4987 5257 5256
f 4987 5256 5255
f 4987 5255 5254
f 4987 5254 5253
f 4985 4986 4987
f 4987 4988 4989
f 4987 5261 5260
f 4987 5260 5259
f 4987 5259 5258
f 4987 5258 5257
f 4987 5264 5263
f 4987 5263 5262
f 4987 5262 5261
f 4987 5268 5267
f 4987 5267 5266
f 4987 5266 5265
f 4987 5265 5264
f 4987 5271 5270
f 4987 5270 5269
f 4987 5269 5268
f 4987 5274 5273
f 4987 5273 5272
f 4987 5272 5271
f 4987 5307 5306
f 4987 5306 5305
f 4987 5305 5274
f 4987 5310 5309
f 4987 5309 5308
f 4987 5308 5307
f 4987 5313 5312
f 4987 5312 5311
f 4987 5311 5310
f 4987 5316 5315
f 4987 5315 5314
f 4987 5314 5313
f 4987 5319 5318
f 4987 5318 5317
f 4987 5317 5316
f 4987 5321 5320
f 4987 5320 5319
f 4987 5324 5323
f 4987 5323 5322
f 4987 5322 5321
f 4987 5325 5324
f 5291 5292 6706
f 5292 5293 6707
f 5293 5294 6708
f 5294 5295 6709
f 5295 5296 6710
f 5296 5297 6711
f 5297 5298 6712
f 5298 5299 6713
f 5299 5300 6714
f 5300 5301 6714
f 5301 5302 6715
f 5302 5303 6716
f 5303 5304 6716
f 5304 5361 6717
f 5361 5362 6718
f 5362 5363 6718
f 5364 5365 6719
f 5363 5364 6719
f 5365 5366 6720
f 5367 5368 6721
f 5366 5367 6720
f 5369 5375 6722
f 5368 5369 6721
f 5377 5378 6723
f 5376 5377 6722
f 5375 5376 6722
f 5379 6723 5380
f 5378 5380 6723
f 5382 5384 6725
f 5382 6724 5383
f 5381 5383 6724
f 5379 5381 6724
f 5370 6726 5387
f 5386 5387 6725
f 5386 6725 5385
f 5384 5385 6725
f 5389 6727 5390
f 5372 5390 6727
f 5373 6726 5374
f 5371 5374 6726
f 5371 6726 5370
f 5372 6727 5373
f 5394 6729 5397
f 5397 6729 5398
f 5398 6729 5399
f 5399 6728 5400
f 5396 5400 6728
f 5396 6728 5391
f 5391 6728 5392
f 5388 5393 6727
f 5388 6727 5389
f 5392 6728 5393
f 5405 6731 5421
f 5421 6731 5422
f 5422 6731 5417
f 5417 6731 5418
f 5418 6731 5419
f 5419 6730 5420
f 5412 5420 6730
f 5412 6730 5413
f 5413 6730 5414
f 5414 6730 5415
f 5415 6729 5416
f 5416 6729 5395
f 5394 5395 6729
f 5411 6735 5405
f 5410 6752 5411
f 5409 6765 5410
f 5408 6834 5409
f 4987 4989 7805
f 4989 4990 7805
f 4987 7804 5325
f 1453 7794 5897
f 5897 7795 5898
f 5898 7796 5899
f 5899 7797 5900
f 5900 7800 5903
f 1457 5907 1458
f 1458 5901 2853
f 5901 5902 7798
f 5902 5905 7799
f 5904 7802 5905
f 5903 7801 5904
f 1448 7803 5906
f 5904 5905 5907
f 1458 5907 5901
f 1448 5906 5907
f 5901 5907 5902
f 5902 5907 5905
f 5900 5903 5907
f 5903 5904 5907
f 1453 2848 7794
f 5897 7794 7795
f 5898 7795 7796
f 5899 7796 7797
f 5900 7797 7800
f 2853 5901 7798
f 5902 7799 7798
f 5905 7802 7799
f 5904 7801 7802
f 5903 7800 7801
f 2856 5907 5908
f 4990 5908 7805
f 5907 5910 5908
f 5907 5909 5910
f 5908 5910 5911
f 5906 7804 5907
f 5907 7806 5909
f 5908 5911 7805
f 5909 7807 5910
f 5910 7808 5911
f 5906 7803 7804
f 5907 7804 7806
f 5911 7808 7805
f 5909 7806 7807
f 5910 7807 7808
f 5912 3854 5913
f 3856 5914 5913
f 3862 5915 5914
f 3866 5916 5915
f 3869 5917 5916
f 3929 5918 5917
f 3933 5919 5918
f 3936 5920 5919
f 3958 5921 5920
f 3961 5922 5921
f 3964 5933 5922
f 3965 5934 5933
f 3966 5935 5934
f 3939 5936 5935
f 3943 5937 5936
f 3942 5938 5937
f 3941 5939 5938
f 3944 5940 5939
f 3948 5941 5940
f 3948 5942 5941
f 3947 5943 5942
f 3946 5944 5943
f 3946 5945 5944
f 3950 5946 5945
f 3950 5947 5946
f 3949 5948 5947
f 3945 5949 5948
f 3945 5950 5949
f 3954 5951 5950
f 3954 5952 5951
f 3957 5953 5952
f 3957 6453 5953
f 3956 6454 6453
f 3955 6455 6454
f 3953 6456 6455
f 3951 6457 6456
f 4005 6458 6457
f 4004 6459 6458
f 4003 6460 6459
f 4002 6461 6460
f 4001 6462 6461
f 4000 6463 6462
f 3999 6464 6463
f 3998 6465 6464
f 3997 6466 6465
f 3996 6467 6466
f 3991 6468 6467
f 3990 6469 6468
f 3995 6470 6469
f 3994 6471 6470
f 3992 6472 6471
f 3987 6473 6472
f 3984 6474 6473
f 2490 2438 5923
f 5923 5924 5972
f 5924 5925 5975
f 2490 5923 5971
f 5923 5972 5971
f 5924 5973 5972
f 5924 5974 5973
f 5924 5975 5974
f 5925 5976 5975
f 5925 5926 5978
f 5926 5927 5981
f 5925 5977 5976
f 5925 5978 5977
f 5926 5979 5978
f 5926 5980 5979
f 5926 5981 5980
f 5927 5982 5981
f 5927 5983 5982
f 5927 5984 5983
f 5927 5928 5984
f 5929 5987 5928
f 5928 5985 5984
f 5928 5986 5985
f 5928 5987 5986
f 5929 5988 5987
f 5929 5989 5988
f 5929 5990 5989
f 5929 5991 5990
f 5929 5992 5991
f 5929 5993 5992
f 5929 5994 5993
f 5929 5995 5994
f 5929 5996 5995
f 5929 5997 5996
f 5929 5998 5997
f 5929 5999 5998
f 5929 6000 5999
f 5929 6001 6000
f 5929 6002 6001
f 5929 6003 6002
f 5929 6004 6003
f 5929 6005 6004
f 5929 6006 6005
f 5929 6007 6006
f 5929 6008 6007
f 5929 6009 6008
f 5929 6010 6009
f 5929 6011 6010
f 5929 6012 6011
f 5929 6013 6012
f 5929 6014 6013
f 5929 6015 6014
f 5929 6016 6015
f 5929 6017 6016
f 5929 6018 6017
f 5929 6019 6018
f 5929 6020 6019
f 5929 6021 6020
f 5929 6022 6021
f 5929 6023 6022
f 5929 6024 6023
f 5929 6025 6024
f 5929 6026 6025
f 5929 6027 6026
f 5929 6028 6027
f 5929 6029 6028
f 5929 6030 6029
f 5929 6031 6030
f 5929 6032 6031
f 5929 6033 6032
f 5929 6034 6033
f 5929 6035 6034
f 5929 6036 6035
f 5929 6037 6036
f 5929 6038 6037
f 5929 6039 6038
f 5929 6040 6039
f 5929 6041 6040
f 5929 6042 6041
f 5929 6043 6042
f 5929 6117 6043
f 5929 6118 6117
f 5929 6119 6118
f 5929 6120 6119
f 5929 6121 6120
f 5929 6122 6121
f 5929 6123 6122
f 5929 6124 6123
f 5929 6125 6124
f 5929 6126 6125
f 5929 6127 6126
f 5929 6128 6127
f 5929 6129 6128
f 5929 6130 6129
f 5929 6131 6130
f 5929 6132 6131
f 5929 6133 6132
f 5929 6134 6133
f 5929 6135 6134
f 5929 6136 6135
f 5929 6137 6136
f 5929 6138 6137
f 5929 6139 6138
f 5929 6140 6139
f 5929 6141 6140
f 5929 6142 6141
f 5929 6143 6142
f 5929 6144 6143
f 5929 6145 6144
f 5929 6146 6145
f 5929 6147 6146
f 5929 6148 6147
f 5929 6149 6148
f 5929 6150 6149
f 5929 6151 6150
f 5929 6152 6151
f 5929 6153 6152
f 5929 6154 6153
f 5929 6155 6154
f 5929 6156 6155
f 5929 6157 6156
f 5929 6158 6157
f 5929 6159 6158
f 5929 6160 6159
f 5929 6161 6160
f 5929 6162 6161
f 5929 6163 6162
f 5929 6164 6163
f 5929 6165 6164
f 5929 6166 6165
f 5929 6167 6166
f 5929 6168 6167
f 5929 6169 6168
f 5929 6170 6169
f 5929 6171 6170
f 5929 6172 6171
f 5929 6173 6172
f 5929 6174 6173
f 5929 6175 6174
f 5929 6176 6175
f 5929 6177 6176
f 5929 6178 6177
f 5929 6179 6178
f 5929 6180 6179
f 5929 6181 6180
f 5929 6182 6181
f 5929 6183 6182
f 5929 6184 6183
f 5929 6185 6184
f 5929 6186 6185
f 5929 6187 6186
f 5929 6188 6187
f 5929 6189 6188
f 5929 6190 6189
f 5929 6191 6190
f 5929 6192 6191
f 5929 6193 6192
f 5929 6194 6193
f 5929 6195 6194
f 5929 6196 6195
f 5929 6197 6196
f 5929 6198 6197
f 5929 6199 6198
f 5929 6200 6199
f 5929 6201 6200
f 5929 6202 6201
f 5929 6203 6202
f 5929 6204 6203
f 5929 6205 6204
f 5929 6206 6205
f 5929 6207 6206
f 5929 6208 6207
f 5929 6209 6208
f 5929 6210 6209
f 5929 6211 6210
f 5929 6212 6211
f 5929 6213 6212
f 5929 6214 6213
f 5929 6215 6214
f 5929 6216 6215
f 5929 6217 6216
f 5929 6218 6217
f 5929 6219 6218
f 5929 6220 6219
f 5929 6221 6220
f 5929 6222 6221
f 5929 6223 6222
f 5929 6224 6223
f 5929 6225 6224
f 5929 6226 6225
f 5929 6227 6226
f 5929 6228 6227
f 5929 6229 6228
f 5929 6230 6229
f 5929 6231 6230
f 5929 6232 6231
f 5929 6233 6232
f 5929 6234 6233
f 5929 6235 6234
f 5929 6236 6235
f 5929 6237 6236
f 5929 6238 6237
f 5929 6239 6238
f 5929 6240 6239
f 5929 6241 6240
f 5929 6242 6241
f 5929 6243 6242
f 5929 6244 6243
f 5929 6245 6244
f 5929 6246 6245
f 5929 6247 6246
f 5929 6248 6247
f 5929 6249 6248
f 5929 6250 6249
f 5929 6251 6250
f 5929 6298 6251
f 5929 6299 6298
f 5929 6300 6299
f 5929 6301 6300
f 5929 6302 6301
f 5929 6303 6302
f 5929 6304 6303
f 5929 6305 6304
f 5929 6306 6305
f 5929 6307 6306
f 5929 6308 6307
f 5929 6309 6308
f 5929 6310 6309
f 5929 6311 6310
f 5929 6312 6311
f 5929 6313 6312
f 5929 6314 6313
f 5929 6317 6316
f 5929 6316 6315
f 5929 6315 6314
f 4198 6475 6474
f 4200 6476 6475
f 4202 6477 6476
f 4203 6478 6477
f 4204 6479 6478
f 4205 6480 6479
f 4206 6481 6480
f 4207 6482 6481
f 4208 6483 6482
f 4209 6484 6483
f 4210 6485 6484
f 4210 6486 6485
f 4211 6487 6486
f 4212 6489 6488
f 4212 6488 6487
f 4213 6490 6489
f 4214 6494 6493
f 4214 6493 6492
f 4214 6492 6491
f 4214 6491 6490
f 4214 6500 6499
f 4214 6499 6498
f 4214 6498 6497
f 4214 6497 6496
f 4214 6496 6495
f 4214 6495 6494
f 4214 6508 6507
f 4214 6507 6506
f 4214 6506 6505
f 4214 6505 6504
f 4214 6504 6503
f 4214 6503 6502
f 4214 6502 6501
f 4214 6501 6500
f 4215 6517 6516
f 4215 6516 6515
f 4215 6515 6514
f 4215 6514 6513
f 4215 6513 6512
f 4215 6512 6511
f 4215 6511 6510
f 4215 6510 6509
f 4215 6509 6508
f 4216 6525 6524
f 4216 6524 6523
f 4216 6523 6522
f 4216 6522 6521
f 4216 6521 6520
f 4216 6520 6519
f 4216 6519 6518
f 4216 6518 6517
f 4216 6527 6526
f 4216 6526 6525
f 4217 6528 6527
f 4217 6537 6536
f 4217 6536 6535
f 4217 6535 6534
f 4217 6534 6533
f 4217 6533 6532
f 4217 6532 6531
f 4217 6531 6530
f 4217 6530 6529
f 4217 6529 6528
f 4218 6539 6538
f 4218 6538 6537
f 4218 6551 6550
f 4218 6550 6549
f 4218 6549 6548
f 4218 6548 6547
f 4218 6547 6546
f 4218 6546 6545
f 4218 6545 6544
f 4218 6544 6543
f 4218 6543 6542
f 4218 6542 6541
f 4218 6541 6540
f 4218 6540 6539
f 4219 6553 6552
f 4219 6552 6551
f 4219 6563 6562
f 4219 6562 6561
f 4219 6561 6560
f 4219 6560 6559
f 4219 6559 6558
f 4219 6558 6557
f 4219 6557 6556
f 4219 6556 6555
f 4219 6555 6554
f 4219 6554 6553
f 4219 6573 6572
f 4219 6572 6571
f 4219 6571 6570
f 4219 6570 6569
f 4219 6569 6568
f 4219 6568 6567
f 4219 6567 6566
f 4219 6566 6565
f 4219 6565 6564
f 4219 6564 6563
f 4220 6574 6573
f 4220 6588 6587
f 4220 6587 6586
f 4220 6586 6585
f 4220 6585 6584
f 4220 6584 6583
f 4220 6583 6582
f 4220 6582 6581
f 4220 6581 6580
f 4220 6580 6579
f 4220 6579 6578
f 4220 6578 6577
f 4220 6577 6576
f 4220 6576 6575
f 4220 6575 6574
f 4220 6595 6594
f 4220 6594 6593
f 4220 6593 6592
f 4220 6592 6591
f 4220 6591 6590
f 4220 6590 6589
f 4220 6589 6588
f 4220 6600 6599
f 4220 6599 6598
f 4220 6598 6597
f 4220 6597 6596
f 4220 6596 6595
f 4221 6614 6613
f 4221 6613 6612
f 4221 6612 6611
f 4221 6611 6610
f 4221 6610 6609
f 4221 6609 6608
f 4221 6608 6607
f 4221 6607 6606
f 4221 6606 6605
f 4221 6605 6604
f 4221 6604 6603
f 4221 6603 6602
f 4221 6602 6601
f 4221 6601 6600
f 4221 6619 6618
f 4221 6618 6617
f 4221 6617 6616
f 4221 6616 6615
f 4221 6615 6614
f 4222 6630 6629
f 4222 6629 6628
f 4222 6628 6627
f 4222 6627 6626
f 4222 6626 6625
f 4222 6625 6624
f 4222 6624 6623
f 4222 6623 6622
f 4222 6622 6621
f 4222 6621 6620
f 4222 6620 6619
f 4222 6636 6635
f 4222 6635 6634
f 4222 6634 6633
f 4222 6633 6632
f 4222 6632 6631
f 4222 6631 6630
f 5275 6652 6651
f 5275 6651 6650
f 5275 6650 6649
f 5275 6649 6648
f 5275 6648 6647
f 5275 6647 6646
f 5275 6646 6645
f 5275 6645 6644
f 5275 6644 6643
f 5275 6643 6642
f 5275 6642 6641
f 5275 6641 6640
f 5275 6640 6639
f 5275 6639 6638
f 5275 6638 6637
f 5275 6637 6636
f 5276 6653 6652
f 5276 6659 6658
f 5276 6658 6657
f 5276 6657 6656
f 5276 6656 6655
f 5276 6655 6654
f 5276 6654 6653
f 5277 6662 6661
f 5277 6661 6660
f 5277 6660 6659
f 5278 6665 6664
f 5278 6664 6663
f 5278 6663 6662
f 5279 6667 6666
f 5279 6666 6665
f 5279 6668 6667
f 5280 6670 6669
f 5280 6669 6668
f 5281 6672 6671
f 5281 6671 6670
f 5282 6673 6672
f 5282 6674 6673
f 5284 6697 6676
f 5283 6676 6675
f 5283 6675 6674
f 5285 6698 6697
f 5285 6699 6698
f 5286 6700 6699
f 5287 6702 6701
f 5287 6701 6700
f 5288 6703 6702
f 5289 6704 6703
f 5290 6705 6704
f 5292 6707 6706
f 5291 6706 6705
f 5293 6708 6707
f 5295 6710 6709
f 5294 6709 6708
f 5297 6712 6711
f 5296 6711 6710
f 5299 6714 6713
f 5298 6713 6712
f 5301 6715 6714
f 5302 6716 6715
f 5304 6717 6716
f 5361 6718 6717
f 5365 6720 6719
f 5363 6719 6718
f 5369 6722 6721
f 5367 6721 6720
f 5377 6723 6722
f 5382 6725 6724
f 5379 6724 6723
f 5387 6726 6725
f 5393 6728 6727
f 5373 6727 6726
f 5415 6730 6729
f 5399 6729 6728
f 5405 6733 6732
f 5405 6732 6731
f 5419 6731 6730
f 5411 6736 6735
f 5405 6735 6734
f 5405 6734 6733
f 5411 6738 6737
f 5411 6737 6736
f 5411 6740 6739
f 5411 6739 6738
f 5411 6743 6742
f 5411 6742 6741
f 5411 6741 6740
f 5411 6745 6744
f 5411 6744 6743
f 5411 6747 6746
f 5411 6746 6745
f 5411 6750 6749
f 5411 6749 6748
f 5411 6748 6747
f 5411 6751 6750
f 5410 6753 6752
f 5411 6752 6751
f 5410 6754 6753
f 5410 6756 6755
f 5410 6755 6754
f 5410 6757 6756
f 5410 6759 6758
f 5410 6758 6757
f 5410 6760 6759
f 5410 6762 6761
f 5410 6761 6760
f 5410 6764 6763
f 5410 6763 6762
f 5409 6766 6765
f 5410 6765 6764
f 5409 6768 6767
f 5409 6767 6766
f 5409 6770 6769
f 5409 6769 6768
f 5409 6772 6771
f 5409 6771 6770
f 5409 6803 6802
f 5409 6802 6773
f 5409 6773 6772
f 5409 6805 6804
f 5409 6804 6803
f 5409 6808 6807
f 5409 6807 6806
f 5409 6806 6805
f 5409 6812 6811
f 5409 6811 6810
f 5409 6810 6809
f 5409 6809 6808
f 5409 6815 6814
f 5409 6814 6813
f 5409 6813 6812
f 6834 6819 5409
f 5409 6819 6818
f 5409 6818 6817
f 5409 6817 6816
f 5409 6816 6815
f 5408 6821 6820
f 5408 6820 6837
f 5408 6837 6836
f 5408 6836 6835
f 5408 6835 6834
f 5408 6828 6827
f 5408 6827 6826
f 5408 6826 6825
f 5408 6825 6824
f 5408 6824 6823
f 5408 6823 6822
f 5408 6822 6821
f 5408 6830 6833
f 5408 6833 6832
f 5408 6832 6831
f 5408 6831 6829
f 5408 6829 6828
f 7804 5929 5930
f 7804 5930 5931
f 7804 5931 5932
f 7804 5932 5954
f 7804 5954 5955
f 7804 5955 5956
f 7804 5956 5957
f 7804 5957 5958
f 7804 5958 5959
f 7804 5959 5960
f 7804 5960 5961
f 7804 5961 5962
f 7804 5962 5963
f 7804 5963 5964
f 7804 5964 5965
f 7804 5965 5966
f 7804 5966 5967
f 7804 5967 5968
f 7804 5968 5969
f 7804 5969 5970
f 7804 5970 6677
f 7804 6677 6678
f 7804 6678 6679
f 7804 6679 6680
f 7804 6680 6681
f 7804 6681 6682
f 7804 6682 6683
f 7804 6683 6684
f 7804 6684 6685
f 7804 6685 6686
f 7804 6686 6687
f 7804 6687 6688
f 7804 6688 6689
f 7804 6689 6690
f 7804 6690 6691
f 7804 6691 6692
f 7804 6692 6693
f 7804 6693 6694
f 7804 6694 6695
f 7804 6695 6696
f 7804 6696 6774
f 7804 6778 6779
f 7804 6774 6775
f 7804 6775 6776
f 7804 6776 6777
f 7804 6777 6778
f 7804 6779 6780
f 7804 6780 6781
f 7804 6781 6783
f 7804 6783 6782
f 7804 6782 6787
f 7804 6787 6786
f 7804 6786 6784
f 7804 6784 6785
f 7804 6785 6797
f 7804 6797 6796
f 7804 6796 6795
f 7804 6795 6800
f 7804 6800 6799
f 7804 6799 6798
f 7804 6798 6801
f 7804 6801 6793
f 7804 6793 6792
f 7804 6792 6791
f 7804 6791 6790
f 7804 6790 6789
f 7804 6794 6848
f 7804 6848 6847
f 7804 6847 6846
f 7804 6846 6845
f 7804 6845 6844
f 7804 6844 6839
f 7804 6839 6843
f 7804 6843 6842
f 7804 6842 6841
f 7804 6841 6840
f 7804 6840 6838
f 7804 6838 6851
f 7804 6851 6850
f 7804 6850 6849
f 7804 6789 6788
f 7804 6788 6794
f 7804 6849 6830
f 7797 2498 2499
f 7797 2499 2500
f 7797 2500 2501
f 7797 2501 2502
f 7797 2502 2503
f 7797 2503 2504
f 7797 2504 2505
f 7797 2505 2506
f 7797 2506 2507
f 7797 2507 2508
f 7797 2508 2509
f 7797 2509 2510
f 7797 2510 2511
f 7797 2511 2512
f 7797 2512 6044
f 7797 6044 6045
f 7797 6045 6046
f 7794 2493 7795
f 7795 2496 7796
f 7797 6046 6047
f 7797 6047 6048
f 7797 6048 6049
f 7797 6049 6050
f 7797 6050 6051
f 7797 6051 6052
f 7797 6052 6053
f 7797 6053 6054
f 7797 6054 6055
f 7797 6055 6056
f 7797 6056 6057
f 7797 6057 6058
f 7797 6058 6059
f 7797 6059 6060
f 7797 6060 6061
f 7797 6061 6062
f 7797 6062 6063
f 7797 6063 6064
f 7797 6064 6065
f 7797 6065 6066
f 7797 6066 6067
f 7797 6067 6068
f 7797 6068 6069
f 7797 6069 6070
f 7797 6070 6071
f 7797 6071 6072
f 7797 6072 6073
f 7797 6073 6074
f 7796 2496 7797
f 7797 6074 6075
f 7797 6075 6076
f 7797 6076 6077
f 7797 6077 6079
f 7797 6079 6078
f 7797 6078 6080
f 7797 6080 6081
f 7797 6081 6083
f 7797 6083 6082
f 7797 6082 6084
f 7797 6084 6097
f 7797 6097 6096
f 7797 6096 6095
f 7797 6095 6094
f 7797 6094 6093
f 7797 6093 6092
f 7797 6092 6091
f 7797 6091 6090
f 7797 6090 6089
f 7797 6089 6088
f 7797 6088 6104
f 2852 2853 7804
f 7804 6317 5929
f 7804 6405 6368
f 7804 6368 6367
f 7804 6367 6366
f 7804 6366 6365
f 7804 6365 6364
f 7804 6364 6379
f 7804 6379 6378
f 7804 6104 6103
f 7804 6103 6102
f 7804 6102 6101
f 7804 6101 6100
f 7804 6100 6099
f 7804 6099 6098
f 7804 6098 6109
f 7804 6109 6108
f 7804 6108 6107
f 7804 6107 6106
f 7804 6106 6105
f 7804 6105 6116
f 7804 6116 6115
f 7804 6115 6114
f 7804 6114 6113
f 7804 6113 6112
f 7804 6112 6111
f 7804 6111 6110
f 7804 6110 6087
f 7804 6087 6086
f 7804 6086 6085
f 7804 6085 6392
f 7804 6392 6391
f 7804 6391 6390
f 7804 6380 6386
f 7804 6386 6385
f 7804 6385 6384
f 7804 6384 6383
f 7804 6383 6382
f 7804 6382 6404
f 7804 6404 6403
f 7804 6403 6402
f 7804 6402 6393
f 7804 6393 6401
f 7804 6401 6400
f 7804 6400 6399
f 7804 6399 6398
f 7804 6398 6397
f 7804 6390 6389
f 7804 6389 6388
f 7804 6388 6387
f 7804 6387 6381
f 7804 6381 6380
f 7804 6397 6396
f 7804 6396 6394
f 7804 6394 6395
f 7804 6395 6411
f 7804 6411 6410
f 7804 6410 6409
f 7804 6409 6408
f 7804 6408 6407
f 7804 6407 6406
f 7804 6406 6405
f 7804 6293 6292
f 7804 6292 6294
f 7804 6294 6295
f 7804 6427 6422
f 7804 6422 6421
f 7804 6421 6426
f 7804 6378 6371
f 7804 6371 6377
f 7804 6377 6376
f 7804 6376 6375
f 7804 6375 6374
f 7804 6374 6373
f 7804 6373 6372
f 7804 6372 6370
f 7804 6370 6369
f 7804 6369 6432
f 7804 6432 6431
f 7804 6431 6430
f 7804 6430 6429
f 7804 6429 6428
f 7804 6428 6427
f 7804 6426 6425
f 7804 6425 6424
f 7804 6424 6423
f 7804 6423 6413
f 7804 6413 6412
f 7804 6412 6419
f 7804 6419 6418
f 7804 6418 6417
f 7804 6417 6416
f 7804 6416 6415
f 7804 6415 6414
f 7804 6414 6420
f 7804 6420 6440
f 7804 6440 6439
f 7804 6435 6434
f 7804 6434 6433
f 7804 6433 6443
f 7804 6443 6442
f 7804 6442 6448
f 7804 6448 6447
f 7804 6447 6446
f 7804 6446 6445
f 7804 6445 6444
f 7804 6444 6441
f 7804 6441 6452
f 7804 6452 6451
f 7804 6451 6450
f 7804 6450 6449
f 7804 6449 6252
f 7804 6252 6255
f 7804 6255 6254
f 7804 6254 6253
f 7804 6253 6257
f 7804 6257 6256
f 7804 6439 6438
f 7804 6438 6437
f 7804 6437 6436
f 7804 6436 6435
f 7804 6261 6260
f 7804 6260 6259
f 7804 6259 6258
f 7804 6258 6268
f 7804 6268 6267
f 7804 6267 6266
f 7804 6266 6265
f 7804 6265 6270
f 7804 6270 6269
f 7804 6256 6262
f 7804 6262 6261
f 7804 6269 6264
f 7804 6264 6263
f 7804 6263 6271
f 7804 6271 6277
f 7804 6277 6276
f 7804 6276 6275
f 7804 6275 6274
f 7804 6274 6273
f 7804 6273 6272
f 7804 6272 6282
f 7804 6282 6281
f 7804 6281 6280
f 7804 6280 6279
f 7804 6279 6278
f 7804 6278 6285
f 7804 6285 6284
f 7804 6284 6283
f 7804 6283 6287
f 7804 6287 6286
f 7804 6286 6291
f 7804 6291 6290
f 7804 6290 6289
f 7804 6289 6288
f 7804 6288 6293
f 7797 6104 7804
f 7804 6320 6319
f 7804 6319 6318
f 7804 6318 6317
f 7804 6353 6328
f 7804 6328 6327
f 7804 6327 6326
f 7804 6326 6325
f 7804 6325 6324
f 7804 6324 6323
f 7804 6323 6322
f 7804 6322 6321
f 7804 6321 6320
f 7804 6295 6297
f 7804 6297 6296
f 7804 6296 6340
f 7804 6340 6339
f 7804 6339 6338
f 7804 6341 6344
f 7804 6344 6346
f 7804 6338 6337
f 7804 6337 6343
f 7804 6343 6342
f 7804 6342 6341
f 7804 6350 6349
f 7804 6349 6348
f 7804 6348 6347
f 7804 6347 6358
f 7804 6358 6357
f 7804 6357 6356
f 7804 6356 6355
f 7804 6355 6354
f 7804 6354 6353
f 7804 6332 6331
f 7804 6331 6363
f 7804 6363 6362
f 7804 6362 6361
f 7804 6361 6360
f 7804 6360 6359
f 7804 6359 6352
f 7804 6352 6351
f 7804 6351 6350
f 7804 6346 6345
f 7804 6345 6330
f 7804 6330 6329
f 7804 6329 6333
f 7804 6333 6336
f 7804 6336 6335
f 7804 6335 6334
f 7804 6334 6332
f 7801 7804 7802
f 2853 7798 7804
f 2186 7804 7803
f 7798 7799 7804
f 7799 7802 7804
f 7797 7804 7800
f 7800 7804 7801
f 7804 5326 5325
f 7804 5327 5326
f 7804 5328 5327
f 7804 5329 5328
f 7804 5330 5329
f 7804 5331 5330
f 7804 5332 5331
f 7804 5333 5332
f 7804 5334 5333
f 7804 5335 5334
f 7804 5336 5335
f 7804 5337 5336
f 7804 5338 5337
f 7804 5339 5338
f 7804 5340 5339
f 7804 5341 5340
f 7804 5342 5341
f 7804 5343 5342
f 7804 5344 5343
f 7804 5345 5344
f 7804 5346 5345
f 7804 5347 5346
f 7804 5348 5347
f 7804 5349 5348
f 7804 5350 5349
f 7804 5351 5350
f 7804 5352 5351
f 7804 5353 5352
f 7804 5354 5353
f 7804 5356 5354
f 7804 5357 5356
f 7804 5358 5357
f 7804 5359 5358
f 7804 5360 5359
f 7804 5355 5360
f 7804 5423 5355
f 7804 5424 5423
f 7804 5425 5424
f 7804 5426 5425
f 7804 5427 5426
f 7804 5428 5427
f 7804 5429 5428
f 7804 5432 5429
f 7804 5433 5432
f 7804 5430 5433
f 7804 5431 5430
f 7804 5434 5431
f 7804 5435 5434
f 7804 5436 5435
f 7804 5437 5436
f 7804 5438 5437
f 7804 5442 5441
f 7804 5443 5442
f 7804 5401 5443
f 7804 5402 5401
f 7804 5403 5402
f 7804 5404 5403
f 7804 5406 5404
f 7804 5407 5406
f 7804 5408 5407
f 7804 5439 5438
f 7804 5440 5439
f 7804 5441 5440
f 7804 6830 5408
f 4987 7805 7804
f 7804 7805 7807
f 7804 7807 7806
f 7805 7808 7807
f 147 38 13
f 122 13 14
f 123 14 15
f 129 20 27
f 124 15 16
f 125 16 17
f 126 17 18
f 127 18 19
f 128 19 20
f 136 27 21
f 130 21 22
f 131 22 23
f 132 23 24
f 133 24 25
f 134 25 26
f 137 29 28
f 135 26 29
f 138 28 30
f 139 30 31
f 140 31 58
f 144 35 33
f 142 33 34
f 143 34 38
f 141 32 35
f 146 36 32
f 145 37 36
f 148 39 37
f 149 40 39
f 150 41 40
f 151 42 41
f 159 51 42
f 152 43 50
f 153 44 43
f 154 45 44
f 155 46 45
f 156 47 46
f 157 48 47
f 158 49 48
f 161 52 49
f 160 50 51
f 162 53 52
f 163 54 53
f 164 55 54
f 165 56 55
f 166 57 56
f 167 58 59
f 168 59 60
f 169 60 61
f 170 61 62
f 171 62 64
f 172 64 63
f 173 63 65
f 174 65 66
f 175 66 67
f 176 67 68
f 177 68 69
f 178 69 70
f 179 70 71
f 180 71 72
f 181 72 73
f 182 73 74
f 183 74 75
f 184 75 76
f 185 76 77
f 186 77 99
f 187 78 57
f 188 79 78
f 189 80 79
f 190 81 80
f 191 82 81
f 192 83 82
f 193 84 83
f 194 85 84
f 195 86 85
f 196 87 86
f 197 88 87
f 198 89 88
f 199 90 89
f 200 91 90
f 201 92 91
f 202 93 92
f 203 94 93
f 204 95 94
f 205 96 95
f 206 97 96
f 207 98 97
f 266 231 98
f 208 99 100
f 209 100 101
f 210 101 102
f 211 102 103
f 212 103 104
f 213 104 105
f 214 105 106
f 215 106 107
f 216 107 108
f 217 108 109
f 218 109 110
f 219 110 111
f 220 111 112
f 221 112 113
f 222 113 114
f 223 114 115
f 224 115 116
f 225 116 117
f 226 117 118
f 227 118 119
f 228 119 120
f 229 120 121
f 230 121 304
f 123 15 124
f 147 13 122
f 122 14 123
f 124 16 125
f 125 17 126
f 126 18 127
f 127 19 128
f 128 20 129
f 136 21 130
f 130 22 131
f 131 23 132
f 132 24 133
f 133 25 134
f 134 26 135
f 136 129 27
f 137 135 29
f 137 28 138
f 138 30 139
f 139 31 140
f 142 144 33
f 142 34 143
f 141 35 144
f 141 146 32
f 145 36 146
f 145 148 37
f 147 143 38
f 148 149 39
f 149 150 40
f 150 151 41
f 151 159 42
f 160 152 50
f 152 153 43
f 153 154 44
f 154 155 45
f 155 156 46
f 156 157 47
f 157 158 48
f 158 161 49
f 159 160 51
f 161 162 52
f 162 163 53
f 163 164 54
f 164 165 55
f 165 166 56
f 140 58 167
f 167 59 168
f 168 60 169
f 169 61 170
f 172 171 64
f 170 62 171
f 172 63 173
f 173 65 174
f 174 66 175
f 175 67 176
f 176 68 177
f 177 69 178
f 178 70 179
f 179 71 180
f 180 72 181
f 181 73 182
f 182 74 183
f 183 75 184
f 184 76 185
f 185 77 186
f 186 99 208
f 122 123 124
f 122 126 144
f 124 125 126
f 126 127 128
f 136 128 129
f 122 124 126
f 136 126 128
f 136 130 131
f 131 132 133
f 136 131 133
f 133 134 135
f 133 135 138
f 133 168 126
f 136 133 126
f 137 138 135
f 138 139 140
f 138 140 168
f 133 138 168
f 141 144 146
f 142 143 144
f 122 144 143
f 145 146 148
f 144 148 146
f 144 126 159
f 147 122 143
f 148 150 149
f 144 159 148
f 148 159 150
f 150 159 151
f 126 168 159
f 159 154 152
f 152 154 153
f 159 158 154
f 154 156 155
f 154 158 156
f 156 158 157
f 159 152 160
f 158 162 161
f 159 188 158
f 158 164 162
f 162 164 163
f 158 188 164
f 164 166 165
f 164 188 166
f 140 167 168
f 168 169 170
f 168 170 172
f 170 171 172
f 172 173 174
f 172 174 176
f 174 175 176
f 168 172 176
f 176 177 178
f 168 176 184
f 176 178 180
f 178 179 180
f 176 180 184
f 180 181 182
f 180 182 184
f 182 183 184
f 184 185 186
f 159 168 221
f 184 186 209
f 166 187 57
f 187 188 78
f 188 189 79
f 189 190 80
f 190 191 81
f 191 192 82
f 192 193 83
f 193 194 84
f 194 195 85
f 195 196 86
f 196 197 87
f 197 198 88
f 198 199 89
f 199 200 90
f 200 201 91
f 201 202 92
f 202 203 93
f 203 204 94
f 204 205 95
f 205 206 96
f 206 207 97
f 207 266 98
f 166 188 187
f 188 190 189
f 188 192 190
f 190 192 191
f 159 204 188
f 188 196 192
f 192 194 193
f 192 196 194
f 194 196 195
f 188 204 196
f 196 198 197
f 196 200 198
f 198 200 199
f 196 204 200
f 200 202 201
f 200 204 202
f 202 204 203
f 204 206 205
f 204 266 206
f 206 266 207
f 208 100 209
f 209 101 210
f 210 102 211
f 211 103 212
f 212 104 213
f 213 105 214
f 214 106 215
f 215 107 216
f 216 108 217
f 217 109 218
f 218 110 219
f 219 111 220
f 220 112 221
f 221 113 222
f 222 114 223
f 223 115 224
f 224 116 225
f 225 117 226
f 226 118 227
f 227 119 228
f 228 120 229
f 229 121 230
f 186 208 209
f 184 209 213
f 168 184 221
f 209 210 211
f 209 211 213
f 211 212 213
f 213 214 215
f 184 213 221
f 213 215 217
f 215 216 217
f 213 217 221
f 217 218 219
f 217 219 221
f 219 220 221
f 221 222 223
f 221 223 225
f 223 224 225
f 221 225 229
f 225 226 227
f 225 227 229
f 227 228 229
f 221 229 470
f 229 230 464
f 267 232 231
f 268 233 232
f 269 234 233
f 270 235 234
f 271 236 235
f 272 237 236
f 273 238 237
f 274 239 238
f 275 240 239
f 276 241 240
f 277 242 241
f 278 243 242
f 279 244 243
f 280 245 244
f 281 246 245
f 282 247 246
f 283 248 247
f 284 249 248
f 285 250 249
f 286 251 250
f 266 267 231
f 267 268 232
f 268 269 233
f 269 270 234
f 270 271 235
f 271 272 236
f 272 273 237
f 273 274 238
f 274 275 239
f 275 276 240
f 276 277 241
f 277 278 242
f 204 270 266
f 266 268 267
f 266 270 268
f 268 270 269
f 204 278 270
f 270 272 271
f 270 274 272
f 159 294 204
f 272 274 273
f 270 278 274
f 274 276 275
f 274 278 276
f 276 278 277
f 278 279 243
f 279 280 244
f 280 281 245
f 281 282 246
f 282 283 247
f 283 284 248
f 284 285 249
f 285 286 250
f 286 287 251
f 278 280 279
f 278 282 280
f 204 294 278
f 280 282 281
f 278 286 282
f 282 284 283
f 282 286 284
f 284 286 285
f 278 294 286
f 159 505 1873
f 287 252 251
f 291 253 252
f 292 254 253
f 293 255 254
f 294 256 255
f 295 257 256
f 296 258 257
f 297 259 258
f 298 260 259
f 299 261 260
f 300 262 261
f 301 263 262
f 302 264 263
f 303 265 264
f 1820 1459 265
f 287 288 252
f 288 289 252
f 289 290 252
f 290 291 252
f 291 292 253
f 292 293 254
f 293 294 255
f 286 289 287
f 287 289 288
f 286 290 289
f 286 294 290
f 159 1873 294
f 290 294 291
f 291 294 292
f 292 294 293
f 294 295 256
f 295 296 257
f 296 297 258
f 297 298 259
f 298 299 260
f 299 300 261
f 300 301 262
f 301 302 263
f 302 303 264
f 303 1820 265
f 294 296 295
f 294 298 296
f 296 298 297
f 294 302 298
f 298 300 299
f 298 302 300
f 300 302 301
f 294 1826 302
f 302 1820 303
f 464 304 305
f 465 305 306
f 466 306 307
f 467 307 308
f 468 308 309
f 469 309 310
f 470 310 311
f 471 311 312
f 472 312 313
f 473 313 314
f 474 314 315
f 475 315 386
f 516 356 316
f 476 316 357
f 477 317 318
f 478 318 319
f 479 319 343
f 480 325 320
f 481 320 321
f 482 321 322
f 483 322 323
f 484 323 324
f 485 324 329
f 486 330 326
f 487 326 327
f 488 327 328
f 489 328 317
f 490 329 330
f 491 333 331
f 492 331 332
f 493 332 342
f 494 340 334
f 495 334 335
f 496 335 336
f 497 336 337
f 498 337 338
f 499 338 325
f 502 341 339
f 500 339 340
f 501 342 341
f 503 343 344
f 504 344 345
f 505 345 346
f 506 346 347
f 507 347 348
f 508 348 349
f 509 349 350
f 510 350 351
f 511 351 352
f 512 352 353
f 513 353 354
f 514 354 355
f 515 355 356
f 517 357 358
f 518 358 359
f 519 359 360
f 520 360 361
f 521 361 362
f 522 362 363
f 523 363 364
f 524 364 365
f 525 365 366
f 526 366 367
f 527 367 368
f 528 368 369
f 529 369 370
f 530 370 371
f 531 371 628
f 532 374 372
f 533 372 333
f 534 373 374
f 535 375 373
f 536 376 375
f 538 378 377
f 537 377 376
f 539 379 378
f 540 380 379
f 541 381 380
f 542 382 381
f 543 383 382
f 544 384 383
f 545 385 384
f 555 395 385
f 546 386 387
f 547 387 388
f 548 388 389
f 549 389 390
f 550 390 391
f 551 391 392
f 552 392 393
f 553 393 394
f 556 396 395
f 557 397 396
f 558 398 397
f 559 399 398
f 560 400 399
f 561 401 400
f 562 402 401
f 563 403 402
f 564 404 403
f 565 405 404
f 566 406 405
f 567 407 406
f 568 408 407
f 569 409 408
f 570 410 409
f 571 411 410
f 572 412 411
f 573 413 412
f 574 414 413
f 575 415 414
f 576 416 415
f 577 417 416
f 578 418 417
f 579 419 418
f 580 420 419
f 581 421 420
f 582 422 421
f 583 423 422
f 584 424 423
f 585 425 424
f 586 426 425
f 594 431 426
f 230 304 464
f 464 305 465
f 465 306 466
f 466 307 467
f 467 308 468
f 468 309 469
f 469 310 470
f 470 311 471
f 471 312 472
f 472 313 473
f 473 314 474
f 474 315 475
f 229 464 466
f 464 465 466
f 229 466 470
f 466 467 468
f 466 468 470
f 468 469 470
f 470 471 472
f 470 472 474
f 221 470 588
f 472 473 474
f 470 474 548
f 474 475 546
f 516 316 476
f 476 357 517
f 489 317 477
f 477 318 478
f 478 319 479
f 479 343 503
f 480 499 325
f 480 320 481
f 481 321 482
f 482 322 483
f 483 323 484
f 484 324 485
f 486 490 330
f 486 326 487
f 487 327 488
f 488 328 489
f 485 329 490
f 491 331 492
f 492 332 493
f 494 334 495
f 495 335 496
f 496 336 497
f 497 337 498
f 498 338 499
f 502 339 500
f 494 500 340
f 501 493 342
f 501 341 502
f 503 344 504
f 504 345 505
f 505 346 506
f 506 347 507
f 507 348 508
f 508 349 509
f 509 350 510
f 510 351 511
f 511 352 512
f 512 353 513
f 513 354 514
f 514 355 515
f 515 356 516
f 517 358 518
f 518 359 519
f 519 360 520
f 520 361 521
f 521 362 522
f 522 363 523
f 523 364 524
f 524 365 525
f 525 366 526
f 526 367 527
f 527 368 528
f 528 369 529
f 529 370 530
f 530 371 531
f 532 372 533
f 491 533 333
f 532 534 374
f 535 373 534
f 536 537 376
f 535 536 375
f 537 538 377
f 539 378 538
f 539 540 379
f 541 542 381
f 540 541 380
f 542 543 382
f 543 544 383
f 544 545 384
f 545 555 385
f 159 480 481
f 159 481 482
f 159 482 483
f 159 483 484
f 159 484 485
f 159 485 490
f 159 490 486
f 159 486 487
f 159 487 488
f 159 488 489
f 159 477 478
f 159 478 479
f 159 479 503
f 159 503 504
f 159 504 505
f 159 489 477
f 159 491 492
f 159 534 532
f 159 532 533
f 159 533 491
f 159 536 535
f 159 538 537
f 159 537 536
f 159 535 534
f 159 540 539
f 159 539 538
f 159 502 500
f 159 500 494
f 159 494 495
f 159 495 496
f 159 496 497
f 159 497 498
f 159 498 499
f 159 499 480
f 159 493 501
f 159 501 502
f 159 492 493
f 159 542 541
f 159 541 540
f 159 543 542
f 159 545 544
f 159 544 543
f 159 555 545
f 159 556 555
f 159 557 556
f 159 558 557
f 159 559 558
f 159 560 559
f 159 561 560
f 159 562 561
f 159 563 562
f 159 564 563
f 159 565 564
f 159 566 565
f 159 567 566
f 159 568 567
f 159 569 568
f 159 570 569
f 159 571 570
f 159 572 571
f 159 573 572
f 159 574 573
f 159 575 574
f 159 576 575
f 159 577 576
f 159 578 577
f 159 579 578
f 159 580 579
f 159 581 580
f 159 582 581
f 159 583 582
f 159 584 583
f 159 585 584
f 159 586 585
f 159 594 586
f 159 595 594
f 159 596 595
f 159 597 596
f 475 386 546
f 546 387 547
f 547 388 548
f 548 389 549
f 549 390 550
f 550 391 551
f 551 392 552
f 552 393 553
f 553 394 554
f 474 546 548
f 546 547 548
f 470 548 588
f 548 549 550
f 548 550 552
f 159 221 3242
f 550 551 552
f 548 552 588
f 552 553 554
f 552 554 588
f 555 556 395
f 556 557 396
f 557 558 397
f 558 559 398
f 559 560 399
f 560 561 400
f 561 562 401
f 562 563 402
f 564 403 563
f 564 565 404
f 565 566 405
f 566 567 406
f 567 568 407
f 568 569 408
f 569 570 409
f 570 571 410
f 571 572 411
f 572 573 412
f 573 574 413
f 574 575 414
f 575 576 415
f 576 577 416
f 577 578 417
f 578 579 418
f 579 580 419
f 580 581 420
f 581 582 421
f 582 583 422
f 583 584 423
f 584 585 424
f 585 586 425
f 586 594 426
f 159 598 597
f 159 599 598
f 159 600 599
f 159 601 600
f 159 602 601
f 159 603 602
f 159 604 603
f 159 605 604
f 159 606 605
f 159 607 606
f 159 608 607
f 159 617 608
f 159 618 617
f 159 619 618
f 159 620 619
f 159 621 620
f 159 622 621
f 159 623 622
f 159 624 623
f 554 394 427
f 587 427 428
f 588 428 429
f 589 429 430
f 593 430 446
f 595 432 431
f 596 433 432
f 597 434 433
f 598 435 434
f 599 436 435
f 600 437 436
f 601 438 437
f 602 439 438
f 603 440 439
f 604 441 440
f 605 442 441
f 606 443 442
f 607 444 443
f 608 445 444
f 617 454 445
f 609 446 447
f 610 447 448
f 611 448 449
f 612 449 450
f 613 450 451
f 614 451 452
f 615 452 453
f 616 453 2860
f 618 455 454
f 619 456 455
f 620 457 456
f 621 458 457
f 622 459 458
f 623 460 459
f 624 461 460
f 625 462 461
f 627 463 462
f 554 427 587
f 587 428 588
f 588 429 589
f 589 430 590
f 590 430 591
f 591 430 592
f 592 430 593
f 554 587 588
f 588 589 590
f 588 590 609
f 221 588 3242
f 590 591 609
f 591 592 609
f 592 593 609
f 594 595 431
f 595 596 432
f 596 597 433
f 597 598 434
f 598 599 435
f 599 600 436
f 600 601 437
f 601 602 438
f 602 603 439
f 603 604 440
f 604 605 441
f 605 606 442
f 606 607 443
f 607 608 444
f 608 617 445
f 159 625 624
f 159 626 625
f 593 446 609
f 609 447 610
f 610 448 611
f 611 449 612
f 612 450 613
f 613 451 614
f 614 452 615
f 615 453 616
f 588 609 3163
f 609 610 611
f 609 611 613
f 611 612 613
f 609 613 3163
f 613 614 615
f 613 615 3163
f 588 3163 3191
f 615 616 3163
f 617 618 454
f 618 619 455
f 619 620 456
f 620 621 457
f 621 622 458
f 622 623 459
f 623 624 460
f 624 625 461
f 625 626 462
f 626 627 462
f 627 3173 463
f 159 3242 626
f 626 3173 627
f 1035 628 629
f 1036 629 630
f 1037 630 631
f 1038 631 632
f 1039 632 633
f 1040 633 634
f 1041 634 635
f 1042 635 636
f 1043 636 637
f 1044 637 638
f 1045 638 639
f 1046 639 640
f 1047 640 641
f 1048 641 642
f 1049 642 643
f 1050 643 644
f 1051 644 645
f 1052 645 646
f 1053 646 647
f 1054 647 648
f 1055 648 649
f 1056 649 650
f 1057 650 651
f 1058 651 652
f 1059 652 653
f 1060 653 654
f 1061 654 655
f 1062 655 656
f 1063 656 657
f 1064 657 658
f 1065 658 659
f 1066 659 660
f 1067 660 661
f 1068 661 662
f 1069 662 663
f 1070 663 664
f 1071 664 665
f 1072 665 666
f 1073 666 667
f 1074 667 668
f 1075 668 669
f 1076 669 670
f 1077 670 671
f 1078 671 672
f 1079 672 673
f 1080 673 674
f 1081 674 675
f 1082 675 676
f 1083 676 677
f 1084 677 678
f 1085 678 679
f 1086 679 680
f 1087 680 681
f 1088 681 682
f 1089 682 683
f 1090 683 684
f 1091 684 685
f 1092 685 686
f 1093 686 687
f 1094 687 688
f 1095 688 689
f 1096 689 690
f 1097 690 691
f 1098 691 692
f 1099 692 693
f 1100 693 694
f 1101 694 695
f 1102 695 696
f 1103 696 697
f 1104 697 698
f 1105 698 699
f 1106 699 700
f 1107 700 701
f 1108 701 702
f 1109 702 703
f 1110 703 704
f 1111 704 705
f 1112 705 706
f 1113 706 707
f 1114 707 708
f 1115 708 709
f 1116 709 710
f 1117 710 711
f 1118 711 712
f 1119 712 713
f 1120 713 714
f 1121 714 715
f 1122 715 716
f 1123 716 717
f 1124 717 718
f 1125 718 719
f 1126 719 720
f 1127 720 721
f 1128 721 722
f 1129 722 723
f 1130 723 724
f 1131 724 725
f 1132 725 726
f 1133 726 727
f 1134 727 728
f 1135 728 729
f 1136 729 730
f 1137 730 731
f 1138 731 732
f 1139 732 733
f 1140 733 734
f 1141 734 735
f 1142 735 736
f 1143 736 737
f 1144 737 738
f 1145 738 739
f 1146 739 740
f 1147 740 741
f 1148 741 742
f 1149 742 743
f 1150 743 744
f 1151 744 745
f 1152 745 746
f 1153 746 747
f 1154 747 748
f 1155 748 749
f 1156 749 750
f 1157 750 751
f 1158 751 752
f 1159 752 753
f 1160 753 754
f 1161 754 755
f 1162 755 756
f 1163 756 757
f 1164 757 758
f 1165 758 759
f 1166 759 760
f 1167 760 761
f 1168 761 762
f 1169 762 763
f 1170 763 764
f 1171 764 765
f 1172 765 766
f 1173 766 767
f 1174 767 768
f 1175 768 769
f 1176 769 770
f 1177 770 771
f 1178 771 772
f 1179 772 773
f 1180 773 774
f 1181 774 775
f 1182 775 776
f 1183 776 777
f 1184 777 778
f 1185 778 779
f 1186 779 780
f 1187 780 781
f 1188 781 782
f 1189 782 783
f 1190 783 784
f 1191 784 785
f 1192 785 786
f 1193 786 787
f 1194 787 788
f 1195 788 789
f 1196 789 790
f 1197 790 791
f 1198 791 792
f 1199 792 793
f 1200 793 794
f 1201 794 795
f 1202 795 796
f 1203 796 797
f 1204 797 798
f 1205 798 799
f 1206 799 800
f 1207 800 801
f 1208 801 802
f 1209 802 803
f 1210 803 804
f 1211 804 805
f 1212 805 806
f 531 628 1035
f 1035 629 1036
f 1036 630 1037
f 1037 631 1038
f 1038 632 1039
f 1039 633 1040
f 1040 634 1041
f 1042 1041 635
f 1042 636 1043
f 1043 637 1044
f 1044 638 1045
f 1045 639 1046
f 1046 640 1047
f 1047 641 1048
f 1048 642 1049
f 1049 643 1050
f 1050 644 1051
f 1051 645 1052
f 1052 646 1053
f 1053 647 1054
f 1054 648 1055
f 1055 649 1056
f 1056 650 1057
f 1057 651 1058
f 1058 652 1059
f 1059 653 1060
f 1060 654 1061
f 1061 655 1062
f 1062 656 1063
f 1063 657 1064
f 1064 658 1065
f 1065 659 1066
f 1066 660 1067
f 1067 661 1068
f 1068 662 1069
f 1069 663 1070
f 1070 664 1071
f 1071 665 1072
f 1072 666 1073
f 1073 667 1074
f 1074 668 1075
f 1075 669 1076
f 1076 670 1077
f 1077 671 1078
f 1078 672 1079
f 1079 673 1080
f 1080 674 1081
f 1081 675 1082
f 1082 676 1083
f 1083 677 1084
f 1084 678 1085
f 1085 679 1086
f 1086 680 1087
f 1087 681 1088
f 1088 682 1089
f 1089 683 1090
f 1090 684 1091
f 1091 685 1092
f 1092 686 1093
f 1093 687 1094
f 1094 688 1095
f 1095 689 1096
f 1096 690 1097
f 1097 691 1098
f 1098 692 1099
f 1099 693 1100
f 1100 694 1101
f 1101 695 1102
f 1102 696 1103
f 1103 697 1104
f 1104 698 1105
f 1105 699 1106
f 1106 700 1107
f 1107 701 1108
f 1108 702 1109
f 1109 703 1110
f 1110 704 1111
f 1111 705 1112
f 1112 706 1113
f 1113 707 1114
f 1114 708 1115
f 1115 709 1116
f 1116 710 1117
f 1117 711 1118
f 1118 712 1119
f 1119 713 1120
f 1120 714 1121
f 1121 715 1122
f 1122 716 1123
f 1123 717 1124
f 1124 718 1125
f 1125 719 1126
f 1126 720 1127
f 1127 721 1128
f 1128 722 1129
f 1129 723 1130
f 1130 724 1131
f 1131 725 1132
f 1132 726 1133
f 1133 727 1134
f 1134 728 1135
f 1135 729 1136
f 1136 730 1137
f 1137 731 1138
f 1138 732 1139
f 1139 733 1140
f 1140 734 1141
f 1141 735 1142
f 1142 736 1143
f 1143 737 1144
f 1144 738 1145
f 1145 739 1146
f 1146 740 1147
f 1147 741 1148
f 1148 742 1149
f 1149 743 1150
f 1150 744 1151
f 1151 745 1152
f 1152 746 1153
f 1153 747 1154
f 1154 748 1155
f 1155 749 1156
f 1156 750 1157
f 1157 751 1158
f 1158 752 1159
f 1159 753 1160
f 1160 754 1161
f 1161 755 1162
f 1162 756 1163
f 1163 757 1164
f 1164 758 1165
f 1165 759 1166
f 1166 760 1167
f 1167 761 1168
f 1168 762 1169
f 1169 763 1170
f 1170 764 1171
f 1171 765 1172
f 1172 766 1173
f 1173 767 1174
f 1174 768 1175
f 1175 769 1176
f 506 507 1873
f 507 508 1873
f 508 509 1873
f 505 506 1873
f 509 510 1873
f 510 511 1873
f 516 476 1873
f 476 517 1873
f 517 518 1873
f 518 519 1873
f 511 512 1873
f 512 513 1873
f 513 514 1873
f 514 515 1873
f 515 516 1873
f 519 520 1873
f 520 521 1873
f 521 522 1873
f 522 523 1873
f 523 524 1873
f 524 525 1873
f 525 526 1873
f 526 527 1873
f 529 530 1873
f 527 528 1873
f 528 529 1873
f 530 531 1873
f 531 1035 1873
f 1035 1036 1873
f 1036 1037 1873
f 1106 1107 1258
f 1107 1108 1257
f 1108 1109 1259
f 1109 1110 1256
f 1110 1111 1255
f 1111 1112 1261
f 1113 1114 1262
f 1112 1113 1260
f 1114 1115 1265
f 1115 1116 1264
f 1117 1118 1267
f 1116 1117 1266
f 1118 1119 1269
f 1120 1121 1331
f 1119 1120 1270
f 1121 1122 1333
f 1122 1123 1334
f 1123 1124 1335
f 1125 1126 1338
f 1124 1125 1337
f 1127 1128 1341
f 1126 1127 1340
f 1128 1129 1343
f 1129 1130 1344
f 1130 1131 1346
f 1131 1132 1348
f 1132 1133 1349
f 1176 770 1177
f 1177 771 1178
f 1178 772 1179
f 1179 773 1180
f 1180 774 1181
f 1181 775 1182
f 1182 776 1183
f 1183 777 1184
f 1184 778 1185
f 1185 779 1186
f 1186 780 1187
f 1187 781 1188
f 1188 782 1189
f 1189 783 1190
f 1190 784 1191
f 1191 785 1192
f 1192 786 1193
f 1193 787 1194
f 1194 788 1195
f 1195 789 1196
f 1196 790 1197
f 1197 791 1198
f 1198 792 1199
f 1199 793 1200
f 1200 794 1201
f 1201 795 1202
f 1202 796 1203
f 1203 797 1204
f 1204 798 1205
f 1205 799 1206
f 1206 800 1207
f 1207 801 1208
f 1208 802 1209
f 1209 803 1210
f 1210 804 1211
f 1211 805 1212
f 1212 806 1213
f 1133 1134 1351
f 1134 1135 1353
f 1135 1136 1355
f 1136 1137 1357
f 1137 1138 1359
f 1138 1139 1361
f 1139 1140 1363
f 1140 1141 1365
f 1141 1142 1406
f 1142 1143 1408
f 1143 1144 1410
f 1144 1145 1412
f 1145 1146 1414
f 1146 1147 1416
f 1150 1151 1416
f 1149 1150 1416
f 1148 1149 1416
f 1147 1148 1416
f 1151 1152 1416
f 1153 1154 1416
f 1152 1153 1416
f 1156 1157 1416
f 1155 1156 1416
f 1154 1155 1416
f 1160 1161 1416
f 1159 1160 1416
f 1158 1159 1416
f 1157 1158 1416
f 1163 1164 1416
f 1162 1163 1416
f 1161 1162 1416
f 1165 1166 1416
f 1164 1165 1416
f 1166 1167 1416
f 1168 1169 1416
f 1167 1168 1416
f 1169 1170 1416
f 1170 1171 1416
f 1171 1172 1416
f 1172 1173 1416
f 1173 1174 1416
f 1175 1176 1416
f 1174 1175 1416
f 1176 1177 1416
f 1215 809 808
f 1216 808 813
f 1217 818 810
f 1218 810 811
f 1219 811 812
f 1220 812 807
f 1221 813 814
f 1222 814 815
f 1223 815 816
f 1224 816 817
f 1225 817 818
f 1226 826 819
f 1227 819 820
f 1228 820 821
f 1229 821 822
f 1230 822 823
f 1231 823 809
f 1232 824 825
f 1233 825 826
f 1234 830 827
f 1235 827 824
f 1236 831 828
f 1237 828 829
f 1238 829 830
f 1214 807 832
f 1239 832 833
f 1240 833 834
f 1241 834 835
f 1243 835 836
f 1242 836 837
f 1244 837 838
f 1245 838 839
f 1246 839 840
f 1247 840 841
f 1248 841 842
f 1249 842 843
f 1250 843 844
f 1251 844 845
f 1252 845 846
f 1253 846 877
f 1254 847 851
f 1256 848 847
f 1255 849 848
f 1257 852 850
f 1258 850 831
f 1259 851 852
f 1260 854 853
f 1261 853 849
f 1262 856 854
f 1265 857 855
f 1263 855 856
f 1264 858 857
f 1266 859 858
f 1267 860 859
f 1268 861 860
f 1269 862 861
f 1270 863 862
f 1284 877 864
f 1271 864 865
f 1272 865 866
f 1273 866 867
f 1274 867 868
f 1275 868 869
f 1276 869 870
f 1277 870 871
f 1278 871 872
f 1279 872 873
f 1280 873 874
f 1281 874 875
f 1282 875 876
f 1283 876 878
f 1285 878 879
f 1286 879 880
f 1287 880 881
f 1288 881 882
f 1289 882 883
f 1290 883 884
f 1291 884 885
f 1292 885 886
f 1293 886 887
f 1294 887 888
f 1295 888 889
f 1296 889 890
f 1297 890 891
f 1298 891 892
f 1299 892 893
f 1300 893 894
f 1301 894 895
f 1302 895 896
f 1303 896 897
f 1304 897 898
f 1305 898 899
f 1306 899 900
f 1307 900 901
f 1308 901 902
f 1309 902 903
f 1310 903 904
f 1311 904 905
f 1312 905 906
f 1313 906 907
f 1314 907 908
f 1315 908 909
f 1316 909 910
f 1317 910 911
f 1318 911 912
f 1319 912 913
f 1320 913 914
f 1321 914 915
f 1322 915 916
f 1323 916 917
f 1324 917 918
f 1325 918 919
f 1326 919 920
f 1327 920 921
f 1328 921 922
f 1329 922 923
f 1330 923 2187
f 1331 924 863
f 1332 925 924
f 1333 926 925
f 1334 927 926
f 1335 928 927
f 1336 929 928
f 1337 930 929
f 1338 931 930
f 1339 932 931
f 1340 933 932
f 1341 934 933
f 1342 935 934
f 1343 936 935
f 1344 937 936
f 1345 938 937
f 1346 939 938
f 1347 940 939
f 1348 941 940
f 1349 942 941
f 1350 943 942
f 1351 944 943
f 1352 945 944
f 1353 946 945
f 1354 947 946
f 1355 948 947
f 1356 949 948
f 1357 950 949
f 1358 951 950
f 1359 952 951
f 1360 953 952
f 1361 954 953
f 1362 955 954
f 1363 956 955
f 1364 957 956
f 1365 958 957
f 1366 959 958
f 1367 960 959
f 1406 999 960
f 1220 807 1214
f 1215 1231 809
f 1215 808 1216
f 1217 1225 818
f 1217 810 1218
f 1218 811 1219
f 1219 812 1220
f 1216 813 1221
f 1221 814 1222
f 1222 815 1223
f 1223 816 1224
f 1224 817 1225
f 1226 819 1227
f 1227 820 1228
f 1228 821 1229
f 1229 822 1230
f 1230 823 1231
f 1232 825 1233
f 1226 1233 826
f 1234 827 1235
f 1235 824 1232
f 1236 828 1237
f 1237 829 1238
f 1234 1238 830
f 1214 832 1239
f 1239 833 1240
f 1240 834 1241
f 1241 835 1243
f 1242 1243 836
f 1242 837 1244
f 1244 838 1245
f 1245 839 1246
f 1246 840 1247
f 1247 841 1248
f 1248 842 1249
f 1249 843 1250
f 1250 844 1251
f 1251 845 1252
f 1252 846 1253
f 1254 851 1259
f 1254 1256 847
f 1255 1261 849
f 1255 848 1256
f 1257 1259 852
f 1257 850 1258
f 1236 1258 831
f 1260 853 1261
f 1260 1262 854
f 1262 1263 856
f 1263 1265 855
f 1264 857 1265
f 1264 1266 858
f 1267 1268 860
f 1266 1267 859
f 1268 1269 861
f 1269 1270 862
f 1271 1284 864
f 1271 865 1272
f 1272 866 1273
f 1273 867 1274
f 1274 868 1275
f 1275 869 1276
f 1276 870 1277
f 1277 871 1278
f 1278 872 1279
f 1279 873 1280
f 1280 874 1281
f 1281 875 1282
f 1282 876 1283
f 1253 877 1284
f 1283 878 1285
f 1285 879 1286
f 1286 880 1287
f 1287 881 1288
f 1288 882 1289
f 1289 883 1290
f 1290 884 1291
f 1291 885 1292
f 1292 886 1293
f 1037 1038 1873
f 1038 1039 1873
f 1039 1040 1873
f 1040 1041 1873
f 1042 1873 1041
f 1042 1043 1873
f 1043 1044 1873
f 1044 1045 1873
f 1045 1046 1873
f 1046 1047 1873
f 1047 1048 1873
f 1048 1049 1873
f 1049 1050 1873
f 1050 1051 1873
f 1051 1052 1873
f 1052 1053 1873
f 1053 1054 1873
f 1054 1055 1873
f 1055 1056 1873
f 1056 1057 1873
f 1057 1058 1873
f 1058 1059 1873
f 1059 1060 1873
f 1060 1061 1873
f 1061 1062 1873
f 1062 1063 1873
f 1063 1064 1873
f 1064 1065 1873
f 1065 1066 1873
f 1066 1067 1873
f 1067 1068 1873
f 1068 1069 1873
f 1069 1070 1873
f 1070 1071 1873
f 1071 1072 1873
f 1072 1073 1873
f 1073 1074 1873
f 1074 1075 1873
f 1075 1076 1873
f 1076 1077 1873
f 1077 1078 1873
f 1078 1079 1873
f 1079 1080 1873
f 1080 1081 1873
f 1081 1082 1873
f 1082 1083 1873
f 1083 1084 1873
f 1084 1085 1873
f 1085 1086 1873
f 1086 1087 1873
f 1087 1088 1873
f 1088 1089 1873
f 1089 1090 1873
f 1090 1091 1873
f 1091 1092 1873
f 1092 1093 1873
f 1093 1094 1873
f 1094 1095 1873
f 1095 1096 1873
f 1096 1097 1873
f 1097 1098 1873
f 1098 1099 1873
f 1099 1100 1873
f 1100 1101 1873
f 1101 1102 1873
f 1102 1103 1873
f 1103 1104 1873
f 1104 1105 1873
f 1105 1106 1873
f 1106 1235 1232
f 1106 1232 1233
f 1106 1222 1223
f 1106 1223 1224
f 1106 1224 1225
f 1106 1225 1217
f 1106 1217 1218
f 1106 1218 1219
f 1106 1230 1231
f 1106 1231 1215
f 1106 1215 1216
f 1106 1216 1221
f 1106 1221 1222
f 1106 1233 1226
f 1106 1226 1227
f 1106 1227 1228
f 1106 1228 1229
f 1106 1229 1230
f 1106 1258 1236
f 1106 1236 1237
f 1106 1237 1238
f 1106 1238 1234
f 1106 1234 1235
f 1107 1257 1258
f 1108 1259 1257
f 1109 1254 1259
f 1110 1255 1256
f 1109 1256 1254
f 1111 1261 1255
f 1113 1262 1260
f 1112 1260 1261
f 1114 1263 1262
f 1114 1265 1263
f 1115 1264 1265
f 1116 1266 1264
f 1117 1267 1266
f 1118 1268 1267
f 1118 1269 1268
f 1119 1270 1269
f 1120 1331 1270
f 1121 1332 1331
f 1121 1333 1332
f 1122 1334 1333
f 1123 1335 1334
f 1124 1336 1335
f 1124 1337 1336
f 1293 887 1294
f 1294 888 1295
f 1295 889 1296
f 1296 890 1297
f 1297 891 1298
f 1298 892 1299
f 1299 893 1300
f 1300 894 1301
f 1301 895 1302
f 1302 896 1303
f 1303 897 1304
f 1304 898 1305
f 1305 899 1306
f 1306 900 1307
f 1307 901 1308
f 1308 902 1309
f 1309 903 1310
f 1310 904 1311
f 1311 905 1312
f 1312 906 1313
f 1313 907 1314
f 1314 908 1315
f 1315 909 1316
f 1316 910 1317
f 1317 911 1318
f 1318 912 1319
f 1319 913 1320
f 1320 914 1321
f 1321 915 1322
f 1322 916 1323
f 1323 917 1324
f 1324 918 1325
f 1325 919 1326
f 1326 920 1327
f 1327 921 1328
f 1328 922 1329
f 1329 923 1330
f 1330 2187 2513
f 1106 1219 1873
f 1219 1220 1873
f 1220 1214 1873
f 1214 1239 1873
f 1239 1240 1873
f 1240 1241 1873
f 1241 1243 1873
f 1244 1245 1873
f 1245 1246 1873
f 1242 1873 1243
f 1242 1244 1873
f 1247 1248 1873
f 1246 1247 1873
f 1248 1249 1873
f 1250 1251 1873
f 1249 1250 1873
f 1251 1252 1873
f 1271 1873 1284
f 1271 1272 1873
f 1272 1273 1873
f 1274 1275 1873
f 1273 1274 1873
f 1252 1253 1873
f 1253 1284 1873
f 1275 1276 1873
f 1276 1277 1873
f 1277 1278 1873
f 1278 1279 1873
f 1279 1280 1873
f 1280 1281 1873
f 1281 1282 1873
f 1282 1283 1873
f 1283 1285 1873
f 1285 1286 1873
f 1286 1287 1873
f 1287 1288 1873
f 1288 1289 1873
f 1289 1290 1873
f 1290 1291 1873
f 1291 1292 1873
f 1292 1293 1873
f 1293 1294 1873
f 1294 1295 1873
f 1331 1332 924
f 1270 1331 863
f 1332 1333 925
f 1333 1334 926
f 1334 1335 927
f 1335 1336 928
f 1336 1337 929
f 1337 1338 930
f 1338 1339 931
f 1339 1340 932
f 1340 1341 933
f 1341 1342 934
f 1342 1343 935
f 1343 1344 936
f 1344 1345 937
f 1345 1346 938
f 1346 1347 939
f 1347 1348 940
f 1348 1349 941
f 1349 1350 942
f 1350 1351 943
f 1351 1352 944
f 1352 1353 945
f 1353 1354 946
f 1354 1355 947
f 1355 1356 948
f 1356 1357 949
f 1357 1358 950
f 1358 1359 951
f 1359 1360 952
f 1360 1361 953
f 1361 1362 954
f 1362 1363 955
f 1363 1364 956
f 1364 1365 957
f 1365 1366 958
f 1366 1367 959
f 1367 1406 960
f 1125 1338 1337
f 1126 1339 1338
f 1126 1340 1339
f 1127 1341 1340
f 1128 1342 1341
f 1128 1343 1342
f 1129 1344 1343
f 1130 1345 1344
f 1130 1346 1345
f 1131 1347 1346
f 1131 1348 1347
f 1132 1349 1348
f 1133 1350 1349
f 1133 1351 1350
f 1134 1352 1351
f 1134 1353 1352
f 1135 1354 1353
f 1135 1355 1354
f 1136 1356 1355
f 1136 1357 1356
f 1137 1358 1357
f 1137 1359 1358
f 1138 1360 1359
f 1138 1361 1360
f 1139 1362 1361
f 1139 1363 1362
f 1140 1364 1363
f 1140 1365 1364
f 1141 1366 1365
f 1141 1367 1366
f 1141 1406 1367
f 1142 1407 1406
f 1142 1408 1407
f 1143 1409 1408
f 1143 1410 1409
f 1144 1411 1410
f 1144 1412 1411
f 1145 1413 1412
f 1145 1414 1413
f 1146 1415 1414
f 1146 1416 1415
f 1213 806 961
f 1368 961 962
f 1369 962 963
f 1370 963 964
f 1371 964 965
f 1372 965 966
f 1373 966 967
f 1374 967 968
f 1375 968 969
f 1376 969 970
f 1377 970 971
f 1378 971 972
f 1379 972 973
f 1380 973 974
f 1381 974 975
f 1382 975 976
f 1383 976 977
f 1384 977 978
f 1385 978 979
f 1386 979 980
f 1387 980 981
f 1388 981 982
f 1389 982 983
f 1390 983 984
f 1391 984 985
f 1392 985 986
f 1393 986 987
f 1394 987 988
f 1395 988 989
f 1396 989 990
f 1397 990 991
f 1398 991 992
f 1399 992 993
f 1400 993 994
f 1401 994 995
f 1402 995 996
f 1403 996 997
f 1404 997 998
f 1405 998 3466
f 1213 961 1368
f 1368 962 1369
f 1369 963 1370
f 1370 964 1371
f 1371 965 1372
f 1372 966 1373
f 1373 967 1374
f 1374 968 1375
f 1375 969 1376
f 1376 970 1377
f 1377 971 1378
f 1378 972 1379
f 1379 973 1380
f 1380 974 1381
f 1381 975 1382
f 1382 976 1383
f 1383 977 1384
f 1177 1178 4289
f 1178 1179 4278
f 1179 1180 4276
f 1181 1182 4276
f 1180 1181 4276
f 1182 1183 4276
f 1183 1184 4276
f 1184 1185 4276
f 1185 1186 4276
f 1186 1187 4276
f 1187 1188 4276
f 1188 1189 4276
f 1189 1190 4276
f 1190 1191 4276
f 1191 1192 4276
f 1192 1193 4276
f 1193 1194 4276
f 1194 1195 4276
f 1195 1196 4276
f 1196 1197 4276
f 1197 1198 4276
f 1198 1199 4276
f 1199 1200 4276
f 1200 1201 4276
f 1201 1202 4276
f 1202 1203 4276
f 1203 1204 4276
f 1204 1205 4276
f 1205 1206 4276
f 1206 1207 4276
f 1207 1208 4276
f 1208 1209 4276
f 1209 1210 4276
f 1177 4289 1416
f 1210 1211 4276
f 1211 1212 4276
f 1375 1376 1395
f 1212 1213 4276
f 1376 1377 1395
f 1213 1368 4276
f 1368 1369 4276
f 1377 1378 1395
f 1369 1370 4276
f 1378 1379 1395
f 1370 1371 4276
f 1383 1384 1385
f 1382 1383 1387
f 1379 1380 1395
f 1371 1372 4276
f 1384 978 1385
f 1385 979 1386
f 1386 980 1387
f 1387 981 1388
f 1388 982 1389
f 1389 983 1390
f 1390 984 1391
f 1391 985 1392
f 1392 986 1393
f 1393 987 1394
f 1394 988 1395
f 1395 989 1396
f 1396 990 1397
f 1397 991 1398
f 1398 992 1399
f 1399 993 1400
f 1400 994 1401
f 1401 995 1402
f 1402 996 1403
f 1403 997 1404
f 1404 998 1405
f 1405 3466 4223
f 1372 1373 4276
f 1380 1381 1395
f 1383 1385 1387
f 1381 1382 1395
f 1373 1374 4276
f 1385 1386 1387
f 1374 1375 4276
f 1382 1387 1395
f 1387 1388 1389
f 1387 1389 1391
f 1389 1390 1391
f 1178 4278 4279
f 1178 4279 4280
f 1178 4280 4281
f 1387 1391 1395
f 1179 4276 4277
f 1179 4277 4278
f 1178 4281 4282
f 1178 4282 4283
f 1178 4283 4284
f 1178 4284 4285
f 1178 4285 4286
f 1178 4286 4287
f 1178 4287 4288
f 1178 4288 4289
f 1391 1392 1393
f 1391 1393 1395
f 1375 1395 4276
f 1393 1394 1395
f 1395 1396 1397
f 1395 1397 1399
f 1397 1398 1399
f 1395 1399 1403
f 1399 1400 1401
f 1399 1401 1403
f 1401 1402 1403
f 1395 1403 4228
f 1403 1404 1405
f 1403 1405 4224
f 1416 4291 4292
f 1416 4290 4291
f 1416 4289 4290
f 1416 4292 4293
f 1416 4293 4294
f 1416 4297 4298
f 1416 4296 4297
f 1416 4295 4296
f 1416 4294 4295
f 1416 4306 4307
f 1416 4305 4306
f 1416 4304 4305
f 1416 4303 4304
f 1416 4302 4303
f 1416 4301 4302
f 1416 4300 4301
f 1416 4299 4300
f 1416 4298 4299
f 1416 4307 4308
f 1416 4317 4318
f 1416 4316 4317
f 1416 4315 4316
f 1416 4314 4315
f 1416 4313 4314
f 1416 4312 4313
f 1416 4311 4312
f 1416 4310 4311
f 1416 4309 4310
f 1416 4308 4309
f 1416 4318 4319
f 1416 4320 4321
f 1416 4319 4320
f 1416 4321 4322
f 1416 4326 4327
f 1416 4325 4326
f 1416 4324 4325
f 1416 4323 4324
f 1416 4322 4323
f 1416 4335 4336
f 1416 4334 4335
f 1416 4333 4334
f 1416 4332 4333
f 1416 4331 4332
f 1416 4330 4331
f 1416 4329 4330
f 1416 4328 4329
f 1416 4327 4328
f 1416 4336 4337
f 1416 4343 4344
f 1416 4342 4343
f 1416 4341 4342
f 1416 4340 4341
f 1416 4339 4340
f 1416 4338 4339
f 1416 4337 4338
f 1416 4347 4348
f 1416 4346 4347
f 1416 4345 4346
f 1416 4344 4345
f 1407 1000 999
f 1408 1001 1000
f 1409 1002 1001
f 1410 1003 1002
f 1411 1004 1003
f 1412 1005 1004
f 1413 1006 1005
f 1414 1007 1006
f 1415 1008 1007
f 1416 1009 1008
f 1417 1010 1009
f 1418 1011 1010
f 1419 1012 1011
f 1420 1013 1012
f 1422 1014 1013
f 1423 1015 1014
f 1424 1016 1015
f 1425 1017 1016
f 1426 1018 1017
f 1427 1019 1018
f 1428 1020 1019
f 1429 1021 1020
f 1430 1022 1021
f 1431 1023 1022
f 1432 1024 1023
f 1433 1025 1024
f 1434 1026 1025
f 1435 1027 1026
f 1436 1028 1027
f 1437 1029 1028
f 1438 1030 1029
f 1439 1031 1030
f 1440 1032 1031
f 1441 1033 1032
f 1442 1034 1033
f 4611 3853 1034
f 1406 1407 999
f 1407 1408 1000
f 1408 1409 1001
f 1409 1410 1002
f 1410 1411 1003
f 1411 1412 1004
f 1412 1413 1005
f 1413 1414 1006
f 1414 1415 1007
f 1415 1416 1008
f 1416 1417 1009
f 1417 1418 1010
f 1418 1419 1011
f 1419 1420 1012
f 1420 1421 1013
f 1421 1422 1013
f 1422 1423 1014
f 1420 1423 1421
f 1419 1427 1420
f 1421 1423 1422
f 1423 1424 1015
f 1424 1425 1016
f 1425 1426 1017
f 1426 1427 1018
f 1427 1428 1019
f 1428 1429 1020
f 1429 1430 1021
f 1430 1431 1022
f 1431 1432 1023
f 1432 1433 1024
f 1433 1434 1025
f 1434 1435 1026
f 1435 1436 1027
f 1436 1437 1028
f 1437 1438 1029
f 1438 1439 1030
f 1439 1440 1031
f 1440 1441 1032
f 1441 1442 1033
f 1442 4611 1034
f 1420 1427 1423
f 1423 1425 1424
f 1423 1427 1425
f 1416 4627 1417
f 1425 1427 1426
f 1417 4627 1418
f 1418 4627 1419
f 1427 1429 1428
f 1427 1431 1429
f 1429 1431 1430
f 1427 1435 1431
f 1419 4627 1427
f 1416 4348 4376
f 1416 4376 4627
f 1431 1433 1432
f 1431 1435 1433
f 1433 1435 1434
f 1427 4611 1435
f 1435 1437 1436
f 1435 1439 1437
f 1437 1439 1438
f 1435 4611 1439
f 1439 1441 1440
f 1427 4627 4611
f 1439 4611 1441
f 1441 4611 1442
f 1821 1460 1459
f 1822 1461 1460
f 1823 1462 1461
f 1824 1463 1462
f 1825 1464 1463
f 1826 1465 1464
f 1827 1466 1465
f 1828 1467 1466
f 1829 1468 1467
f 1830 1469 1468
f 1831 1470 1469
f 1832 1471 1470
f 1833 1472 1471
f 1834 1473 1472
f 1835 1474 1473
f 1836 1475 1474
f 1837 1476 1475
f 1838 1477 1476
f 1839 1478 1477
f 1840 1479 1478
f 1841 1480 1479
f 1842 1481 1480
f 1843 1482 1481
f 1844 1483 1482
f 1845 1484 1483
f 1846 1485 1484
f 1847 1486 1485
f 1848 1487 1486
f 1849 1488 1487
f 1850 1489 1488
f 1851 1490 1489
f 1852 1491 1490
f 1853 1492 1491
f 1854 1493 1492
f 1855 1494 1493
f 1856 1495 1494
f 1857 1496 1495
f 1858 1497 1496
f 1859 1498 1497
f 1860 1499 1498
f 1861 1500 1499
f 1862 1501 1500
f 1863 1502 1501
f 1864 1503 1502
f 1865 1504 1503
f 1866 1505 1504
f 1867 1506 1505
f 1868 1507 1506
f 1869 1509 1507
f 1871 1510 1508
f 1870 1508 1509
f 1872 1513 1510
f 1873 1511 1512
f 1874 1512 1513
f 1875 1514 1511
f 1878 1517 1515
f 1876 1515 1516
f 1877 1516 1514
f 1883 1521 1517
f 1879 1522 1518
f 1880 1518 1519
f 1881 1519 1520
f 1882 1520 1521
f 1884 1523 1522
f 1888 1526 1523
f 1885 1529 1524
f 1886 1524 1525
f 1887 1525 1526
f 1889 1527 1528
f 1890 1528 1529
f 1892 1532 1530
f 1891 1530 1527
f 1893 1533 1531
f 1894 1531 1532
f 1897 1536 1534
f 1895 1534 1535
f 1896 1535 1533
f 1898 1538 1536
f 1900 1539 1537
f 1899 1537 1538
f 1901 1540 1539
f 1902 1541 1540
f 1903 1542 1541
f 1904 1543 1542
f 1905 1544 1543
f 1906 1545 1544
f 1907 1546 1545
f 1908 1547 1546
f 1909 1548 1547
f 1910 1549 1548
f 1911 1550 1549
f 1912 1551 1550
f 1913 1552 1551
f 1914 1553 1552
f 1915 1554 1553
f 1916 1555 1554
f 1917 1556 1555
f 1918 1557 1556
f 1919 1558 1557
f 1920 1559 1558
f 1921 1560 1559
f 1922 1561 1560
f 1923 1562 1561
f 1924 1563 1562
f 1925 1564 1563
f 1926 1565 1564
f 1927 1566 1565
f 1928 1567 1566
f 1929 1568 1567
f 1930 1569 1568
f 1931 1570 1569
f 1932 1571 1570
f 1933 1572 1571
f 1934 1573 1572
f 1935 1574 1573
f 1936 1575 1574
f 1937 1576 1575
f 1820 1821 1459
f 1821 1822 1460
f 1822 1823 1461
f 1823 1824 1462
f 1824 1825 1463
f 1825 1826 1464
f 1826 1827 1465
f 1827 1828 1466
f 1828 1829 1467
f 1829 1830 1468
f 1830 1831 1469
f 1831 1832 1470
f 1832 1833 1471
f 1833 1834 1472
f 302 1822 1820
f 1820 1822 1821
f 302 1826 1822
f 1822 1824 1823
f 294 1842 1826
f 1822 1826 1824
f 1824 1826 1825
f 1826 1828 1827
f 1826 1830 1828
f 1828 1830 1829
f 1826 1834 1830
f 294 1873 1842
f 1830 1832 1831
f 1830 1834 1832
f 1832 1834 1833
f 1826 1842 1834
f 1834 1835 1473
f 1835 1836 1474
f 1836 1837 1475
f 1837 1838 1476
f 1838 1839 1477
f 1839 1840 1478
f 1840 1841 1479
f 1841 1842 1480
f 1842 1843 1481
f 1843 1844 1482
f 1844 1845 1483
f 1845 1846 1484
f 1846 1847 1485
f 1847 1848 1486
f 1848 1849 1487
f 1849 1850 1488
f 1850 1851 1489
f 1851 1852 1490
f 1852 1853 1491
f 1853 1854 1492
f 1854 1855 1493
f 1855 1856 1494
f 1856 1857 1495
f 1857 1858 1496
f 1858 1859 1497
f 1859 1860 1498
f 1860 1861 1499
f 1861 1862 1500
f 1862 1863 1501
f 1863 1864 1502
f 1864 1865 1503
f 1865 1866 1504
f 1866 1867 1505
f 1867 1868 1506
f 1869 1507 1868
f 1870 1871 1508
f 1869 1870 1509
f 1872 1874 1513
f 1871 1872 1510
f 1875 1511 1873
f 1873 1512 1874
f 1875 1877 1514
f 1876 1878 1515
f 1876 1516 1877
f 1878 1883 1517
f 1879 1884 1522
f 1879 1518 1880
f 1880 1519 1881
f 1881 1520 1882
f 1882 1521 1883
f 1884 1888 1523
f 1885 1524 1886
f 1886 1525 1887
f 1887 1526 1888
f 1889 1528 1890
f 1885 1890 1529
f 1891 1892 1530
f 1891 1527 1889
f 1892 1894 1532
f 1893 1896 1533
f 1893 1531 1894
f 1895 1897 1534
f 1895 1535 1896
f 1898 1536 1897
f 1898 1899 1538
f 1899 1900 1537
f 1901 1539 1900
f 1901 1902 1540
f 1903 1904 1542
f 1902 1903 1541
f 1904 1905 1543
f 1905 1906 1544
f 1906 1907 1545
f 1907 1908 1546
f 1908 1909 1547
f 1909 1910 1548
f 1910 1911 1549
f 1911 1912 1550
f 1912 1913 1551
f 1913 1914 1552
f 1914 1915 1553
f 1834 1836 1835
f 1834 1838 1836
f 1836 1838 1837
f 1834 1842 1838
f 1838 1840 1839
f 1838 1842 1840
f 1840 1842 1841
f 1842 1844 1843
f 1842 1846 1844
f 1844 1846 1845
f 1842 1850 1846
f 1846 1848 1847
f 1846 1850 1848
f 1848 1850 1849
f 1842 1858 1850
f 1850 1852 1851
f 1850 1854 1852
f 1852 1854 1853
f 1842 1873 1858
f 1850 1858 1854
f 1854 1856 1855
f 1854 1858 1856
f 1856 1858 1857
f 1858 1860 1859
f 1858 1862 1860
f 1860 1862 1861
f 1858 1866 1862
f 1862 1864 1863
f 1862 1866 1864
f 1858 1873 1866
f 1864 1866 1865
f 1866 1868 1867
f 1866 1870 1868
f 1869 1868 1870
f 1866 1873 1870
f 1870 1872 1871
f 1870 1873 1872
f 1872 1873 1874
f 1875 1873 1877
f 1876 1877 1878
f 1873 1878 1877
f 1873 1880 1878
f 1879 1880 1884
f 1880 1881 1882
f 1878 1882 1883
f 1878 1880 1882
f 1873 1889 1880
f 1880 1887 1884
f 1885 1886 1887
f 1884 1887 1888
f 1885 1887 1889
f 1880 1889 1887
f 1885 1889 1890
f 1891 1889 1892
f 1889 1893 1892
f 1892 1893 1894
f 1889 1898 1893
f 1873 1906 1889
f 1893 1895 1896
f 1893 1898 1895
f 1895 1898 1897
f 1898 1900 1899
f 1898 1902 1900
f 1889 1906 1898
f 1901 1900 1902
f 1898 1906 1902
f 1902 1904 1903
f 1902 1906 1904
f 1904 1906 1905
f 1906 1908 1907
f 1906 1910 1908
f 1908 1910 1909
f 1906 1914 1910
f 1910 1912 1911
f 1910 1914 1912
f 1912 1914 1913
f 1915 1916 1554
f 1916 1917 1555
f 1917 1918 1556
f 1918 1919 1557
f 1919 1920 1558
f 1920 1921 1559
f 1921 1922 1560
f 1922 1923 1561
f 1923 1924 1562
f 1924 1925 1563
f 1925 1926 1564
f 1926 1927 1565
f 1927 1928 1566
f 1928 1929 1567
f 1929 1930 1568
f 1930 1931 1569
f 1931 1932 1570
f 1932 1933 1571
f 1933 1934 1572
f 1934 1935 1573
f 1935 1936 1574
f 1936 1937 1575
f 1937 2608 1576
f 1914 1916 1915
f 1906 1922 1914
f 1914 1918 1916
f 1916 1918 1917
f 1914 1922 1918
f 1918 1920 1919
f 1918 1922 1920
f 1920 1922 1921
f 1873 2608 1906
f 1922 1924 1923
f 1922 1926 1924
f 1924 1926 1925
f 1906 2608 1922
f 1922 1930 1926
f 1926 1928 1927
f 1926 1930 1928
f 1928 1930 1929
f 1922 2608 1930
f 1930 1932 1931
f 1930 1934 1932
f 1932 1934 1933
f 1930 2608 1934
f 1934 1936 1935
f 1934 2608 1936
f 1936 2608 1937
f 1948 1586 1577
f 1961 1599 1578
f 1939 1578 1579
f 1941 1585 1580
f 1942 1580 1581
f 1943 1581 1582
f 1944 1582 1583
f 1945 1583 1584
f 1946 1579 1585
f 1947 1597 1586
f 1952 1591 1587
f 1949 1588 1589
f 1950 1589 1590
f 1951 1590 1591
f 1953 1587 1592
f 1954 1592 1593
f 1955 1593 1594
f 1956 1594 1595
f 1957 1595 1596
f 1958 1596 1597
f 1940 1584 1598
f 1959 1598 1588
f 1960 1603 1599
f 1962 1606 1600
f 1963 1600 1601
f 1964 1601 1602
f 1965 1602 1603
f 1966 1604 1605
f 1967 1605 1606
f 1972 1610 1607
f 1968 1607 1604
f 1969 1612 1608
f 1970 1608 1609
f 1971 1609 1610
f 1973 1611 1612
f 1976 1615 1613
f 1979 1617 1614
f 1975 1614 1615
f 1977 1618 1616
f 1978 1616 1617
f 1980 1621 1619
f 1981 1619 1618
f 1991 1631 1620
f 1982 1620 1621
f 1983 1625 1622
f 1984 1622 1611
f 1987 1626 1623
f 1985 1623 1624
f 1986 1624 1625
f 1988 1629 1627
f 1989 1627 1626
f 1974 1613 1628
f 1990 1628 1629
f 1994 1632 1630
f 1992 1630 1631
f 1993 1633 1632
f 1995 1636 1634
f 1996 1634 1633
f 1997 1635 1636
f 1999 1637 1635
f 1998 1639 1637
f 2000 1638 1639
f 2001 1640 1638
f 2002 1642 1640
f 2003 1641 1642
f 2005 1643 1641
f 2004 1644 1643
f 2006 1645 1644
f 2008 1646 1645
f 2007 1647 1646
f 2009 1648 1647
f 2011 1649 1648
f 2010 1650 1649
f 2013 1651 1650
f 2012 1653 1651
f 2015 1655 1652
f 2014 1652 1653
f 2018 1657 1654
f 2016 1654 1655
f 2017 1656 1657
f 2020 1659 1656
f 2022 1661 1658
f 2019 1658 1659
f 2021 1660 1661
f 2025 1663 1660
f 2023 1664 1662
f 2024 1662 1663
f 2026 1665 1664
f 2027 1668 1665
f 2028 1670 1666
f 2029 1666 1667
f 2030 1667 1668
f 2031 1669 1670
f 2032 1678 1671
f 2033 1671 1672
f 2034 1672 1673
f 1938 1577 1674
f 2035 1674 1675
f 2036 1675 1676
f 2037 1676 1677
f 2038 1677 1678
f 2039 1673 1679
f 2040 1679 1680
f 2041 1680 1687
f 2047 1686 1681
f 2042 1681 1682
f 2043 1682 1683
f 2044 1683 1684
f 2045 1684 1685
f 2049 1688 1686
f 2048 1687 1688
f 2050 1692 1689
f 2051 1689 1690
f 2046 1685 1691
f 2053 1691 1692
f 2052 1690 1693
f 2054 1693 1694
f 2055 1694 1695
f 2056 1695 1696
f 2057 1696 1697
f 2059 1699 1698
f 2060 1698 1700
f 2061 1700 1701
f 2058 1697 1702
f 2063 1702 1699
f 2062 1701 1703
f 2064 1703 1704
f 2065 1704 1705
f 2066 1705 1706
f 2067 1706 1707
f 2068 1707 1708
f 2069 1708 1709
f 2070 1709 1710
f 2071 1710 1711
f 2072 1711 1712
f 2073 1712 1713
f 2074 1713 1714
f 2075 1714 1715
f 2076 1715 1716
f 2077 1716 1717
f 2078 1717 1718
f 2079 1718 1719
f 2080 1719 1720
f 2081 1720 1721
f 2082 1721 1722
f 2083 1722 1723
f 2084 1723 1724
f 2085 1724 1725
f 2086 1725 2334
f 2090 1729 1726
f 2087 1726 1669
f 2091 1730 1727
f 2088 1727 1728
f 2089 1728 1729
f 2093 1732 1730
f 2097 1735 1731
f 2092 1731 1732
f 2094 1737 1733
f 2095 1733 1734
f 2096 1734 1735
f 2098 1736 1737
f 2099 1742 1738
f 2100 1738 1739
f 2101 1739 1736
f 2102 1743 1740
f 2103 1740 1741
f 2104 1741 1742
f 2105 1745 1743
f 2106 1744 1745
f 2107 1750 1746
f 2108 1746 1747
f 2109 1747 1748
f 2110 1748 1744
f 2111 1749 1750
f 2116 1755 1751
f 2112 1751 1752
f 2113 1752 1753
f 2114 1753 1754
f 2115 1754 1749
f 2117 1763 1756
f 2118 1756 1757
f 2119 1757 1758
f 2120 1758 1759
f 2121 1759 1760
f 2122 1760 1755
f 2123 1764 1761
f 2124 1761 1762
f 2125 1762 1763
f 2129 1770 1765
f 2126 1765 1766
f 2127 1766 1767
f 2128 1767 1764
f 2130 1774 1768
f 2131 1768 1769
f 2132 1769 1770
f 2133 1771 1772
f 2134 1772 1773
f 2135 1773 1774
f 2138 1776 1775
f 2136 1775 1771
f 2137 1781 1776
f 2139 1782 1777
f 2140 1777 1778
f 2141 1778 1779
f 2142 1779 1780
f 2143 1780 1781
f 2144 1785 1782
f 2145 1787 1783
f 2146 1783 1784
f 2147 1784 1785
f 2148 1786 1787
f 2152 1790 1788
f 2149 1788 1786
f 2150 1791 1789
f 2151 1789 1790
f 2153 1792 1791
f 2154 1794 1792
f 2155 1793 1794
f 2157 1795 1793
f 2156 1796 1795
f 2158 1798 1796
f 2159 1797 1798
f 2160 1799 1797
f 2161 1800 1799
f 2162 1801 1800
f 2163 1802 1801
f 2164 1803 1802
f 2165 1804 1803
f 2166 1805 1804
f 2167 1806 1805
f 2168 1807 1806
f 2169 1808 1807
f 2170 1809 1808
f 2171 1810 1809
f 2172 1811 1810
f 2173 1812 1811
f 2174 1813 1812
f 2175 1814 1813
f 2176 1815 1814
f 2177 1816 1815
f 2178 1817 1816
f 2179 1818 1817
f 2180 1819 1818
f 1948 1577 1938
f 1961 1578 1939
f 1940 1945 1584
f 1941 1580 1942
f 1942 1581 1943
f 1943 1582 1944
f 1944 1583 1945
f 1939 1579 1946
f 1941 1946 1585
f 1947 1958 1597
f 1947 1586 1948
f 1959 1588 1949
f 1949 1589 1950
f 1950 1590 1951
f 1951 1591 1952
f 1952 1587 1953
f 1953 1592 1954
f 1954 1593 1955
f 1955 1594 1956
f 1956 1595 1957
f 1957 1596 1958
f 1940 1598 1959
f 1960 1965 1603
f 1960 1599 1961
f 1962 1967 1606
f 1962 1600 1963
f 1963 1601 1964
f 1964 1602 1965
f 1966 1605 1967
f 1968 1972 1607
f 1968 1604 1966
f 1969 1608 1970
f 1970 1609 1971
f 1971 1610 1972
f 1969 1973 1612
f 1974 1976 1613
f 1975 1979 1614
f 1975 1615 1976
f 1977 1616 1978
f 1978 1617 1979
f 1980 1619 1981
f 1977 1981 1618
f 1991 1620 1982
f 1980 1982 1621
f 1983 1622 1984
f 1984 1611 1973
f 1985 1987 1623
f 1985 1624 1986
f 1983 1986 1625
f 1989 1626 1987
f 1988 1627 1989
f 1974 1628 1990
f 1988 1990 1629
f 1992 1994 1630
f 1991 1992 1631
f 1993 1632 1994
f 1993 1996 1633
f 1995 1997 1636
f 1995 1634 1996
f 1997 1999 1635
f 1998 2000 1639
f 1998 1637 1999
f 2001 1638 2000
f 2002 2003 1642
f 2001 2002 1640
f 2003 2005 1641
f 2004 2006 1644
f 2004 1643 2005
f 2006 2008 1645
f 2007 2009 1647
f 2007 1646 2008
f 2009 2011 1648
f 2010 2013 1650
f 2010 1649 2011
f 2012 1651 2013
f 2015 1652 2014
f 2012 2014 1653
f 2016 2018 1654
f 2015 2016 1655
f 2017 2020 1656
f 2017 1657 2018
f 2019 2022 1658
f 2019 1659 2020
f 2021 2025 1660
f 2021 1661 2022
f 2023 1662 2024
f 2024 1663 2025
f 2023 2026 1664
f 2026 2027 1665
f 2027 2030 1668
f 2028 1666 2029
f 2029 1667 2030
f 2087 1669 2031
f 2028 2031 1670
f 2032 1671 2033
f 2033 1672 2034
f 1938 1674 2035
f 2035 1675 2036
f 2036 1676 2037
f 2037 1677 2038
f 2032 2038 1678
f 2034 1673 2039
f 2039 1679 2040
f 2040 1680 2041
f 2047 1681 2042
f 2042 1682 2043
f 2043 1683 2044
f 2044 1684 2045
f 2045 1685 2046
f 2047 2049 1686
f 2041 1687 2048
f 2048 1688 2049
f 2050 1689 2051
f 2051 1690 2052
f 2046 1691 2053
f 2050 2053 1692
f 2052 1693 2054
f 2054 1694 2055
f 2055 1695 2056
f 2056 1696 2057
f 2057 1697 2058
f 2059 1698 2060
f 2060 1700 2061
f 2061 1701 2062
f 2058 1702 2063
f 2059 2063 1699
f 2062 1703 2064
f 2064 1704 2065
f 2065 1705 2066
f 2066 1706 2067
f 2067 1707 2068
f 2068 1708 2069
f 2069 1709 2070
f 2070 1710 2071
f 2071 1711 2072
f 2072 1712 2073
f 2073 1713 2074
f 2074 1714 2075
f 2075 1715 2076
f 2076 1716 2077
f 2077 1717 2078
f 2078 1718 2079
f 2079 1719 2080
f 2080 1720 2081
f 2081 1721 2082
f 2082 1722 2083
f 2083 1723 2084
f 2084 1724 2085
f 2085 1725 2086
f 1948 1938 2035
f 1939 1943 1964
f 1940 1959 1945
f 1941 1942 1943
f 1943 1944 1945
f 1939 1941 1943
f 1959 1943 1945
f 1952 1964 1943
f 1939 1946 1941
f 1947 1948 1958
f 1948 2034 1952
f 1959 1949 1950
f 1950 1951 1952
f 1959 1950 1952
f 1952 1953 1954
f 1954 1955 1956
f 1956 1957 1958
f 1952 1954 1956
f 1948 1956 1958
f 1948 1952 1956
f 1959 1952 1943
f 1960 1961 1939
f 1960 1939 1964
f 1962 1963 1964
f 1960 1964 1965
f 1962 1964 1966
f 1952 1989 1964
f 1962 1966 1967
f 1968 1966 1972
f 1964 1970 1966
f 1969 1970 1973
f 1970 1971 1972
f 1966 1970 1972
f 1964 1989 1970
f 1970 1983 1973
f 1974 1990 1976
f 1975 1976 1979
f 1989 1977 1976
f 1977 1978 1979
f 1976 1977 1979
f 1977 1980 1981
f 1977 1991 1980
f 1989 1996 1977
f 1980 1991 1982
f 1983 1984 1973
f 1983 1985 1986
f 1983 1989 1985
f 1970 1989 1983
f 1985 1989 1987
f 1988 1989 1990
f 1989 1976 1990
f 1991 1994 1992
f 1977 1996 1991
f 1993 1994 1996
f 1991 1996 1994
f 1995 1996 1997
f 1996 1998 1997
f 1989 2010 1996
f 1997 1998 1999
f 1996 2003 1998
f 1998 2001 2000
f 1998 2003 2001
f 2001 2003 2002
f 1996 2010 2003
f 1989 2054 2098
f 2003 2004 2005
f 2003 2008 2004
f 2004 2008 2006
f 2007 2008 2009
f 2003 2010 2008
f 2008 2010 2009
f 2009 2010 2011
f 2010 2012 2013
f 2010 2015 2012
f 2012 2015 2014
f 2010 2020 2015
f 1989 2098 2010
f 2015 2018 2016
f 2017 2018 2020
f 2015 2020 2018
f 2010 2027 2020
f 2019 2020 2022
f 2021 2022 2025
f 2020 2025 2022
f 2020 2027 2025
f 2023 2024 2025
f 2023 2025 2027
f 2023 2027 2026
f 2010 2098 2027
f 2028 2029 2031
f 2027 2029 2030
f 2027 2031 2029
f 2027 2088 2031
f 2032 2033 2034
f 2032 2034 2037
f 2035 2036 2037
f 2032 2037 2038
f 1948 2035 2037
f 1948 2037 2034
f 2034 2039 2040
f 2040 2041 2048
f 2034 2040 2048
f 1952 2034 2054
f 2047 2042 2043
f 2043 2044 2045
f 2045 2046 2053
f 2043 2045 2053
f 2034 2043 2054
f 2047 2043 2048
f 2047 2048 2049
f 2034 2048 2043
f 2050 2051 2053
f 2051 2052 2054
f 2051 2054 2053
f 2043 2053 2054
f 2054 2055 2056
f 2056 2057 2058
f 2054 2056 2058
f 1952 2054 1989
f 2059 2060 2061
f 2061 2062 2064
f 2059 2058 2063
f 2059 2061 2058
f 2054 2058 2061
f 2061 2064 2066
f 2054 2061 2070
f 2064 2065 2066
f 2061 2066 2070
f 2066 2067 2068
f 2066 2068 2070
f 2068 2069 2070
f 2070 2071 2072
f 2070 2072 2074
f 2072 2073 2074
f 2070 2074 2078
f 2074 2075 2076
f 2054 2070 2086
f 2074 2076 2078
f 2076 2077 2078
f 2078 2079 2080
f 2070 2078 2086
f 2078 2080 2082
f 2080 2081 2082
f 2078 2082 2086
f 2082 2083 2084
f 2082 2084 2086
f 2084 2085 2086
f 2087 2090 1726
f 2088 2091 1727
f 2088 1728 2089
f 2089 1729 2090
f 2093 1730 2091
f 2092 2097 1731
f 2092 1732 2093
f 2094 2098 1737
f 2094 1733 2095
f 2095 1734 2096
f 2096 1735 2097
f 2101 1736 2098
f 2099 1738 2100
f 2100 1739 2101
f 2102 2105 1743
f 2102 1740 2103
f 2103 1741 2104
f 2099 2104 1742
f 2105 2106 1745
f 2107 2111 1750
f 2107 1746 2108
f 2108 1747 2109
f 2109 1748 2110
f 2110 1744 2106
f 2112 2116 1751
f 2112 1752 2113
f 2113 1753 2114
f 2114 1754 2115
f 2115 1749 2111
f 2116 2122 1755
f 2117 1756 2118
f 2118 1757 2119
f 2119 1758 2120
f 2120 1759 2121
f 2121 1760 2122
f 2123 1761 2124
f 2124 1762 2125
f 2117 2125 1763
f 2129 1765 2126
f 2126 1766 2127
f 2127 1767 2128
f 2123 2128 1764
f 2129 2132 1770
f 2130 2135 1774
f 2130 1768 2131
f 2131 1769 2132
f 2136 1771 2133
f 2133 1772 2134
f 2134 1773 2135
f 2136 2138 1775
f 2137 2143 1781
f 2137 1776 2138
f 2139 1777 2140
f 2140 1778 2141
f 2141 1779 2142
f 2142 1780 2143
f 2144 2147 1785
f 2139 2144 1782
f 2145 1783 2146
f 2146 1784 2147
f 2149 1786 2148
f 2145 2148 1787
f 2149 2152 1788
f 2150 1789 2151
f 2151 1790 2152
f 2153 2154 1792
f 2150 2153 1791
f 2154 2155 1794
f 2155 2157 1793
f 2156 1795 2157
f 2158 2159 1798
f 2156 2158 1796
f 2159 2160 1797
f 2160 2161 1799
f 2161 2162 1800
f 2162 2163 1801
f 2163 2164 1802
f 2164 2165 1803
f 2165 2166 1804
f 2166 2167 1805
f 2167 2168 1806
f 2168 2169 1807
f 2169 2170 1808
f 2170 2171 1809
f 2171 2172 1810
f 2172 2173 1811
f 2173 2174 1812
f 2174 2175 1813
f 2175 2176 1814
f 2176 2177 1815
f 2177 2178 1816
f 2178 2179 1817
f 2179 2180 1818
f 2180 2681 1819
f 2087 2031 2090
f 2088 2089 2090
f 2031 2088 2090
f 2027 2098 2088
f 2088 2093 2091
f 2092 2093 2097
f 2088 2097 2093
f 2088 2098 2097
f 2094 2095 2098
f 2095 2096 2097
f 2095 2097 2098
f 2099 2100 2104
f 2100 2101 2098
f 2100 2098 2104
f 2102 2103 2104
f 2102 2104 2106
f 2098 2106 2104
f 2102 2106 2105
f 2098 2113 2106
f 2107 2108 2109
f 2109 2110 2106
f 2107 2109 2106
f 2107 2106 2113
f 2107 2115 2111
f 2112 2113 2116
f 2113 2114 2115
f 2107 2113 2115
f 2113 2121 2116
f 2098 2132 2113
f 2117 2118 2119
f 2119 2120 2121
f 2116 2121 2122
f 2117 2119 2121
f 2113 2117 2121
f 2113 2132 2117
f 2123 2124 2128
f 2117 2124 2125
f 2117 2128 2124
f 2126 2127 2128
f 2126 2128 2132
f 2117 2132 2128
f 2129 2126 2132
f 2130 2131 2132
f 2130 2132 2134
f 2136 2133 2134
f 2130 2134 2135
f 2132 2137 2134
f 2136 2134 2137
f 2136 2137 2138
f 2139 2140 2144
f 2140 2141 2142
f 2137 2142 2143
f 2137 2140 2142
f 2137 2146 2140
f 2132 2146 2137
f 2098 2162 2132
f 2140 2146 2144
f 2145 2146 2148
f 2144 2146 2147
f 2146 2152 2148
f 2149 2148 2152
f 2132 2162 2146
f 2150 2151 2152
f 2150 2152 2154
f 2146 2154 2152
f 2150 2154 2153
f 2146 2162 2154
f 2154 2157 2155
f 2156 2157 2158
f 2154 2158 2157
f 2154 2162 2158
f 2158 2160 2159
f 2158 2162 2160
f 2160 2162 2161
f 2162 2164 2163
f 2162 2166 2164
f 2164 2166 2165
f 2162 2170 2166
f 2166 2168 2167
f 2166 2170 2168
f 2168 2170 2169
f 2170 2172 2171
f 2162 2178 2170
f 2170 2174 2172
f 2172 2174 2173
f 2170 2178 2174
f 2174 2176 2175
f 2174 2178 2176
f 2176 2178 2177
f 2178 2180 2179
f 2178 2682 2180
f 2513 2187 2188
f 2514 2188 2189
f 2515 2189 2190
f 2516 2190 2191
f 2517 2191 2192
f 2518 2192 2193
f 2519 2193 2194
f 2520 2194 2195
f 2521 2195 2196
f 2522 2196 2197
f 2523 2197 2198
f 2524 2198 2199
f 2525 2199 2200
f 2526 2200 2201
f 2527 2201 2202
f 2528 2202 2203
f 2529 2203 2204
f 2530 2204 2205
f 2531 2205 2206
f 2532 2206 2207
f 2533 2207 2208
f 2534 2208 2209
f 2535 2209 2210
f 2536 2210 2211
f 2537 2211 2212
f 2538 2212 2213
f 2539 2213 2214
f 2540 2214 2215
f 2541 2215 2216
f 2542 2216 2217
f 2543 2217 2218
f 2544 2218 2219
f 2545 2219 2220
f 2546 2220 2221
f 2547 2221 2222
f 2548 2222 2223
f 2549 2223 2224
f 2550 2224 2225
f 2551 2225 2226
f 2552 2226 2227
f 2553 2227 2228
f 2554 2228 2229
f 2555 2229 2230
f 2556 2230 2231
f 2557 2231 2232
f 2558 2232 2233
f 2559 2233 2234
f 2560 2234 2235
f 2561 2235 2236
f 2562 2236 2237
f 2563 2237 2238
f 2564 2238 2239
f 2565 2239 2240
f 2566 2240 2241
f 2567 2241 2242
f 2568 2242 2243
f 2569 2243 2244
f 2570 2244 2245
f 2571 2245 2246
f 2572 2246 2247
f 2573 2247 2248
f 2574 2248 2249
f 2575 2249 2250
f 2576 2250 2251
f 2577 2251 2252
f 2578 2252 2253
f 2579 2253 2254
f 2580 2254 2255
f 2581 2255 2256
f 2582 2256 2257
f 2583 2257 2258
f 2584 2258 2259
f 2585 2259 2260
f 2586 2260 2261
f 2587 2261 2262
f 2588 2262 2263
f 2589 2263 2264
f 2590 2264 2265
f 2591 2265 2266
f 2592 2266 2267
f 2593 2267 2268
f 2594 2268 2269
f 2595 2269 2270
f 2596 2270 2271
f 2597 2271 2272
f 2598 2272 2273
f 2599 2273 2274
f 2600 2274 2275
f 2601 2275 2276
f 2602 2276 2277
f 2603 2277 2278
f 2604 2278 2279
f 2605 2279 2280
f 2606 2280 2281
f 2608 2282 1576
f 2609 2283 2282
f 2610 2284 2283
f 2611 2285 2284
f 2612 2286 2285
f 2613 2287 2286
f 2614 2288 2287
f 2615 2289 2288
f 2616 2290 2289
f 2617 2291 2290
f 2618 2292 2291
f 2619 2293 2292
f 2607 2281 2294
f 2620 2294 2295
f 2621 2295 2296
f 2622 2296 2297
f 2623 2297 2298
f 2624 2298 2299
f 2625 2299 2300
f 2626 2300 2301
f 2627 2301 2302
f 2628 2302 2303
f 2629 2303 2304
f 2630 2304 2305
f 2631 2305 2306
f 2632 2306 2307
f 2633 2307 2308
f 2634 2308 2309
f 2635 2309 2310
f 2636 2310 2311
f 2637 2311 2312
f 2638 2312 2313
f 2639 2313 2314
f 2640 2314 2315
f 2641 2315 2316
f 2642 2316 2317
f 2643 2317 2318
f 2644 2318 2319
f 2645 2319 2320
f 2646 2320 2321
f 2647 2321 2322
f 2648 2322 2323
f 2649 2323 2324
f 2650 2324 2402
f 2651 2325 2293
f 2652 2326 2325
f 2653 2327 2326
f 2654 2328 2327
f 2655 2329 2328
f 2656 2330 2329
f 2657 2331 2330
f 2658 2332 2331
f 2659 2333 2332
f 2513 2188 2514
f 2514 2189 2515
f 2515 2190 2516
f 2516 2191 2517
f 2517 2192 2518
f 2518 2193 2519
f 2519 2194 2520
f 2520 2195 2521
f 2521 2196 2522
f 2522 2197 2523
f 2523 2198 2524
f 2524 2199 2525
f 2525 2200 2526
f 2526 2201 2527
f 2527 2202 2528
f 2528 2203 2529
f 2529 2204 2530
f 2530 2205 2531
f 2531 2206 2532
f 2532 2207 2533
f 2533 2208 2534
f 2534 2209 2535
f 2535 2210 2536
f 2536 2211 2537
f 2537 2212 2538
f 2538 2213 2539
f 2539 2214 2540
f 2540 2215 2541
f 2541 2216 2542
f 2542 2217 2543
f 2543 2218 2544
f 2544 2219 2545
f 2545 2220 2546
f 2546 2221 2547
f 2547 2222 2548
f 2548 2223 2549
f 2549 2224 2550
f 2550 2225 2551
f 2551 2226 2552
f 2552 2227 2553
f 2553 2228 2554
f 2554 2229 2555
f 2555 2230 2556
f 2556 2231 2557
f 2557 2232 2558
f 2558 2233 2559
f 2559 2234 2560
f 2560 2235 2561
f 2561 2236 2562
f 2562 2237 2563
f 2563 2238 2564
f 2564 2239 2565
f 2565 2240 2566
f 2566 2241 2567
f 2567 2242 2568
f 2568 2243 2569
f 2569 2244 2570
f 2570 2245 2571
f 2571 2246 2572
f 2572 2247 2573
f 2573 2248 2574
f 2574 2249 2575
f 2575 2250 2576
f 2576 2251 2577
f 2577 2252 2578
f 2578 2253 2579
f 2579 2254 2580
f 2580 2255 2581
f 2581 2256 2582
f 2582 2257 2583
f 2583 2258 2584
f 2584 2259 2585
f 2585 2260 2586
f 2586 2261 2587
f 2587 2262 2588
f 2588 2263 2589
f 2589 2264 2590
f 2590 2265 2591
f 2591 2266 2592
f 2592 2267 2593
f 2593 2268 2594
f 2594 2269 2595
f 2595 2270 2596
f 2596 2271 2597
f 2597 2272 2598
f 2598 2273 2599
f 2599 2274 2600
f 2600 2275 2601
f 2601 2276 2602
f 2602 2277 2603
f 2603 2278 2604
f 2604 2279 2605
f 2605 2280 2606
f 2606 2281 2607
f 1295 1296 1873
f 1296 1297 1873
f 1297 1298 1873
f 1298 1299 1873
f 1299 1300 1873
f 1300 1301 1873
f 1301 1302 1873
f 1302 1303 1873
f 1303 1304 1873
f 1304 1305 1873
f 1305 1306 1873
f 1306 1307 1873
f 1307 1308 1873
f 1308 1309 1873
f 1309 1310 1873
f 1310 1311 1873
f 1311 1312 1873
f 1312 1313 1873
f 1313 1314 1873
f 1314 1315 1873
f 1315 1316 1873
f 1316 1317 1873
f 1317 1318 1873
f 1318 1319 1873
f 1319 1320 1873
f 1320 1321 1873
f 1321 1322 1873
f 1322 1323 1873
f 1323 1324 1873
f 1324 1325 1873
f 1325 1326 1873
f 1326 1327 1873
f 1327 1328 1873
f 1328 1329 1873
f 1329 1330 1873
f 1330 2513 1873
f 2513 2514 1873
f 2514 2515 1873
f 2515 2516 1873
f 2516 2517 1873
f 2517 2518 1873
f 2518 2519 1873
f 2519 2520 1873
f 2520 2521 1873
f 2521 2522 1873
f 2522 2523 1873
f 2523 2524 1873
f 2524 2525 1873
f 2525 2526 1873
f 2526 2527 1873
f 2527 2528 1873
f 2528 2529 1873
f 2529 2530 1873
f 2530 2531 1873
f 2531 2532 1873
f 2532 2533 1873
f 2533 2534 1873
f 2534 2535 1873
f 2535 2536 1873
f 2536 2537 1873
f 2538 2539 1873
f 2537 2538 1873
f 2539 2540 1873
f 2540 2541 1873
f 2541 2542 1873
f 2542 2543 1873
f 2608 2609 2282
f 2609 2610 2283
f 2610 2611 2284
f 2611 2612 2285
f 2612 2613 2286
f 2613 2614 2287
f 2614 2615 2288
f 2615 2616 2289
f 2616 2617 2290
f 2617 2618 2291
f 2618 2619 2292
f 2619 2651 2293
f 2543 2544 1873
f 2545 2546 1873
f 2544 2545 1873
f 2546 2547 1873
f 2547 2548 1873
f 2548 2549 1873
f 2549 2550 1873
f 2550 2551 1873
f 2551 2552 1873
f 2553 2554 1873
f 2552 2553 1873
f 2554 2555 1873
f 2555 2556 1873
f 2558 2559 1873
f 2557 2558 1873
f 2556 2557 1873
f 2559 2560 1873
f 2560 2561 1873
f 2561 2562 1873
f 2565 2566 1873
f 2564 2565 1873
f 2563 2564 1873
f 2562 2563 1873
f 2566 2567 1873
f 2569 2570 1873
f 2568 2569 1873
f 2567 2568 1873
f 2574 2575 1873
f 2573 2574 1873
f 2572 2573 1873
f 2571 2572 1873
f 2570 2571 1873
f 2576 2577 1873
f 2575 2576 1873
f 2578 2579 1873
f 2577 2578 1873
f 2584 2585 1873
f 2583 2584 1873
f 2582 2583 1873
f 2581 2582 1873
f 2580 2581 1873
f 2579 2580 1873
f 2587 2588 1873
f 2586 2587 1873
f 2585 2586 1873
f 2589 2590 1873
f 2588 2589 1873
f 2590 2591 1873
f 2593 2594 1873
f 2592 2593 1873
f 2591 2592 1873
f 2596 2597 1873
f 2595 2596 1873
f 2594 2595 1873
f 2597 2598 1873
f 2598 2599 1873
f 2600 2601 1873
f 2599 2600 1873
f 2602 2603 1873
f 2601 2602 1873
f 2603 2604 1873
f 2605 2606 1873
f 2604 2605 1873
f 2606 2607 1873
f 2607 2620 1873
f 2620 2621 1873
f 2621 2622 1873
f 2622 2623 1873
f 2623 2624 1873
f 2624 2625 1873
f 2608 2610 2609
f 2608 2612 2610
f 2610 2612 2611
f 2608 2616 2612
f 2612 2614 2613
f 2612 2616 2614
f 2614 2616 2615
f 2608 2655 2616
f 2616 2618 2617
f 2616 2651 2618
f 2618 2651 2619
f 2607 2294 2620
f 2620 2295 2621
f 2621 2296 2622
f 2622 2297 2623
f 2623 2298 2624
f 2624 2299 2625
f 2625 2300 2626
f 2626 2301 2627
f 2627 2302 2628
f 2628 2303 2629
f 2629 2304 2630
f 2630 2305 2631
f 2631 2306 2632
f 2632 2307 2633
f 2633 2308 2634
f 2634 2309 2635
f 2635 2310 2636
f 2636 2311 2637
f 2637 2312 2638
f 2638 2313 2639
f 2639 2314 2640
f 2640 2315 2641
f 2641 2316 2642
f 2642 2317 2643
f 2643 2318 2644
f 2644 2319 2645
f 2645 2320 2646
f 2646 2321 2647
f 2647 2322 2648
f 2648 2323 2649
f 2649 2324 2650
f 2650 2402 2728
f 2651 2652 2325
f 2652 2653 2326
f 2653 2654 2327
f 2654 2655 2328
f 2655 2656 2329
f 2656 2657 2330
f 2657 2658 2331
f 2658 2659 2332
f 2616 2655 2651
f 2651 2653 2652
f 2651 2655 2653
f 2653 2655 2654
f 1873 7620 2608
f 2655 2657 2656
f 2608 2761 2655
f 2655 2659 2657
f 2657 2659 2658
f 2655 2772 2659
f 2660 2334 2335
f 2661 2335 2336
f 2662 2336 2337
f 2663 2337 2338
f 2664 2338 2339
f 2665 2339 2340
f 2666 2340 2341
f 2667 2341 2342
f 2668 2342 2343
f 2669 2343 2344
f 2670 2344 2345
f 2671 2345 2346
f 2672 2346 2347
f 2673 2347 2348
f 2674 2348 2349
f 2675 2349 2350
f 2676 2350 2351
f 2677 2351 2352
f 2678 2352 2353
f 2679 2353 2354
f 2680 2354 2376
f 2681 2355 1819
f 2682 2356 2355
f 2683 2357 2356
f 2684 2358 2357
f 2685 2359 2358
f 2686 2360 2359
f 2687 2361 2360
f 2688 2362 2361
f 2689 2363 2362
f 2690 2364 2363
f 2691 2365 2364
f 2692 2366 2365
f 2693 2367 2366
f 2694 2368 2367
f 2695 2369 2368
f 2696 2370 2369
f 2697 2371 2370
f 2698 2372 2371
f 2699 2373 2372
f 2700 2374 2373
f 2701 2375 2374
f 2715 2389 2375
f 2702 2376 2377
f 2703 2377 2378
f 2704 2378 2379
f 2705 2379 2380
f 2706 2380 2381
f 2707 2381 2382
f 2708 2382 2383
f 2709 2383 2384
f 2710 2384 2385
f 2711 2385 2386
f 2712 2386 2387
f 2713 2387 2388
f 2716 2390 2389
f 2717 2391 2390
f 2718 2392 2391
f 2719 2393 2392
f 2720 2394 2393
f 2721 2395 2394
f 2722 2396 2395
f 2723 2397 2396
f 2724 2398 2397
f 2725 2399 2398
f 2726 2400 2399
f 2727 2401 2400
f 2086 2334 2660
f 2660 2335 2661
f 2661 2336 2662
f 2662 2337 2663
f 2663 2338 2664
f 2664 2339 2665
f 2665 2340 2666
f 2666 2341 2667
f 2667 2342 2668
f 2668 2343 2669
f 2669 2344 2670
f 2670 2345 2671
f 2671 2346 2672
f 2672 2347 2673
f 2673 2348 2674
f 2674 2349 2675
f 2675 2350 2676
f 2676 2351 2677
f 2677 2352 2678
f 2678 2353 2679
f 2679 2354 2680
f 2680 2376 2702
f 2086 2660 2661
f 2086 2661 2663
f 2661 2662 2663
f 2086 2663 2667
f 2663 2664 2665
f 2663 2665 2667
f 2665 2666 2667
f 2086 2667 2675
f 2667 2668 2669
f 2667 2669 2671
f 2669 2670 2671
f 2054 2086 2712
f 2667 2671 2675
f 2671 2672 2673
f 2671 2673 2675
f 2673 2674 2675
f 2675 2676 2677
f 2054 2795 2098
f 2675 2677 2679
f 2086 2675 2712
f 2677 2678 2679
f 2675 2679 2704
f 2679 2680 2702
f 2681 2682 2355
f 2682 2683 2356
f 2683 2684 2357
f 2684 2685 2358
f 2685 2686 2359
f 2686 2687 2360
f 2687 2688 2361
f 2688 2689 2362
f 2689 2690 2363
f 2690 2691 2364
f 2691 2692 2365
f 2692 2693 2366
f 2693 2694 2367
f 2694 2695 2368
f 2695 2696 2369
f 2696 2697 2370
f 2697 2698 2371
f 2698 2699 2372
f 2699 2700 2373
f 2700 2701 2374
f 2701 2715 2375
f 2180 2682 2681
f 2162 2694 2178
f 2178 2686 2682
f 2682 2684 2683
f 2682 2686 2684
f 2684 2686 2685
f 2686 2688 2687
f 2178 2694 2686
f 2686 2690 2688
f 2688 2690 2689
f 2686 2694 2690
f 2690 2692 2691
f 2690 2694 2692
f 2692 2694 2693
f 2098 2795 2162
f 2694 2696 2695
f 2694 2698 2696
f 2696 2698 2697
f 2694 2715 2698
f 2698 2700 2699
f 2698 2715 2700
f 2700 2715 2701
f 2162 2795 2694
f 2702 2377 2703
f 2703 2378 2704
f 2704 2379 2705
f 2705 2380 2706
f 2706 2381 2707
f 2707 2382 2708
f 2708 2383 2709
f 2709 2384 2710
f 2710 2385 2711
f 2711 2386 2712
f 2712 2387 2713
f 2713 2388 2714
f 2679 2702 2704
f 2702 2703 2704
f 2675 2704 2712
f 2704 2705 2706
f 2704 2706 2708
f 2706 2707 2708
f 2704 2708 2712
f 2708 2709 2710
f 2708 2710 2712
f 2710 2711 2712
f 2712 2713 2714
f 2712 2714 2766
f 2715 2716 2389
f 2716 2717 2390
f 2717 2718 2391
f 2718 2719 2392
f 2719 2720 2393
f 2720 2721 2394
f 2721 2722 2395
f 2722 2723 2396
f 2723 2724 2397
f 2724 2725 2398
f 2725 2726 2399
f 2726 2727 2400
f 2694 2723 2715
f 2715 2717 2716
f 2715 2719 2717
f 2717 2719 2718
f 2715 2723 2719
f 2719 2721 2720
f 2719 2723 2721
f 2721 2723 2722
f 2694 2795 2723
f 2723 2725 2724
f 2723 2727 2725
f 2725 2727 2726
f 2723 2787 2727
f 2728 2402 2403
f 2729 2403 2404
f 2730 2404 2405
f 2731 2405 2406
f 2732 2406 2407
f 2733 2407 2408
f 2734 2408 2409
f 2735 2409 2410
f 2736 2410 2411
f 2737 2411 2412
f 2738 2412 2413
f 2739 2413 2414
f 2740 2414 2415
f 2741 2415 2416
f 2742 2416 2421
f 2743 2417 2333
f 2744 2418 2417
f 2745 2419 2418
f 2746 2420 2419
f 2747 2421 2422
f 2748 2422 2423
f 2749 2423 2424
f 2750 2424 2425
f 2751 2425 2426
f 2752 2426 2427
f 2753 2427 2428
f 2754 2428 2429
f 2755 2429 2430
f 2756 2430 5912
f 2757 2431 2420
f 2758 2432 2431
f 2759 2433 2432
f 2760 2434 2433
f 2761 2435 2434
f 2762 2436 2435
f 2763 2437 2436
f 2764 2438 2437
f 2728 2403 2729
f 2729 2404 2730
f 2730 2405 2731
f 2731 2406 2732
f 2732 2407 2733
f 2733 2408 2734
f 2734 2409 2735
f 2735 2410 2736
f 2736 2411 2737
f 2737 2412 2738
f 2738 2413 2739
f 2739 2414 2740
f 2740 2415 2741
f 2741 2416 2742
f 2625 2626 7441
f 2626 2627 7436
f 2627 2628 7436
f 2628 2629 7436
f 2629 2630 7436
f 2630 2631 7436
f 2631 2632 7436
f 2632 2633 7436
f 2633 2634 7436
f 2659 2743 2333
f 2743 2744 2417
f 2744 2745 2418
f 2745 2772 2419
f 2772 2773 2419
f 2773 2774 2419
f 2774 2746 2419
f 2746 2757 2420
f 2625 7450 1873
f 2659 2744 2743
f 2659 2745 2744
f 2659 2772 2745
f 2655 2761 2772
f 2772 2746 2774
f 2772 2757 2746
f 2742 2421 2747
f 2747 2422 2748
f 2748 2423 2749
f 2749 2424 2750
f 2750 2425 2751
f 2751 2426 2752
f 2752 2427 2753
f 2753 2428 2754
f 2754 2429 2755
f 2755 2430 2756
f 2756 5912 6852
f 2634 2635 7436
f 2635 2636 7436
f 2636 2637 7436
f 2637 2638 7436
f 2638 2639 7436
f 2639 2640 7436
f 2640 2641 7436
f 2641 2642 7436
f 2642 2643 7436
f 2643 2644 7436
f 2644 2645 7436
f 2645 2646 7436
f 2646 2647 7436
f 2647 2648 7436
f 2648 2649 7436
f 2649 2650 7436
f 2650 2728 7436
f 2728 2729 7436
f 2729 2730 7436
f 2730 2731 7436
f 2731 2732 7436
f 2732 2733 7436
f 2733 2734 7436
f 2734 2735 7436
f 2751 2752 6875
f 2735 2736 7436
f 2736 2737 7436
f 2737 2738 7436
f 2738 2739 7436
f 2739 2740 7436
f 2757 2758 2431
f 2758 2759 2432
f 2759 2760 2433
f 2760 2761 2434
f 2761 2762 2435
f 2762 2763 2436
f 2763 2764 2437
f 2764 6864 2438
f 2772 2761 2757
f 2757 2759 2758
f 2608 7620 2761
f 2757 2761 2759
f 2759 2761 2760
f 1873 7450 7451
f 1873 7451 7452
f 1873 7456 7457
f 1873 7455 7456
f 1873 7454 7455
f 1873 7453 7454
f 1873 7452 7453
f 1873 7457 7458
f 1873 7463 7464
f 1873 7462 7463
f 1873 7461 7462
f 1873 7460 7461
f 1873 7459 7460
f 1873 7458 7459
f 1873 7470 7471
f 1873 7469 7470
f 1873 7468 7469
f 1873 7467 7468
f 1873 7466 7467
f 1873 7465 7466
f 1873 7464 7465
f 1873 7473 7474
f 1873 7472 7473
f 1873 7471 7472
f 1873 7475 7476
f 1873 7474 7475
f 1873 7482 7483
f 1873 7481 7482
f 1873 7480 7481
f 1873 7479 7480
f 1873 7478 7479
f 1873 7477 7478
f 1873 7476 7477
f 1873 7484 7485
f 1873 7483 7484
f 1873 7487 7488
f 1873 7486 7487
f 1873 7485 7486
f 1873 7491 7492
f 1873 7490 7491
f 1873 7489 7490
f 1873 7488 7489
f 1873 7500 7501
f 1873 7499 7500
f 1873 7498 7499
f 1873 7497 7498
f 1873 7496 7497
f 1873 7495 7496
f 1873 7494 7495
f 1873 7493 7494
f 1873 7492 7493
f 1873 7501 7502
f 1873 7508 7509
f 1873 7507 7508
f 1873 7506 7507
f 1873 7505 7506
f 1873 7504 7505
f 1873 7503 7504
f 1873 7502 7503
f 1873 7509 7537
f 2761 2763 2762
f 1873 7537 7620
f 2761 6864 2763
f 2763 6864 2764
f 2714 2388 2439
f 2765 2439 2440
f 2767 2440 2441
f 2768 2441 2442
f 2769 2442 2443
f 2770 2443 2444
f 2771 2444 2445
f 2775 2445 2446
f 2776 2446 2447
f 2777 2447 2448
f 2778 2448 2449
f 2779 2449 2450
f 2780 2450 2451
f 2781 2451 2452
f 2782 2452 2453
f 2783 2453 2469
f 2784 2454 2401
f 2786 2455 2454
f 2787 2456 2455
f 2788 2457 2456
f 2789 2458 2457
f 2790 2459 2458
f 2791 2460 2459
f 2792 2461 2460
f 2793 2462 2461
f 2794 2463 2462
f 2795 2464 2463
f 2796 2465 2464
f 2797 2466 2465
f 2798 2467 2466
f 2799 2468 2467
f 2800 2469 2470
f 2801 2470 2471
f 2802 2471 2472
f 2803 2472 2473
f 2804 2473 2474
f 2805 2474 2475
f 2806 2475 2476
f 2807 2476 2477
f 2808 2477 2478
f 2809 2478 2479
f 2810 2479 2480
f 2811 2480 2481
f 2812 2481 2482
f 2813 2482 2483
f 2814 2483 2484
f 2815 2484 2485
f 2816 2485 2486
f 2817 2486 2487
f 2818 2487 2488
f 2819 2488 2489
f 2820 2489 2490
f 2822 2491 2468
f 2823 2492 2491
f 2824 2493 2492
f 2825 2494 2493
f 2826 2495 2494
f 2827 2496 2495
f 2828 2497 2496
f 2829 2498 2497
f 2830 2499 2498
f 2831 2500 2499
f 2832 2501 2500
f 2833 2502 2501
f 2834 2503 2502
f 2835 2504 2503
f 2836 2505 2504
f 2837 2506 2505
f 2838 2507 2506
f 2839 2508 2507
f 2840 2509 2508
f 2841 2510 2509
f 2842 2511 2510
f 2843 2512 2511
f 2714 2439 2765
f 2765 2440 2766
f 2766 2440 2767
f 2767 2441 2768
f 2768 2442 2769
f 2769 2443 2770
f 2770 2444 2771
f 2771 2445 2775
f 2775 2446 2776
f 2776 2447 2777
f 2777 2448 2778
f 2778 2449 2779
f 2779 2450 2780
f 2780 2451 2781
f 2781 2452 2782
f 2782 2453 2783
f 2714 2765 2766
f 2054 2712 7068
f 2712 2766 2777
f 2766 2767 2768
f 2766 2768 2770
f 2768 2769 2770
f 2766 2770 2777
f 2770 2771 2775
f 2054 7112 2795
f 2772 2774 2773
f 2770 2775 2777
f 2775 2776 2777
f 2712 2777 2809
f 2777 2778 2779
f 2777 2779 2781
f 2779 2780 2781
f 2777 2781 2801
f 2781 2782 2783
f 2781 2783 2801
f 2727 2784 2401
f 2784 2785 2454
f 2785 2786 2454
f 2786 2787 2455
f 2787 2788 2456
f 2788 2789 2457
f 2789 2790 2458
f 2790 2791 2459
f 2791 2792 2460
f 2792 2793 2461
f 2793 2794 2462
f 2794 2795 2463
f 2795 2796 2464
f 2796 2797 2465
f 2797 2798 2466
f 2798 2799 2467
f 2799 2822 2468
f 2727 2785 2784
f 2727 2787 2785
f 2723 2795 2787
f 2785 2787 2786
f 2787 2789 2788
f 2787 2791 2789
f 2789 2791 2790
f 2787 2795 2791
f 2791 2793 2792
f 2791 2795 2793
f 2793 2795 2794
f 2795 2797 2796
f 2795 2799 2797
f 2797 2799 2798
f 2795 2825 2799
f 2783 2469 2800
f 2800 2470 2801
f 2801 2471 2802
f 2802 2472 2803
f 2803 2473 2804
f 2804 2474 2805
f 2805 2475 2806
f 2806 2476 2807
f 2807 2477 2808
f 2808 2478 2809
f 2809 2479 2810
f 2810 2480 2811
f 2811 2481 2812
f 2812 2482 2813
f 2813 2483 2814
f 2814 2484 2815
f 2815 2485 2816
f 2816 2486 2817
f 2817 2487 2818
f 2818 2488 2819
f 2819 2489 2820
f 2820 2490 2821
f 2783 2800 2801
f 2777 2801 2809
f 2801 2802 2803
f 2801 2803 2805
f 2054 7068 7112
f 2803 2804 2805
f 2801 2805 2809
f 2712 2809 6931
f 2805 2806 2807
f 2805 2807 2809
f 2807 2808 2809
f 2809 2810 2811
f 2809 2811 2813
f 2811 2812 2813
f 2809 2813 2817
f 2813 2814 2815
f 2813 2815 2817
f 2815 2816 2817
f 2809 2817 6915
f 2712 6931 7068
f 2817 2818 2819
f 2817 2819 2821
f 2819 2820 2821
f 2817 2821 6915
f 2822 2823 2491
f 2823 2824 2492
f 2824 2825 2493
f 2825 2826 2494
f 2826 2827 2495
f 2827 2828 2496
f 2828 2829 2497
f 2829 2830 2498
f 2830 2831 2499
f 2831 2832 2500
f 2832 2833 2501
f 2833 2834 2502
f 2834 2835 2503
f 2835 2836 2504
f 2836 2837 2505
f 2837 2838 2506
f 2838 2839 2507
f 2839 2840 2508
f 2840 2841 2509
f 2841 2842 2510
f 2842 2843 2511
f 2799 2823 2822
f 2799 2825 2823
f 2823 2825 2824
f 2795 2833 2825
f 2825 2827 2826
f 2825 2829 2827
f 2827 2829 2828
f 2825 2833 2829
f 2829 2831 2830
f 2829 2833 2831
f 2831 2833 2832
f 2795 6990 2833
f 2833 2835 2834
f 2833 2837 2835
f 2835 2837 2836
f 2833 2841 2837
f 2837 2839 2838
f 2837 2841 2839
f 2839 2841 2840
f 2833 6990 2841
f 2841 2843 2842
f 2795 7022 6990
f 2841 6986 2843
f 3163 2860 2861
f 3164 2861 2862
f 3165 2862 2863
f 3166 2863 2864
f 3167 2864 2865
f 3168 2865 2866
f 3169 2866 2867
f 3170 2867 2868
f 3171 2868 2869
f 3172 2869 2882
f 3173 2870 463
f 3174 2871 2870
f 3175 2872 2871
f 3176 2873 2872
f 3177 2874 2873
f 3178 2875 2874
f 3179 2876 2875
f 3180 2877 2876
f 3181 2878 2877
f 3182 2879 2878
f 3183 2880 2879
f 3184 2881 2880
f 3185 2882 2883
f 3186 2883 2884
f 3187 2884 2885
f 3188 2885 2886
f 3189 2886 2887
f 3190 2887 2888
f 3191 2888 2889
f 3192 2889 2890
f 3193 2890 2891
f 3194 2891 2892
f 3195 2892 2893
f 3196 2893 2894
f 3197 2894 2895
f 3198 2895 2896
f 3199 2896 2897
f 3200 2897 2898
f 3201 2898 2918
f 3202 2899 2881
f 3203 2900 2899
f 3204 2901 2900
f 3205 2902 2901
f 3206 2903 2902
f 3207 2904 2903
f 3208 2905 2904
f 3209 2906 2905
f 3210 2907 2906
f 3211 2908 2907
f 3212 2909 2908
f 3213 2910 2909
f 3214 2911 2910
f 3215 2912 2911
f 3216 2913 2912
f 3217 2914 2913
f 3218 2915 2914
f 3219 2916 2915
f 3220 2917 2916
f 616 2860 3163
f 3163 2861 3164
f 3164 2862 3165
f 3165 2863 3166
f 3166 2864 3167
f 3167 2865 3168
f 3168 2866 3169
f 3169 2867 3170
f 3170 2868 3171
f 3171 2869 3172
f 3172 2882 3185
f 3163 3164 3165
f 3163 3165 3167
f 3165 3166 3167
f 3163 3167 3171
f 3167 3168 3169
f 3167 3169 3171
f 588 3191 3242
f 3169 3170 3171
f 3163 3171 3191
f 3171 3172 3185
f 3173 3174 2870
f 3174 3175 2871
f 3175 3176 2872
f 3176 3177 2873
f 3177 3178 2874
f 3178 3179 2875
f 3179 3180 2876
f 3180 3181 2877
f 3181 3182 2878
f 3182 3183 2879
f 3183 3184 2880
f 3184 3202 2881
f 626 3175 3173
f 3173 3175 3174
f 626 3179 3175
f 3175 3177 3176
f 3175 3179 3177
f 3177 3179 3178
f 626 3204 3179
f 3179 3181 3180
f 3179 3183 3181
f 3181 3183 3182
f 3179 3204 3183
f 3183 3202 3184
f 3185 2883 3186
f 3186 2884 3187
f 3187 2885 3188
f 3188 2886 3189
f 3189 2887 3190
f 3190 2888 3191
f 3191 2889 3192
f 3192 2890 3193
f 3193 2891 3194
f 3194 2892 3195
f 3195 2893 3196
f 3196 2894 3197
f 3197 2895 3198
f 3198 2896 3199
f 3199 2897 3200
f 3200 2898 3201
f 3201 2918 3221
f 3171 3185 3187
f 3185 3186 3187
f 3171 3187 3191
f 3187 3188 3189
f 3187 3189 3191
f 3189 3190 3191
f 3191 3192 3193
f 3191 3193 3195
f 3193 3194 3195
f 3191 3195 3199
f 3195 3196 3197
f 3195 3197 3199
f 3197 3198 3199
f 3191 3199 3226
f 3199 3200 3201
f 3199 3201 3222
f 3202 3203 2899
f 3203 3204 2900
f 3204 3205 2901
f 3205 3206 2902
f 3206 3207 2903
f 3207 3208 2904
f 3208 3209 2905
f 3209 3210 2906
f 3210 3211 2907
f 3211 3212 2908
f 3212 3213 2909
f 3213 3214 2910
f 3214 3215 2911
f 3215 3216 2912
f 3216 3217 2913
f 3217 3218 2914
f 3218 3219 2915
f 3219 3220 2916
f 626 3220 3204
f 3183 3204 3202
f 3202 3204 3203
f 3204 3206 3205
f 3204 3208 3206
f 3206 3208 3207
f 3204 3212 3208
f 626 3393 3220
f 3208 3210 3209
f 626 3242 3422
f 626 3422 3393
f 3208 3212 3210
f 3210 3212 3211
f 3204 3220 3212
f 3212 3214 3213
f 3212 3216 3214
f 3214 3216 3215
f 3212 3220 3216
f 3216 3218 3217
f 3216 3220 3218
f 3218 3220 3219
f 3221 2918 2919
f 3222 2919 2920
f 3223 2920 2921
f 3224 2921 2922
f 3225 2922 2923
f 3226 2923 2924
f 3227 2924 2925
f 3228 2925 2926
f 3229 2926 2927
f 3230 2927 2928
f 3231 2928 2929
f 3232 2929 2930
f 3233 2930 2931
f 3234 2931 2932
f 3235 2932 2933
f 3236 2933 2934
f 3237 2934 2935
f 3238 2935 2936
f 3239 2936 2937
f 3240 2937 2938
f 3241 2938 2939
f 3242 2939 2940
f 3243 2940 2941
f 3244 2941 2942
f 3245 2942 2943
f 3246 2943 2944
f 3247 2944 2945
f 3248 2945 2946
f 3249 2946 2947
f 3250 2947 2948
f 3251 2948 2949
f 3252 2949 2950
f 3253 2950 2951
f 3254 2951 2952
f 3255 2952 2953
f 3256 2953 2954
f 3257 2954 2955
f 3258 2955 2956
f 3259 2956 2957
f 3260 2957 2958
f 3261 2958 2959
f 3262 2959 2960
f 3263 2960 2961
f 3264 2961 2962
f 3265 2962 2963
f 3266 2963 2964
f 3267 2964 2965
f 3268 2965 2966
f 3269 2966 2967
f 3270 2967 2968
f 3271 2968 2969
f 3272 2969 2970
f 3273 2970 2971
f 3274 2971 2972
f 3275 2972 2973
f 3276 2973 2974
f 3277 2974 2975
f 3278 2975 2976
f 3279 2976 2977
f 3280 2977 2978
f 3281 2978 2979
f 3282 2979 2980
f 3283 2980 2981
f 3284 2981 2982
f 3285 2982 2983
f 3286 2983 2984
f 3287 2984 2985
f 3288 2985 2986
f 3289 2986 2987
f 3290 2987 2988
f 3291 2988 2989
f 3292 2989 2990
f 3293 2990 2991
f 3294 2991 2992
f 3295 2992 2993
f 3296 2993 2994
f 3297 2994 2995
f 3298 2995 2996
f 3299 2996 2997
f 3300 2997 2998
f 3301 2998 2999
f 3302 2999 3000
f 3303 3000 3001
f 3304 3001 3002
f 3305 3002 3003
f 3306 3003 3004
f 3307 3004 3005
f 3308 3005 3006
f 3309 3006 3007
f 3310 3007 3008
f 3311 3008 3009
f 3312 3009 3010
f 3313 3010 3011
f 3314 3011 3012
f 3315 3012 3013
f 3316 3013 3014
f 3317 3014 3015
f 3318 3015 3016
f 3319 3016 3017
f 3320 3017 3018
f 3321 3018 3019
f 3322 3019 3020
f 3323 3020 3021
f 3324 3021 3022
f 3325 3022 3023
f 3326 3023 3024
f 3327 3024 3047
f 3328 3025 2917
f 3329 3026 3025
f 3330 3027 3026
f 3331 3028 3027
f 3332 3029 3028
f 3333 3030 3029
f 3334 3031 3030
f 3335 3032 3031
f 3336 3033 3046
f 3337 3034 3033
f 3385 3082 3034
f 3338 3035 3032
f 3339 3036 3035
f 3340 3037 3036
f 3341 3038 3037
f 3342 3039 3038
f 3343 3040 3039
f 3344 3041 3040
f 3345 3042 3041
f 3346 3043 3042
f 3347 3044 3043
f 3348 3045 3044
f 3349 3046 3045
f 3350 3047 3048
f 3351 3048 3049
f 3352 3049 3050
f 3353 3050 3051
f 3354 3051 3052
f 3355 3052 3053
f 3356 3053 3054
f 3357 3054 3055
f 3358 3055 3056
f 3359 3056 3057
f 3360 3057 3058
f 3361 3058 3059
f 3362 3059 3060
f 3363 3060 3061
f 3364 3061 3062
f 3365 3062 3063
f 3366 3063 3064
f 3367 3064 3065
f 3368 3065 3066
f 3369 3066 3067
f 3370 3067 3068
f 3371 3068 3069
f 3372 3069 3070
f 3373 3070 3071
f 3374 3071 3072
f 3375 3072 3073
f 3376 3073 3074
f 3377 3074 3075
f 3378 3075 3076
f 3379 3076 3077
f 3380 3077 3078
f 3381 3078 3079
f 3382 3079 3080
f 3383 3080 3081
f 3384 3081 3112
f 3386 3083 3082
f 3387 3084 3083
f 3389 3085 3084
f 3388 3086 3085
f 3390 3087 3086
f 3392 3088 3087
f 3391 3089 3088
f 3393 3092 3090
f 3394 3090 3089
f 3395 3091 3092
f 3399 3095 3093
f 3396 3093 3091
f 3397 3096 3094
f 3398 3094 3095
f 3400 3097 3098
f 3401 3098 3099
f 3402 3099 3100
f 3403 3100 3101
f 3404 3101 3102
f 3405 3102 3103
f 3406 3103 3096
f 3407 3110 3104
f 3408 3104 3097
f 3409 3111 3105
f 3410 3105 3106
f 3411 3106 3107
f 3412 3107 3108
f 3413 3108 3109
f 3414 3109 3110
f 3415 3112 3113
f 3416 3113 3114
f 3417 3114 3115
f 3418 3115 3116
f 3419 3116 3117
f 3420 3117 3118
f 3421 3118 3119
f 3422 3119 3120
f 3423 3120 3121
f 3424 3121 3122
f 3425 3122 3123
f 3426 3123 3124
f 3427 3124 3125
f 3428 3125 3126
f 3429 3126 3127
f 3430 3127 3128
f 3431 3128 3139
f 3447 3144 3129
f 3432 3129 3130
f 3433 3130 3131
f 3434 3131 3132
f 3435 3132 3133
f 3436 3133 3134
f 3437 3134 3135
f 3438 3135 3136
f 3439 3136 3137
f 3440 3137 3138
f 3442 3139 3140
f 3443 3140 3141
f 3444 3141 3142
f 3445 3142 3143
f 3446 3143 3144
f 3448 3153 3145
f 3449 3145 3146
f 3450 3146 3147
f 3451 3147 3148
f 3452 3149 3150
f 3453 3150 3151
f 3454 3151 3152
f 3455 3152 3153
f 3456 3148 3154
f 3458 3160 3155
f 3459 3155 3156
f 3460 3156 3157
f 3441 3138 3158
f 3461 3158 3159
f 3462 3159 3160
f 3463 3157 3161
f 3464 3161 3149
f 3457 3154 3162
f 3465 3162 3111
f 3221 2919 3222
f 3222 2920 3223
f 3223 2921 3224
f 3224 2922 3225
f 3225 2923 3226
f 3226 2924 3227
f 3227 2925 3228
f 3228 2926 3229
f 3229 2927 3230
f 3230 2928 3231
f 3231 2929 3232
f 3232 2930 3233
f 3233 2931 3234
f 3234 2932 3235
f 3235 2933 3236
f 3236 2934 3237
f 3237 2935 3238
f 3238 2936 3239
f 3239 2937 3240
f 3240 2938 3241
f 3241 2939 3242
f 3242 2940 3243
f 3243 2941 3244
f 3244 2942 3245
f 3245 2943 3246
f 3246 2944 3247
f 3247 2945 3248
f 3248 2946 3249
f 3249 2947 3250
f 3250 2948 3251
f 3251 2949 3252
f 3252 2950 3253
f 3253 2951 3254
f 3254 2952 3255
f 3255 2953 3256
f 3256 2954 3257
f 3257 2955 3258
f 3258 2956 3259
f 3259 2957 3260
f 3260 2958 3261
f 3261 2959 3262
f 3262 2960 3263
f 3263 2961 3264
f 3264 2962 3265
f 3265 2963 3266
f 3266 2964 3267
f 3267 2965 3268
f 3268 2966 3269
f 3269 2967 3270
f 3270 2968 3271
f 3271 2969 3272
f 3272 2970 3273
f 3273 2971 3274
f 3274 2972 3275
f 3275 2973 3276
f 3276 2974 3277
f 3277 2975 3278
f 3278 2976 3279
f 3279 2977 3280
f 3280 2978 3281
f 3281 2979 3282
f 3282 2980 3283
f 3283 2981 3284
f 3284 2982 3285
f 3285 2983 3286
f 3286 2984 3287
f 3287 2985 3288
f 3288 2986 3289
f 3289 2987 3290
f 3290 2988 3291
f 3291 2989 3292
f 3292 2990 3293
f 3293 2991 3294
f 3294 2992 3295
f 3295 2993 3296
f 3296 2994 3297
f 3297 2995 3298
f 3298 2996 3299
f 3299 2997 3300
f 3300 2998 3301
f 3301 2999 3302
f 3302 3000 3303
f 3303 3001 3304
f 3304 3002 3305
f 3305 3003 3306
f 3306 3004 3307
f 3307 3005 3308
f 3308 3006 3309
f 3309 3007 3310
f 3310 3008 3311
f 3311 3009 3312
f 3312 3010 3313
f 3313 3011 3314
f 3314 3012 3315
f 3315 3013 3316
f 3316 3014 3317
f 3317 3015 3318
f 3318 3016 3319
f 3319 3017 3320
f 3320 3018 3321
f 3321 3019 3322
f 3322 3020 3323
f 3323 3021 3324
f 3324 3022 3325
f 3325 3023 3326
f 3326 3024 3327
f 3327 3047 3350
f 3201 3221 3222
f 3199 3222 3226
f 3191 3226 3242
f 3222 3223 3224
f 3222 3224 3226
f 3224 3225 3226
f 3226 3227 3228
f 3226 3228 3230
f 3228 3229 3230
f 3226 3230 3234
f 3230 3231 3232
f 3230 3232 3234
f 3232 3233 3234
f 3226 3234 3242
f 3234 3235 3236
f 3234 3236 3238
f 3236 3237 3238
f 3234 3238 3242
f 3238 3239 3240
f 3238 3240 3242
f 3240 3241 3242
f 3242 3243 3244
f 3242 3244 3246
f 3244 3245 3246
f 3242 3246 3250
f 3246 3247 3248
f 3248 3249 3250
f 3246 3248 3250
f 3242 3250 3258
f 3250 3251 3252
f 3252 3253 3254
f 3250 3252 3254
f 3250 3254 3258
f 3242 3258 3274
f 3254 3255 3256
f 3256 3257 3258
f 3254 3256 3258
f 3258 3259 3260
f 3258 3260 3262
f 3260 3261 3262
f 3258 3262 3266
f 3262 3263 3264
f 3264 3265 3266
f 3266 3267 3268
f 3262 3264 3266
f 3266 3268 3270
f 3258 3266 3274
f 3242 3274 3306
f 3268 3269 3270
f 3270 3271 3272
f 3272 3273 3274
f 3270 3272 3274
f 3266 3270 3274
f 3274 3275 3276
f 3276 3277 3278
f 3278 3279 3280
f 3274 3276 3278
f 3274 3278 3282
f 3278 3280 3282
f 3280 3281 3282
f 3282 3283 3284
f 3282 3284 3286
f 3274 3282 3290
f 3284 3285 3286
f 3286 3287 3288
f 3282 3286 3290
f 3286 3288 3290
f 3288 3289 3290
f 3290 3291 3292
f 3290 3292 3294
f 3292 3293 3294
f 3290 3294 3298
f 3274 3290 3306
f 3294 3295 3296
f 3294 3296 3298
f 3296 3297 3298
f 3298 3299 3300
f 3298 3300 3302
f 3290 3298 3306
f 3300 3301 3302
f 3302 3303 3304
f 3298 3302 3306
f 3304 3305 3306
f 3302 3304 3306
f 3306 3307 3308
f 3306 3308 3310
f 3308 3309 3310
f 3306 3310 3314
f 3310 3311 3312
f 3310 3312 3314
f 3312 3313 3314
f 3306 3314 3322
f 3314 3315 3316
f 3314 3316 3318
f 3316 3317 3318
f 3314 3318 3322
f 3318 3319 3320
f 3318 3320 3322
f 3320 3321 3322
f 3322 3323 3324
f 3322 3324 3326
f 3306 3322 3360
f 3324 3325 3326
f 3322 3326 3352
f 3326 3327 3350
f 3220 3328 2917
f 3328 3329 3025
f 3329 3330 3026
f 3330 3331 3027
f 3331 3332 3028
f 3332 3333 3029
f 3333 3334 3030
f 3334 3335 3031
f 3335 3338 3032
f 3337 3033 3336
f 3337 3385 3034
f 3338 3339 3035
f 3339 3340 3036
f 3340 3341 3037
f 3341 3342 3038
f 3342 3343 3039
f 3343 3344 3040
f 3344 3345 3041
f 3345 3346 3042
f 3346 3347 3043
f 3347 3348 3044
f 3348 3349 3045
f 3349 3336 3046
f 3350 3048 3351
f 3351 3049 3352
f 3352 3050 3353
f 3353 3051 3354
f 3354 3052 3355
f 3355 3053 3356
f 3356 3054 3357
f 3357 3055 3358
f 3358 3056 3359
f 3359 3057 3360
f 3360 3058 3361
f 3361 3059 3362
f 3362 3060 3363
f 3364 3363 3061
f 3364 3062 3365
f 3365 3063 3366
f 3366 3064 3367
f 3367 3065 3368
f 3368 3066 3369
f 3369 3067 3370
f 3370 3068 3371
f 3371 3069 3372
f 3372 3070 3373
f 3373 3071 3374
f 3374 3072 3375
f 3375 3073 3376
f 3376 3074 3377
f 3377 3075 3378
f 3378 3076 3379
f 3379 3077 3380
f 3380 3078 3381
f 3381 3079 3382
f 3382 3080 3383
f 3383 3081 3384
f 3384 3112 3415
f 3385 3386 3082
f 3386 3387 3083
f 3387 3389 3084
f 3388 3085 3389
f 3388 3390 3086
f 3390 3392 3087
f 3391 3394 3089
f 3391 3088 3392
f 3393 3395 3092
f 3393 3090 3394
f 3396 3091 3395
f 3396 3399 3093
f 3397 3406 3096
f 3397 3094 3398
f 3398 3095 3399
f 3400 3098 3401
f 3401 3099 3402
f 3402 3100 3403
f 3403 3101 3404
f 3404 3102 3405
f 3405 3103 3406
f 3407 3414 3110
f 3407 3104 3408
f 3408 3097 3400
f 3409 3465 3111
f 3409 3105 3410
f 3410 3106 3411
f 3411 3107 3412
f 3412 3108 3413
f 3413 3109 3414
f 3415 3113 3416
f 3416 3114 3417
f 3417 3115 3418
f 3418 3116 3419
f 3419 3117 3420
f 3420 3118 3421
f 3421 3119 3422
f 3422 3120 3423
f 3423 3121 3424
f 3424 3122 3425
f 3425 3123 3426
f 3426 3124 3427
f 3427 3125 3428
f 3428 3126 3429
f 3429 3127 3430
f 3430 3128 3431
f 3432 3447 3129
f 3432 3130 3433
f 3433 3131 3434
f 3434 3132 3435
f 3435 3133 3436
f 3436 3134 3437
f 3437 3135 3438
f 3438 3136 3439
f 3439 3137 3440
f 3440 3138 3441
f 3431 3139 3442
f 3442 3140 3443
f 3443 3141 3444
f 3444 3142 3445
f 3445 3143 3446
f 3446 3144 3447
f 3448 3455 3153
f 3448 3145 3449
f 3449 3146 3450
f 3450 3147 3451
f 3464 3149 3452
f 3452 3150 3453
f 3453 3151 3454
f 3454 3152 3455
f 3451 3148 3456
f 3456 3154 3457
f 3458 3462 3160
f 3458 3155 3459
f 3459 3156 3460
f 3441 3158 3461
f 3461 3159 3462
f 3460 3157 3463
f 3463 3161 3464
f 3457 3162 3465
f 3220 3329 3328
f 3220 3331 3329
f 3329 3331 3330
f 3220 3335 3331
f 3331 3333 3332
f 3331 3335 3333
f 3333 3335 3334
f 3220 3345 3335
f 3349 3337 3336
f 3349 3386 3337
f 3345 3393 3386
f 3335 3339 3338
f 3335 3341 3339
f 3339 3341 3340
f 3335 3345 3341
f 3220 3393 3345
f 3341 3343 3342
f 3341 3345 3343
f 3343 3345 3344
f 3345 3347 3346
f 3345 3349 3347
f 3347 3349 3348
f 3345 3386 3349
f 3242 3306 3422
f 3326 3350 3352
f 3350 3351 3352
f 3322 3352 3360
f 3352 3353 3354
f 3352 3354 3356
f 3354 3355 3356
f 3352 3356 3360
f 3356 3357 3358
f 3356 3358 3360
f 3358 3359 3360
f 3360 3361 3362
f 3306 3360 3422
f 3360 3362 3364
f 3362 3363 3364
f 3360 3364 3368
f 3364 3365 3366
f 3364 3366 3368
f 3366 3367 3368
f 3360 3368 3376
f 3368 3369 3370
f 3368 3370 3372
f 3370 3371 3372
f 3368 3372 3376
f 3372 3373 3374
f 3372 3374 3376
f 3360 3376 3422
f 3374 3375 3376
f 3376 3377 3378
f 3376 3378 3380
f 3378 3379 3380
f 3376 3380 3384
f 3380 3381 3382
f 3380 3382 3384
f 3382 3383 3384
f 3376 3384 3422
f 3337 3386 3385
f 3386 3389 3387
f 3386 3390 3389
f 3388 3389 3390
f 3386 3393 3390
f 3390 3391 3392
f 3390 3393 3391
f 3391 3393 3394
f 3393 3396 3395
f 3393 3398 3396
f 3397 3398 3406
f 3396 3398 3399
f 3393 3404 3398
f 3400 3401 3402
f 3400 3402 3404
f 3400 3404 3413
f 3402 3403 3404
f 3393 3413 3404
f 3404 3405 3406
f 3398 3404 3406
f 3393 3464 3413
f 3407 3408 3400
f 3407 3400 3413
f 3409 3410 3411
f 3411 3412 3413
f 3409 3411 3413
f 3409 3413 3451
f 3407 3413 3414
f 3384 3415 3416
f 3384 3416 3418
f 3416 3417 3418
f 3384 3418 3422
f 3418 3419 3420
f 3418 3420 3422
f 3420 3421 3422
f 3422 3423 3424
f 3422 3424 3426
f 3424 3425 3426
f 3422 3426 3430
f 3426 3427 3428
f 3426 3428 3430
f 3428 3429 3430
f 3422 3430 3432
f 3430 3431 3442
f 3422 3432 3464
f 3422 3464 3393
f 3432 3433 3434
f 3432 3434 3436
f 3434 3435 3436
f 3432 3436 3440
f 3436 3437 3438
f 3438 3439 3440
f 3436 3438 3440
f 3432 3440 3464
f 3440 3441 3461
f 3442 3443 3444
f 3430 3442 3444
f 3430 3444 3432
f 3444 3445 3446
f 3444 3446 3432
f 3446 3447 3432
f 3448 3449 3455
f 3449 3450 3451
f 3449 3451 3455
f 3413 3464 3451
f 3464 3452 3453
f 3464 3453 3455
f 3453 3454 3455
f 3451 3464 3455
f 3451 3456 3457
f 3409 3451 3457
f 3458 3459 3460
f 3458 3460 3464
f 3458 3464 3440
f 3458 3440 3461
f 3458 3461 3462
f 3460 3463 3464
f 3409 3457 3465
f 4223 3466 3467
f 4224 3467 3468
f 4225 3468 3469
f 4226 3469 3470
f 4227 3470 3471
f 4228 3471 3472
f 4229 3472 3473
f 4230 3473 3474
f 4231 3474 3475
f 4232 3475 3476
f 4233 3476 3477
f 4234 3477 3478
f 4235 3478 3479
f 4236 3479 3480
f 4237 3480 3481
f 4238 3481 3482
f 4239 3482 3483
f 4240 3483 3484
f 4241 3484 3485
f 4242 3485 3486
f 4243 3486 3487
f 4244 3487 3488
f 4245 3488 3489
f 4246 3489 3490
f 4247 3490 3491
f 4248 3491 3492
f 4249 3492 3493
f 4250 3493 3494
f 4251 3494 3495
f 4252 3495 3496
f 4253 3496 3497
f 4254 3497 3498
f 4255 3498 3499
f 4256 3499 3500
f 4257 3500 3501
f 4258 3501 3502
f 4259 3502 3503
f 4260 3503 3504
f 4261 3504 3505
f 4262 3505 3506
f 4263 3506 3507
f 4264 3507 3508
f 4265 3508 3509
f 4266 3509 3510
f 4267 3510 3511
f 4268 3511 3512
f 4269 3512 3513
f 4271 3513 3514
f 4272 3514 3515
f 4273 3515 3516
f 4274 3516 3517
f 4275 3517 3518
f 4276 3518 3519
f 4277 3519 3520
f 4278 3520 3521
f 4279 3521 3522
f 4280 3522 3523
f 4281 3523 3524
f 4282 3524 3525
f 4283 3525 3526
f 4284 3526 3527
f 4285 3527 3528
f 4286 3528 3529
f 4287 3529 3530
f 4288 3530 3531
f 4289 3531 3532
f 4290 3532 3533
f 4291 3533 3534
f 4292 3534 3535
f 4293 3535 3536
f 4294 3536 3537
f 4295 3537 3538
f 4296 3538 3539
f 4297 3539 3540
f 4298 3540 3541
f 4299 3541 3542
f 4300 3542 3543
f 4301 3543 3544
f 4302 3544 3545
f 4303 3545 3546
f 4304 3546 3547
f 4305 3547 3548
f 4306 3548 3549
f 4307 3549 3550
f 4308 3550 3551
f 4309 3551 3552
f 4310 3552 3553
f 4311 3553 3554
f 4312 3554 3555
f 4313 3555 3556
f 4314 3556 3557
f 4315 3557 3558
f 4316 3558 3559
f 4317 3559 3560
f 4318 3560 3561
f 4319 3561 3562
f 4320 3562 3563
f 4321 3563 3564
f 4322 3564 3565
f 4323 3565 3566
f 4324 3566 3567
f 4325 3567 3568
f 4326 3568 3569
f 4327 3569 3570
f 4328 3570 3571
f 4329 3571 3572
f 4330 3572 3573
f 4331 3573 3574
f 4332 3574 3575
f 4333 3575 3576
f 4334 3576 3577
f 4335 3577 3578
f 4336 3578 3579
f 4337 3579 3580
f 4338 3580 3581
f 4339 3581 3582
f 4340 3582 3583
f 4341 3583 3584
f 4342 3584 3585
f 4343 3585 3586
f 4344 3586 3587
f 4345 3587 3588
f 4346 3588 3589
f 4347 3589 3590
f 4348 3590 3591
f 4349 3591 3592
f 4350 3592 3593
f 4351 3593 3594
f 4352 3594 3595
f 4353 3595 3596
f 4354 3596 3597
f 4355 3597 3598
f 4356 3598 3599
f 4357 3599 3600
f 4358 3600 3601
f 4359 3601 3602
f 4360 3602 3603
f 4361 3603 3604
f 4362 3604 3605
f 4363 3605 3606
f 4364 3606 3607
f 4365 3607 3608
f 4366 3608 3609
f 4367 3609 3610
f 4368 3610 3611
f 4369 3611 3612
f 4370 3612 3613
f 4371 3613 3614
f 4372 3614 3615
f 4373 3615 3616
f 4374 3616 3617
f 4375 3617 3618
f 4376 3618 3619
f 4377 3619 3620
f 4378 3620 3621
f 4379 3621 3622
f 4380 3622 3623
f 4381 3623 3624
f 4382 3624 3625
f 4383 3625 3626
f 4384 3626 3627
f 4385 3627 3628
f 4386 3628 3629
f 4387 3629 3630
f 4388 3630 3631
f 4389 3631 3632
f 4390 3632 3633
f 4391 3633 3634
f 4392 3634 3635
f 4393 3635 3636
f 4394 3636 3637
f 4395 3637 3638
f 4396 3638 3639
f 4397 3639 3640
f 4398 3640 3641
f 4399 3641 3642
f 4400 3642 3643
f 4401 3643 3644
f 4402 3644 3645
f 4403 3645 3646
f 4404 3646 3647
f 4405 3647 3648
f 4406 3648 3649
f 4407 3649 3650
f 4408 3650 3651
f 4409 3651 3652
f 4410 3652 3653
f 4411 3653 3654
f 4412 3654 3655
f 4413 3655 3656
f 4414 3656 3657
f 4415 3657 3658
f 4416 3658 3659
f 4417 3659 3660
f 4418 3660 3661
f 4419 3661 3662
f 4420 3662 3663
f 4421 3663 3664
f 4422 3664 3665
f 4423 3665 3666
f 4424 3666 3667
f 4425 3667 3668
f 4426 3668 3669
f 4427 3669 3670
f 4428 3670 3671
f 4429 3671 3672
f 4430 3672 3673
f 4431 3673 3674
f 4432 3674 3675
f 4433 3675 3676
f 4434 3676 3677
f 4435 3677 3678
f 4436 3678 3679
f 4437 3679 3680
f 4438 3680 3681
f 4439 3681 3682
f 4440 3682 3683
f 4441 3683 3684
f 4442 3684 3685
f 4443 3685 3686
f 4444 3686 3687
f 4445 3687 3688
f 4446 3688 3689
f 4447 3689 3690
f 4448 3690 3691
f 4449 3691 3692
f 4450 3692 3693
f 4451 3693 3694
f 4452 3694 3695
f 4453 3695 3696
f 4454 3696 3697
f 4455 3697 3698
f 4456 3698 3699
f 4457 3699 3700
f 4458 3700 3701
f 4459 3701 3702
f 4460 3702 3703
f 4461 3703 3704
f 4462 3704 3705
f 4463 3705 3706
f 4464 3706 3707
f 4465 3707 3708
f 4466 3708 3709
f 4467 3709 3710
f 4468 3710 3711
f 4469 3711 3712
f 4470 3712 3713
f 4471 3713 3714
f 4472 3714 3715
f 4473 3715 3716
f 4474 3716 3717
f 4475 3717 3718
f 4476 3718 3719
f 4477 3719 3720
f 4478 3720 3721
f 4479 3721 3722
f 4480 3722 3723
f 4481 3723 3724
f 4482 3724 3725
f 4483 3725 3726
f 4484 3726 3727
f 4485 3727 3728
f 4486 3728 3729
f 4487 3729 3730
f 4488 3730 3731
f 4489 3731 3732
f 4490 3732 3733
f 4491 3733 3873
f 4492 3737 3791
f 4493 3740 3734
f 4494 3734 3735
f 4495 3735 3736
f 4496 3736 3737
f 4497 3738 3739
f 4498 3739 3740
f 4499 3743 3738
f 4503 3745 3741
f 4500 3741 3742
f 4501 3742 3743
f 4502 3744 3745
f 4504 3747 3744
f 4505 3749 3746
f 4506 3746 3747
f 4507 3748 3749
f 4508 3750 3754
f 4509 3751 3750
f 4511 3752 3751
f 4510 3753 3752
f 4514 3756 3753
f 4512 3755 3748
f 4513 3754 3755
f 4516 3757 3756
f 4515 3758 3757
f 4518 3760 3759
f 4517 3759 3758
f 4521 3763 3760
f 4519 3762 3761
f 4520 3761 3763
f 4522 3764 3762
f 4523 3765 3764
f 4524 3766 3765
f 4525 3767 3766
f 4526 3768 3767
f 4571 3813 3768
f 4553 3797 3769
f 4527 3769 3773
f 4528 3778 3770
f 4529 3770 3771
f 4530 3771 3772
f 4531 3772 3783
f 4532 3773 3774
f 4533 3774 3775
f 4534 3775 3776
f 4535 3776 3777
f 4536 3777 3778
f 4537 3781 3779
f 4538 3779 3780
f 4539 3780 3782
f 4540 3782 3786
f 4541 3783 3784
f 4542 3784 3785
f 4543 3785 3781
f 4548 3790 3801
f 4544 3786 3787
f 4545 3787 3788
f 4546 3788 3789
f 4547 3789 3790
f 4558 3800 3792
f 4549 3792 3793
f 4550 3793 3794
f 4551 3794 3795
f 4552 3795 3796
f 4554 3796 3797
f 4555 3791 3798
f 4556 3798 3799
f 4557 3799 3800
f 4559 3801 3802
f 4560 3802 3803
f 4561 3803 3804
f 4562 3804 3805
f 4563 3805 3806
f 4564 3806 3807
f 4565 3807 3810
f 4570 3812 3808
f 4566 3808 3809
f 4568 3810 3811
f 4569 3811 3812
f 4572 3814 3813
f 4573 3815 3814
f 4574 3816 3815
f 4575 3817 3816
f 4576 3818 3817
f 4577 3819 3818
f 4578 3820 3819
f 4579 3821 3820
f 4580 3822 3821
f 4581 3823 3822
f 4582 3824 3823
f 4583 3825 3824
f 4584 3826 3825
f 4585 3827 3826
f 4586 3828 3827
f 4587 3829 3828
f 4588 3830 3829
f 4589 3831 3830
f 4590 3832 3831
f 4591 3833 3832
f 4567 3809 3834
f 4592 3834 3835
f 4593 3835 3836
f 4594 3836 3837
f 4595 3837 3838
f 4596 3838 3839
f 4597 3839 3840
f 4598 3840 3841
f 4599 3841 3842
f 4600 3842 3843
f 4601 3843 3844
f 4602 3844 3845
f 4603 3845 3846
f 4604 3846 3847
f 4605 3847 3848
f 4606 3848 3849
f 4607 3849 3850
f 4608 3850 3851
f 4609 3851 3852
f 4223 3467 4224
f 4224 3468 4225
f 4225 3469 4226
f 4226 3470 4227
f 4227 3471 4228
f 4228 3472 4229
f 4229 3473 4230
f 4230 3474 4231
f 4231 3475 4232
f 4232 3476 4233
f 4233 3477 4234
f 4234 3478 4235
f 4235 3479 4236
f 4236 3480 4237
f 4237 3481 4238
f 4238 3482 4239
f 4239 3483 4240
f 4240 3484 4241
f 4241 3485 4242
f 4242 3486 4243
f 4243 3487 4244
f 4244 3488 4245
f 4245 3489 4246
f 4246 3490 4247
f 4247 3491 4248
f 4248 3492 4249
f 4249 3493 4250
f 4250 3494 4251
f 4251 3495 4252
f 4252 3496 4253
f 4253 3497 4254
f 4254 3498 4255
f 4255 3499 4256
f 4256 3500 4257
f 4257 3501 4258
f 4258 3502 4259
f 4259 3503 4260
f 4260 3504 4261
f 4261 3505 4262
f 4262 3506 4263
f 4263 3507 4264
f 4264 3508 4265
f 4265 3509 4266
f 4266 3510 4267
f 4267 3511 4268
f 4268 3512 4269
f 4269 3513 4270
f 4270 3513 4271
f 4271 3514 4272
f 4272 3515 4273
f 4273 3516 4274
f 4274 3517 4275
f 4275 3518 4276
f 4276 3519 4277
f 4277 3520 4278
f 4278 3521 4279
f 4279 3522 4280
f 4280 3523 4281
f 4281 3524 4282
f 4282 3525 4283
f 4283 3526 4284
f 4284 3527 4285
f 4285 3528 4286
f 4286 3529 4287
f 4287 3530 4288
f 4288 3531 4289
f 4289 3532 4290
f 4290 3533 4291
f 4291 3534 4292
f 4292 3535 4293
f 4293 3536 4294
f 4294 3537 4295
f 4295 3538 4296
f 4296 3539 4297
f 4297 3540 4298
f 4298 3541 4299
f 4299 3542 4300
f 4300 3543 4301
f 4301 3544 4302
f 4302 3545 4303
f 4303 3546 4304
f 4304 3547 4305
f 4305 3548 4306
f 4306 3549 4307
f 4307 3550 4308
f 4308 3551 4309
f 4309 3552 4310
f 4310 3553 4311
f 4311 3554 4312
f 4312 3555 4313
f 4313 3556 4314
f 4314 3557 4315
f 4315 3558 4316
f 4316 3559 4317
f 4317 3560 4318
f 4318 3561 4319
f 4319 3562 4320
f 4320 3563 4321
f 4321 3564 4322
f 4322 3565 4323
f 4323 3566 4324
f 4324 3567 4325
f 4325 3568 4326
f 4326 3569 4327
f 4327 3570 4328
f 4328 3571 4329
f 4329 3572 4330
f 4330 3573 4331
f 4331 3574 4332
f 4332 3575 4333
f 4333 3576 4334
f 4334 3577 4335
f 4335 3578 4336
f 4336 3579 4337
f 4337 3580 4338
f 4338 3581 4339
f 4339 3582 4340
f 4340 3583 4341
f 4341 3584 4342
f 4342 3585 4343
f 4343 3586 4344
f 4344 3587 4345
f 4345 3588 4346
f 4346 3589 4347
f 4347 3590 4348
f 4348 3591 4349
f 4349 3592 4350
f 4350 3593 4351
f 4351 3594 4352
f 4352 3595 4353
f 4353 3596 4354
f 4354 3597 4355
f 4355 3598 4356
f 4356 3599 4357
f 4357 3600 4358
f 4358 3601 4359
f 4359 3602 4360
f 4360 3603 4361
f 4361 3604 4362
f 4362 3605 4363
f 4363 3606 4364
f 4364 3607 4365
f 4365 3608 4366
f 4366 3609 4367
f 4367 3610 4368
f 4368 3611 4369
f 4369 3612 4370
f 4370 3613 4371
f 4371 3614 4372
f 4372 3615 4373
f 4373 3616 4374
f 4374 3617 4375
f 4375 3618 4376
f 4376 3619 4377
f 4377 3620 4378
f 4378 3621 4379
f 4379 3622 4380
f 4380 3623 4381
f 4381 3624 4382
f 4382 3625 4383
f 4383 3626 4384
f 4384 3627 4385
f 4385 3628 4386
f 4386 3629 4387
f 4387 3630 4388
f 4388 3631 4389
f 4389 3632 4390
f 4390 3633 4391
f 4391 3634 4392
f 4392 3635 4393
f 4393 3636 4394
f 4394 3637 4395
f 4395 3638 4396
f 4396 3639 4397
f 4397 3640 4398
f 4398 3641 4399
f 4399 3642 4400
f 4400 3643 4401
f 4401 3644 4402
f 4402 3645 4403
f 4403 3646 4404
f 4404 3647 4405
f 4405 3648 4406
f 4406 3649 4407
f 4407 3650 4408
f 4408 3651 4409
f 4409 3652 4410
f 4410 3653 4411
f 4411 3654 4412
f 4412 3655 4413
f 4413 3656 4414
f 4414 3657 4415
f 4415 3658 4416
f 4416 3659 4417
f 4417 3660 4418
f 4418 3661 4419
f 4419 3662 4420
f 4420 3663 4421
f 4421 3664 4422
f 4422 3665 4423
f 4423 3666 4424
f 4424 3667 4425
f 4425 3668 4426
f 4426 3669 4427
f 4427 3670 4428
f 4428 3671 4429
f 4429 3672 4430
f 4430 3673 4431
f 4431 3674 4432
f 4432 3675 4433
f 4433 3676 4434
f 4434 3677 4435
f 4435 3678 4436
f 4436 3679 4437
f 4437 3680 4438
f 4438 3681 4439
f 4439 3682 4440
f 4440 3683 4441
f 4441 3684 4442
f 4442 3685 4443
f 4443 3686 4444
f 4444 3687 4445
f 4445 3688 4446
f 4446 3689 4447
f 4447 3690 4448
f 4448 3691 4449
f 4449 3692 4450
f 4450 3693 4451
f 4451 3694 4452
f 4452 3695 4453
f 4453 3696 4454
f 4454 3697 4455
f 4455 3698 4456
f 4456 3699 4457
f 4457 3700 4458
f 4458 3701 4459
f 4459 3702 4460
f 4460 3703 4461
f 4461 3704 4462
f 4462 3705 4463
f 4463 3706 4464
f 4464 3707 4465
f 4465 3708 4466
f 4466 3709 4467
f 4467 3710 4468
f 4468 3711 4469
f 4469 3712 4470
f 4470 3713 4471
f 4471 3714 4472
f 4472 3715 4473
f 4473 3716 4474
f 4474 3717 4475
f 4475 3718 4476
f 4476 3719 4477
f 4477 3720 4478
f 4478 3721 4479
f 4479 3722 4480
f 4480 3723 4481
f 4481 3724 4482
f 4482 3725 4483
f 4483 3726 4484
f 4484 3727 4485
f 4485 3728 4486
f 4486 3729 4487
f 4487 3730 4488
f 4488 3731 4489
f 4489 3732 4490
f 4490 3733 4491
f 4491 3873 4631
f 1405 4223 4224
f 1403 4224 4228
f 1395 4228 4244
f 4224 4225 4226
f 4224 4226 4228
f 4226 4227 4228
f 4228 4229 4230
f 1395 4244 4271
f 4228 4230 4232
f 4230 4231 4232
f 4228 4232 4236
f 1395 4271 4272
f 1395 4272 4273
f 1395 4273 4274
f 1395 4274 4275
f 1395 4275 4276
f 4232 4233 4234
f 4232 4234 4236
f 4234 4235 4236
f 4228 4236 4244
f 4236 4237 4238
f 4236 4238 4240
f 4238 4239 4240
f 4236 4240 4244
f 4240 4241 4242
f 4240 4242 4244
f 4242 4243 4244
f 4244 4245 4246
f 4244 4246 4248
f 4246 4247 4248
f 4244 4248 4252
f 4248 4249 4250
f 4248 4250 4252
f 4250 4251 4252
f 4244 4252 4260
f 4252 4253 4254
f 4252 4254 4256
f 4254 4255 4256
f 4252 4256 4260
f 4256 4257 4258
f 4244 4260 4271
f 4256 4258 4260
f 4258 4259 4260
f 4260 4261 4262
f 4262 4263 4264
f 4260 4262 4264
f 4260 4264 4268
f 4264 4265 4266
f 4264 4266 4268
f 4260 4268 4271
f 4266 4267 4268
f 4268 4269 4270
f 4268 4270 4271
f 4354 4355 4356
f 4356 4357 4358
f 4353 4354 4356
f 4353 4356 4360
f 4352 4353 4360
f 4358 4359 4360
f 4356 4358 4360
f 4351 4352 4376
f 4350 4351 4376
f 4349 4350 4376
f 4348 4349 4376
f 4360 4361 4362
f 4362 4363 4364
f 4364 4365 4366
f 4360 4362 4364
f 4364 4366 4368
f 4360 4364 4368
f 4352 4360 4376
f 4366 4367 4368
f 4368 4369 4370
f 4360 4368 4376
f 4370 4371 4372
f 4368 4370 4372
f 4368 4372 4376
f 4372 4373 4374
f 4374 4375 4376
f 4372 4374 4376
f 4376 4377 4378
f 4376 4378 4380
f 4378 4379 4380
f 4380 4381 4382
f 4380 4382 4384
f 4376 4380 4384
f 4382 4383 4384
f 4376 4384 4392
f 4384 4385 4386
f 4386 4387 4388
f 4388 4389 4390
f 4390 4391 4392
f 4384 4386 4388
f 4388 4390 4392
f 4384 4388 4392
f 4376 4392 4408
f 4392 4393 4394
f 4394 4395 4396
f 4392 4394 4396
f 4396 4397 4398
f 4396 4398 4400
f 4392 4396 4400
f 4398 4399 4400
f 4400 4401 4402
f 4402 4403 4404
f 4404 4405 4406
f 4400 4402 4404
f 4404 4406 4408
f 4400 4404 4408
f 4392 4400 4408
f 4376 4408 4439
f 4406 4407 4408
f 4408 4409 4410
f 4410 4411 4412
f 4412 4413 4414
f 4414 4415 4416
f 4408 4410 4412
f 4412 4414 4416
f 4408 4412 4416
f 4408 4416 4424
f 4416 4417 4418
f 4418 4419 4420
f 4416 4418 4420
f 4420 4421 4422
f 4416 4420 4424
f 4408 4424 4439
f 4422 4423 4424
f 4424 4425 4426
f 4426 4427 4428
f 4420 4422 4424
f 4424 4426 4428
f 4424 4428 4432
f 4428 4429 4430
f 4430 4431 4432
f 4428 4430 4432
f 4433 4434 4435
f 4435 4436 4437
f 4432 4433 4435
f 4435 4437 4439
f 4432 4435 4439
f 4424 4432 4439
f 4437 4438 4439
f 4439 4440 4441
f 4441 4442 4443
f 4439 4441 4443
f 4439 4443 4447
f 4443 4444 4445
f 4443 4445 4447
f 4445 4446 4447
f 4439 4447 4455
f 4447 4448 4449
f 4447 4449 4451
f 4449 4450 4451
f 4451 4452 4453
f 4447 4451 4455
f 4453 4454 4455
f 4451 4453 4455
f 4455 4456 4457
f 4457 4458 4459
f 4455 4457 4459
f 4439 4455 4471
f 4459 4460 4461
f 4455 4459 4463
f 4461 4462 4463
f 4459 4461 4463
f 4376 4439 4642
f 4455 4463 4471
f 4463 4464 4465
f 4463 4465 4467
f 4465 4466 4467
f 4467 4468 4469
f 4463 4467 4471
f 4467 4469 4471
f 4469 4470 4471
f 4471 4472 4473
f 4471 4473 4475
f 4473 4474 4475
f 4471 4475 4479
f 4475 4476 4477
f 4439 4471 4642
f 4477 4478 4479
f 4475 4477 4479
f 4471 4479 4487
f 4479 4480 4481
f 4479 4481 4483
f 4481 4482 4483
f 4479 4483 4487
f 4483 4484 4485
f 4483 4485 4487
f 4485 4486 4487
f 4471 4487 4642
f 4487 4488 4489
f 4487 4489 4491
f 4489 4490 4491
f 4487 4491 4634
f 4492 4496 3737
f 4493 3734 4494
f 4494 3735 4495
f 4495 3736 4496
f 4497 3739 4498
f 4493 4498 3740
f 4499 3738 4497
f 4500 4503 3741
f 4500 3742 4501
f 4499 4501 3743
f 4502 3745 4503
f 4504 3744 4502
f 4505 4507 3749
f 4505 3746 4506
f 4504 4506 3747
f 4512 3748 4507
f 4508 4509 3750
f 4509 4511 3751
f 4510 4514 3753
f 4510 3752 4511
f 4512 4513 3755
f 4508 3754 4513
f 4514 4516 3756
f 4515 4517 3758
f 4515 3757 4516
f 4517 4518 3759
f 4518 4521 3760
f 4520 3763 4521
f 4519 3761 4520
f 4522 4523 3764
f 4519 4522 3762
f 4523 4524 3765
f 4524 4525 3766
f 4525 4526 3767
f 4526 4571 3768
f 4553 3769 4527
f 4527 3773 4532
f 4528 4536 3778
f 4528 3770 4529
f 4529 3771 4530
f 4530 3772 4531
f 4532 3774 4533
f 4533 3775 4534
f 4534 3776 4535
f 4535 3777 4536
f 4537 4543 3781
f 4537 3779 4538
f 4538 3780 4539
f 4539 3782 4540
f 4531 3783 4541
f 4541 3784 4542
f 4542 3785 4543
f 4540 3786 4544
f 4544 3787 4545
f 4545 3788 4546
f 4546 3789 4547
f 4547 3790 4548
f 4549 4558 3792
f 4549 3793 4550
f 4550 3794 4551
f 4551 3795 4552
f 4553 4554 3797
f 4552 3796 4554
f 4492 3791 4555
f 4555 3798 4556
f 4556 3799 4557
f 4557 3800 4558
f 4548 3801 4559
f 4559 3802 4560
f 4560 3803 4561
f 4561 3804 4562
f 4562 3805 4563
f 4563 3806 4564
f 4564 3807 4565
f 4570 3808 4566
f 4566 3809 4567
f 4565 3810 4568
f 4568 3811 4569
f 4569 3812 4570
f 4571 4572 3813
f 4572 4573 3814
f 4573 4574 3815
f 4574 4575 3816
f 4575 4576 3817
f 4576 4577 3818
f 4577 4578 3819
f 4578 4579 3820
f 4579 4580 3821
f 4580 4581 3822
f 4581 4582 3823
f 4582 4583 3824
f 4583 4584 3825
f 4584 4585 3826
f 4585 4586 3827
f 4586 4587 3828
f 4587 4588 3829
f 4588 4589 3830
f 4589 4590 3831
f 4590 4591 3832
f 4567 3834 4592
f 4592 3835 4593
f 4593 3836 4594
f 4594 3837 4595
f 4595 3838 4596
f 4596 3839 4597
f 4597 3840 4598
f 4598 3841 4599
f 4599 3842 4600
f 4600 3843 4601
f 4601 3844 4602
f 4602 3845 4603
f 4603 3846 4604
f 4604 3847 4605
f 4605 3848 4606
f 4606 3849 4607
f 4607 3850 4608
f 4608 3851 4609
f 4609 3852 4610
f 4492 4555 4496
f 4493 4494 4498
f 4494 4495 4496
f 4494 4496 4498
f 4499 4497 4498
f 4496 4500 4498
f 4499 4498 4500
f 4499 4500 4501
f 4500 4506 4502
f 4500 4502 4503
f 4496 4513 4500
f 4504 4502 4506
f 4505 4506 4507
f 4500 4513 4506
f 4506 4513 4507
f 4508 4513 4509
f 4513 4510 4509
f 4509 4510 4511
f 4513 4517 4510
f 4512 4507 4513
f 4496 4525 4513
f 4510 4516 4514
f 4515 4516 4517
f 4510 4517 4516
f 4517 4521 4518
f 4513 4525 4517
f 4519 4520 4521
f 4517 4519 4521
f 4517 4525 4519
f 4519 4523 4522
f 4519 4525 4523
f 4523 4525 4524
f 4525 4571 4526
f 4551 4527 4535
f 4528 4529 4530
f 4530 4531 4541
f 4528 4530 4535
f 4530 4543 4535
f 4527 4532 4533
f 4533 4534 4535
f 4527 4533 4535
f 4528 4535 4536
f 4496 4535 4547
f 4537 4538 4543
f 4538 4540 4543
f 4538 4539 4540
f 4543 4540 4547
f 4541 4542 4543
f 4530 4541 4543
f 4543 4547 4535
f 4540 4544 4545
f 4540 4545 4547
f 4545 4546 4547
f 4547 4548 4559
f 4549 4550 4551
f 4551 4552 4554
f 4549 4551 4557
f 4496 4551 4535
f 4553 4527 4554
f 4551 4554 4527
f 4555 4556 4557
f 4549 4557 4558
f 4496 4555 4557
f 4496 4557 4551
f 4559 4560 4561
f 4547 4559 4561
f 4561 4562 4563
f 4547 4561 4565
f 4561 4563 4565
f 4563 4564 4565
f 4566 4567 4592
f 4565 4566 4594
f 4565 4568 4569
f 4565 4569 4566
f 4547 4565 4594
f 4569 4570 4566
f 4525 4573 4571
f 4571 4573 4572
f 4573 4575 4574
f 4525 4577 4573
f 4573 4577 4575
f 4575 4577 4576
f 4525 4585 4577
f 4577 4579 4578
f 4496 4776 4525
f 4577 4581 4579
f 4579 4581 4580
f 4577 4585 4581
f 4581 4583 4582
f 4581 4585 4583
f 4583 4585 4584
f 4585 4587 4586
f 4585 4589 4587
f 4525 4776 4585
f 4587 4589 4588
f 4585 4768 4589
f 4589 4591 4590
f 4589 4768 4591
f 4566 4592 4594
f 4592 4593 4594
f 4496 4547 4610
f 4594 4595 4596
f 4594 4596 4598
f 4596 4597 4598
f 4594 4598 4602
f 4547 4594 4610
f 4598 4599 4600
f 4598 4600 4602
f 4600 4601 4602
f 4602 4603 4604
f 4594 4602 4610
f 4602 4604 4606
f 4604 4605 4606
f 4602 4606 4610
f 4606 4607 4608
f 4606 4608 4610
f 4608 4609 4610
f 4612 3854 3853
f 4613 3855 3854
f 4614 3856 3855
f 4615 3857 3856
f 4616 3858 3857
f 4617 3859 3858
f 4618 3860 3859
f 4619 3861 3860
f 4620 3862 3861
f 4621 3863 3862
f 4622 3864 3863
f 4623 3865 3864
f 4624 3866 3865
f 4625 3867 3866
f 4626 3868 3867
f 4627 3869 3868
f 4628 3870 3869
f 4629 3871 3870
f 4630 3872 3871
f 4631 3873 3874
f 4632 3874 3875
f 4633 3875 3876
f 4634 3876 3877
f 4635 3877 3878
f 4636 3878 3879
f 4637 3879 3880
f 4638 3880 3881
f 4639 3881 3882
f 4640 3882 3883
f 4641 3883 3884
f 4642 3884 3885
f 4643 3885 3886
f 4644 3886 3887
f 4645 3887 3888
f 4646 3888 3889
f 4647 3889 3890
f 4648 3890 3891
f 4649 3891 3892
f 4650 3892 3893
f 4651 3893 3894
f 4652 3894 3895
f 4653 3895 3896
f 4654 3896 3897
f 4655 3897 3898
f 4656 3898 3899
f 4657 3899 3900
f 4658 3900 3901
f 4659 3901 3902
f 4660 3902 3903
f 4661 3903 3904
f 4662 3904 3905
f 4663 3905 3906
f 4664 3906 3907
f 4665 3907 3908
f 4666 3908 3909
f 4667 3909 3910
f 4668 3910 3911
f 4669 3911 3912
f 4670 3912 3913
f 4671 3913 3914
f 4672 3914 3915
f 4673 3915 3916
f 4674 3916 3917
f 4675 3917 3918
f 4677 3919 3923
f 4676 3918 3920
f 4678 3920 3921
f 4679 3921 3922
f 4680 3922 3919
f 4681 3923 3924
f 4682 3924 3925
f 4683 3925 3926
f 4684 3926 3927
f 4685 3927 3928
f 4687 3929 3872
f 4688 3930 3929
f 4689 3931 3930
f 4690 3932 3931
f 4691 3933 3932
f 4692 3934 3933
f 4693 3935 3934
f 4694 3936 3935
f 4696 3937 3936
f 4695 3938 3937
f 4697 3940 3966
f 4698 3939 3940
f 4699 3943 3939
f 4700 3944 3941
f 4701 3941 3942
f 4702 3942 3943
f 4704 3950 3946
f 4705 3946 3947
f 4706 3947 3948
f 4707 3948 3944
f 4703 3945 3949
f 4708 3949 3950
f 4762 4005 3951
f 4709 3951 3952
f 4710 3952 3953
f 4712 3957 3954
f 4713 3954 3945
f 4711 3953 3955
f 4714 3955 3956
f 4715 3956 3957
f 4716 3958 3938
f 4717 3959 3958
f 4718 3960 3959
f 4719 3962 3961
f 4720 3961 3960
f 4721 3964 3962
f 4722 3965 3963
f 4723 3963 3964
f 4724 3966 3965
f 4686 3928 3967
f 4725 3967 3968
f 4726 3968 3969
f 4728 3972 3973
f 4727 3969 3970
f 4729 3970 3971
f 4730 3971 3972
f 4731 3973 3974
f 4732 3974 3975
f 4733 3975 3976
f 4734 3976 3977
f 4735 3977 3978
f 4736 3978 3979
f 4737 3979 3980
f 4738 3980 3981
f 4739 3981 3982
f 4741 3985 3983
f 4742 3983 3984
f 4743 3984 3986
f 4744 3986 3987
f 4745 3987 3988
f 4746 3995 3989
f 4747 3989 3990
f 4748 3990 3991
f 4750 3988 3992
f 4751 3992 3993
f 4752 3993 3994
f 4753 3994 3995
f 4754 3996 3997
f 4755 3997 3998
f 4756 3998 3999
f 4763 3999 4000
f 4757 4000 4001
f 4758 4001 4002
f 4759 4002 4003
f 4760 4003 4004
f 4761 4004 4005
f 4749 3991 3996
f 4740 3982 4006
f 4764 4006 4007
f 4765 4007 4008
f 4766 4008 3985
f 4767 4009 3833
f 4768 4010 4009
f 4769 4011 4010
f 4770 4012 4011
f 4771 4013 4012
f 4772 4014 4013
f 4773 4015 4014
f 4774 4016 4015
f 4775 4017 4016
f 4776 4018 4017
f 4777 4019 4018
f 4778 4020 4019
f 4779 4021 4020
f 4780 4022 4021
f 4781 4023 4022
f 4782 4024 4023
f 4783 4025 4024
f 4784 4026 4025
f 4785 4027 4026
f 4786 4028 4027
f 4787 4029 4028
f 4788 4030 4029
f 4789 4031 4030
f 4790 4032 4031
f 4791 4033 4032
f 4792 4034 4033
f 4793 4035 4034
f 4794 4036 4035
f 4795 4037 4036
f 4796 4038 4037
f 4797 4039 4038
f 4798 4040 4039
f 4799 4041 4040
f 4800 4042 4041
f 4801 4043 4042
f 4802 4044 4043
f 4803 4045 4044
f 4804 4046 4045
f 4805 4047 4046
f 4806 4048 4047
f 4808 4049 4048
f 4807 4050 4049
f 4811 4052 4051
f 4809 4051 4050
f 4810 4053 4052
f 4812 4055 4054
f 4813 4054 4053
f 4816 4058 4056
f 4814 4056 4055
f 4818 4060 4057
f 4815 4057 4058
f 4819 4062 4059
f 4817 4059 4060
f 4821 4065 4061
f 4820 4061 4062
f 4822 4063 4064
f 4823 4064 4065
f 4824 4068 4063
f 4825 4071 4066
f 4826 4066 4067
f 4827 4067 4068
f 4828 4069 4070
f 4829 4070 4071
f 4830 4073 4072
f 4831 4072 4069
f 4832 4080 4074
f 4833 4074 4075
f 4834 4075 4076
f 4835 4076 4077
f 4836 4077 4073
f 4837 4078 4079
f 4838 4079 4080
f 4839 4083 4078
f 4842 4084 4081
f 4840 4081 4082
f 4841 4082 4083
f 4845 4087 4084
f 4848 4090 4085
f 4843 4085 4086
f 4844 4086 4087
f 4851 4092 4088
f 4846 4088 4089
f 4847 4089 4090
f 4849 4093 4091
f 4850 4091 4092
f 4852 4100 4094
f 4853 4094 4095
f 4854 4095 4096
f 4855 4096 4097
f 4856 4097 4093
f 4857 4098 4099
f 4858 4099 4100
f 4859 4104 4101
f 4860 4101 4098
f 4861 4105 4102
f 4862 4102 4103
f 4863 4103 4104
f 4864 4107 4106
f 4865 4106 4105
f 4866 4109 4107
f 4867 4108 4109
f 4868 4111 4108
f 4869 4112 4110
f 4870 4110 4111
f 4872 4114 4113
f 4871 4113 4112
f 4873 4116 4114
f 4875 4117 4115
f 4874 4115 4116
f 4876 4118 4117
f 4877 4119 4118
f 4878 4120 4119
f 4879 4121 4120
f 4880 4122 4121
f 4881 4123 4122
f 4882 4124 4123
f 4883 4125 4124
f 4884 4126 4125
f 4885 4127 4126
f 4886 4128 4127
f 4887 4129 4128
f 4888 4130 4129
f 4889 4131 4130
f 4890 4132 4131
f 4891 4133 4132
f 4892 4134 4133
f 4893 4135 4134
f 4611 4612 3853
f 4612 4613 3854
f 4613 4614 3855
f 4614 4615 3856
f 4615 4616 3857
f 4616 4617 3858
f 4617 4618 3859
f 4618 4619 3860
f 4619 4620 3861
f 4620 4621 3862
f 4621 4622 3863
f 4622 4623 3864
f 4623 4624 3865
f 4624 4625 3866
f 4625 4626 3867
f 4626 4627 3868
f 4627 4628 3869
f 4628 4629 3870
f 4629 4630 3871
f 4630 4687 3872
f 4631 3874 4632
f 4632 3875 4633
f 4633 3876 4634
f 4634 3877 4635
f 4635 3878 4636
f 4636 3879 4637
f 4637 3880 4638
f 4638 3881 4639
f 4639 3882 4640
f 4640 3883 4641
f 4641 3884 4642
f 4642 3885 4643
f 4643 3886 4644
f 4644 3887 4645
f 4645 3888 4646
f 4646 3889 4647
f 4647 3890 4648
f 4648 3891 4649
f 4649 3892 4650
f 4650 3893 4651
f 4651 3894 4652
f 4652 3895 4653
f 4653 3896 4654
f 4654 3897 4655
f 4655 3898 4656
f 4656 3899 4657
f 4657 3900 4658
f 4658 3901 4659
f 4659 3902 4660
f 4660 3903 4661
f 4661 3904 4662
f 4662 3905 4663
f 4663 3906 4664
f 4664 3907 4665
f 4665 3908 4666
f 4666 3909 4667
f 4667 3910 4668
f 4668 3911 4669
f 4669 3912 4670
f 4670 3913 4671
f 4671 3914 4672
f 4672 3915 4673
f 4673 3916 4674
f 4674 3917 4675
f 4675 3918 4676
f 4680 3919 4677
f 4676 3920 4678
f 4678 3921 4679
f 4679 3922 4680
f 4677 3923 4681
f 4681 3924 4682
f 4682 3925 4683
f 4683 3926 4684
f 4684 3927 4685
f 4685 3928 4686
f 4687 4688 3929
f 4688 4689 3930
f 4689 4690 3931
f 4690 4691 3932
f 4691 4692 3933
f 4692 4693 3934
f 4693 4694 3935
f 4694 4696 3936
f 4695 3937 4696
f 4699 3939 4698
f 4697 4698 3940
f 4699 4702 3943
f 4700 4707 3944
f 4700 3941 4701
f 4701 3942 4702
f 4704 3946 4705
f 4705 3947 4706
f 4706 3948 4707
f 4703 3949 4708
f 4704 4708 3950
f 4709 4762 3951
f 4709 3952 4710
f 4710 3953 4711
f 4712 4715 3957
f 4712 3954 4713
f 4713 3945 4703
f 4711 3955 4714
f 4714 3956 4715
f 4695 4716 3938
f 4716 4717 3958
f 4718 4720 3960
f 4717 4718 3959
f 4719 3961 4720
f 4719 4721 3962
f 4721 4723 3964
f 4722 3963 4723
f 4697 3966 4724
f 4722 4724 3965
f 4686 3967 4725
f 4725 3968 4726
f 4726 3969 4727
f 4728 3973 4731
f 4727 3970 4729
f 4729 3971 4730
f 4728 4730 3972
f 4731 3974 4732
f 4732 3975 4733
f 4733 3976 4734
f 4734 3977 4735
f 4735 3978 4736
f 4736 3979 4737
f 4737 3980 4738
f 4738 3981 4739
f 4739 3982 4740
f 4741 4766 3985
f 4741 3983 4742
f 4742 3984 4743
f 4743 3986 4744
f 4744 3987 4745
f 4745 3988 4750
f 4746 3989 4747
f 4747 3990 4748
f 4748 3991 4749
f 4750 3992 4751
f 4751 3993 4752
f 4752 3994 4753
f 4746 4753 3995
f 4754 3997 4755
f 4755 3998 4756
f 4756 3999 4763
f 4757 4763 4000
f 4757 4001 4758
f 4758 4002 4759
f 4759 4003 4760
f 4760 4004 4761
f 4761 4005 4762
f 4749 3996 4754
f 4740 4006 4764
f 4764 4007 4765
f 4765 4008 4766
f 4611 4613 4612
f 4611 4615 4613
f 4613 4615 4614
f 4611 4619 4615
f 4615 4617 4616
f 4615 4619 4617
f 4617 4619 4618
f 4611 4627 4619
f 4619 4621 4620
f 4619 4623 4621
f 4621 4623 4622
f 4619 4627 4623
f 4623 4625 4624
f 4623 4627 4625
f 4625 4627 4626
f 4627 4629 4628
f 4627 4687 4629
f 4629 4687 4630
f 4376 4642 4627
f 4627 4642 4741
f 4491 4631 4632
f 4491 4632 4634
f 4632 4633 4634
f 4487 4634 4642
f 4634 4635 4636
f 4634 4636 4638
f 4636 4637 4638
f 4634 4638 4642
f 4638 4639 4640
f 4638 4640 4642
f 4640 4641 4642
f 4642 4643 4644
f 4642 4644 4646
f 4644 4645 4646
f 4642 4646 4650
f 4646 4647 4648
f 4646 4648 4650
f 4648 4649 4650
f 4650 4651 4652
f 4642 4650 4658
f 4650 4652 4654
f 4652 4653 4654
f 4650 4654 4658
f 4654 4655 4656
f 4654 4656 4658
f 4656 4657 4658
f 4642 4658 4674
f 4658 4659 4660
f 4658 4660 4662
f 4660 4661 4662
f 4658 4662 4666
f 4662 4663 4664
f 4662 4664 4666
f 4664 4665 4666
f 4642 4674 4741
f 4658 4666 4674
f 4666 4667 4668
f 4666 4668 4670
f 4668 4669 4670
f 4666 4670 4674
f 4670 4671 4672
f 4670 4672 4674
f 4672 4673 4674
f 4674 4675 4676
f 4674 4676 4679
f 4679 4677 4682
f 4676 4678 4679
f 4674 4679 4682
f 4679 4680 4677
f 4677 4681 4682
f 4674 4682 4729
f 4682 4683 4684
f 4682 4684 4686
f 4684 4685 4686
f 4682 4686 4729
f 4627 4691 4687
f 4687 4689 4688
f 4687 4691 4689
f 4689 4691 4690
f 4627 4718 4691
f 4691 4693 4692
f 4691 4696 4693
f 4693 4696 4694
f 4627 4704 4718
f 4691 4718 4696
f 4695 4696 4716
f 4627 4741 4704
f 4718 4704 4698
f 4697 4724 4698
f 4699 4698 4702
f 4700 4701 4702
f 4698 4700 4702
f 4698 4704 4700
f 4712 4703 4704
f 4704 4705 4706
f 4700 4706 4707
f 4700 4704 4706
f 4703 4708 4704
f 4709 4710 4762
f 4710 4711 4714
f 4710 4704 4763
f 4712 4713 4703
f 4712 4704 4710
f 4712 4714 4715
f 4712 4710 4714
f 4696 4718 4716
f 4716 4718 4717
f 4718 4719 4720
f 4718 4723 4719
f 4719 4723 4721
f 4722 4723 4724
f 4718 4698 4723
f 4723 4698 4724
f 4674 4729 4741
f 4686 4725 4726
f 4726 4727 4729
f 4686 4726 4729
f 4728 4732 4729
f 4728 4729 4730
f 4728 4731 4732
f 4732 4733 4734
f 4732 4736 4729
f 4734 4735 4736
f 4732 4734 4736
f 4729 4736 4741
f 4736 4737 4738
f 4736 4738 4740
f 4738 4739 4740
f 4736 4740 4741
f 4741 4742 4743
f 4741 4743 4745
f 4743 4744 4745
f 4741 4745 4753
f 4746 4747 4753
f 4747 4748 4749
f 4747 4749 4753
f 4749 4763 4753
f 4745 4750 4751
f 4751 4752 4753
f 4745 4751 4753
f 4741 4753 4763
f 4741 4763 4704
f 4749 4754 4755
f 4755 4756 4763
f 4749 4755 4763
f 4757 4758 4763
f 4758 4759 4760
f 4760 4761 4762
f 4758 4760 4763
f 4710 4760 4762
f 4710 4763 4760
f 4740 4764 4765
f 4741 4765 4766
f 4740 4765 4741
f 4591 4767 3833
f 4767 4768 4009
f 4768 4769 4010
f 4769 4770 4011
f 4770 4771 4012
f 4771 4772 4013
f 4772 4773 4014
f 4773 4774 4015
f 4774 4775 4016
f 4775 4776 4017
f 4776 4777 4018
f 4777 4778 4019
f 4778 4779 4020
f 4779 4780 4021
f 4780 4781 4022
f 4781 4782 4023
f 4782 4783 4024
f 4783 4784 4025
f 4784 4785 4026
f 4785 4786 4027
f 4786 4787 4028
f 4787 4788 4029
f 4788 4789 4030
f 4789 4790 4031
f 4790 4791 4032
f 4791 4792 4033
f 4792 4793 4034
f 4793 4794 4035
f 4794 4795 4036
f 4795 4796 4037
f 4796 4797 4038
f 4797 4798 4039
f 4798 4799 4040
f 4799 4800 4041
f 4800 4801 4042
f 4801 4802 4043
f 4802 4803 4044
f 4803 4804 4045
f 4805 4806 4047
f 4804 4805 4046
f 4806 4808 4048
f 4807 4809 4050
f 4807 4049 4808
f 4809 4811 4051
f 4810 4813 4053
f 4810 4052 4811
f 4812 4054 4813
f 4812 4814 4055
f 4814 4816 4056
f 4815 4818 4057
f 4815 4058 4816
f 4819 4059 4817
f 4817 4060 4818
f 4820 4821 4061
f 4819 4820 4062
f 4821 4823 4065
f 4824 4063 4822
f 4822 4064 4823
f 4824 4827 4068
f 4825 4829 4071
f 4825 4066 4826
f 4826 4067 4827
f 4831 4069 4828
f 4828 4070 4829
f 4830 4836 4073
f 4830 4072 4831
f 4832 4074 4833
f 4833 4075 4834
f 4834 4076 4835
f 4835 4077 4836
f 4839 4078 4837
f 4837 4079 4838
f 4832 4838 4080
f 4839 4841 4083
f 4840 4842 4081
f 4840 4082 4841
f 4845 4084 4842
f 4843 4848 4085
f 4843 4086 4844
f 4844 4087 4845
f 4846 4851 4088
f 4846 4089 4847
f 4847 4090 4848
f 4849 4091 4850
f 4850 4092 4851
f 4849 4856 4093
f 4852 4094 4853
f 4853 4095 4854
f 4854 4096 4855
f 4855 4097 4856
f 4860 4098 4857
f 4857 4099 4858
f 4852 4858 4100
f 4859 4101 4860
f 4861 4865 4105
f 4861 4102 4862
f 4862 4103 4863
f 4859 4863 4104
f 4864 4866 4107
f 4864 4106 4865
f 4866 4867 4109
f 4868 4108 4867
f 4869 4110 4870
f 4868 4870 4111
f 4871 4872 4113
f 4869 4871 4112
f 4873 4114 4872
f 4874 4875 4115
f 4873 4874 4116
f 4875 4876 4117
f 4877 4118 4876
f 4877 4878 4119
f 4878 4879 4120
f 4879 4880 4121
f 4880 4881 4122
f 4881 4882 4123
f 4882 4883 4124
f 4883 4884 4125
f 4884 4885 4126
f 4885 4886 4127
f 4886 4887 4128
f 4887 4888 4129
f 4888 4889 4130
f 4889 4890 4131
f 4890 4891 4132
f 4891 4892 4133
f 4892 4893 4134
f 4591 4768 4767
f 4585 4776 4768
f 4768 4770 4769
f 4768 4772 4770
f 4770 4772 4771
f 4768 4776 4772
f 4772 4774 4773
f 4496 4841 4776
f 4772 4776 4774
f 4774 4776 4775
f 4776 4778 4777
f 4776 4780 4778
f 4778 4780 4779
f 4776 4784 4780
f 4780 4782 4781
f 4780 4784 4782
f 4782 4784 4783
f 4776 4792 4784
f 4784 4786 4785
f 4784 4788 4786
f 4786 4788 4787
f 4784 4792 4788
f 4788 4790 4789
f 4776 4807 4792
f 4788 4792 4790
f 4790 4792 4791
f 4792 4794 4793
f 4792 4796 4794
f 4794 4796 4795
f 4792 4800 4796
f 4796 4798 4797
f 4796 4800 4798
f 4798 4800 4799
f 4792 4807 4800
f 4776 4841 4807
f 4800 4802 4801
f 4800 4804 4802
f 4802 4804 4803
f 4800 4807 4804
f 4804 4806 4805
f 4804 4807 4806
f 4806 4807 4808
f 4807 4811 4809
f 4810 4811 4813
f 4807 4813 4811
f 4812 4813 4814
f 4807 4815 4813
f 4813 4815 4814
f 4814 4815 4816
f 4815 4817 4818
f 4807 4824 4815
f 4815 4820 4817
f 4819 4817 4820
f 4815 4824 4820
f 4820 4823 4821
f 4807 4841 4824
f 4824 4822 4823
f 4820 4824 4823
f 4825 4826 4829
f 4824 4826 4827
f 4824 4829 4826
f 4831 4828 4829
f 4824 4836 4829
f 4830 4831 4836
f 4831 4829 4836
f 4824 4841 4836
f 4832 4833 4834
f 4834 4835 4836
f 4832 4834 4836
f 4832 4836 4841
f 4832 4837 4838
f 4832 4841 4837
f 4839 4837 4841
f 4840 4841 4842
f 4841 4844 4842
f 4843 4844 4848
f 4844 4845 4842
f 4841 4846 4844
f 4846 4847 4848
f 4844 4846 4848
f 4841 4852 4846
f 4849 4850 4856
f 4846 4850 4851
f 4846 4856 4850
f 4852 4853 4854
f 4854 4855 4856
f 4852 4854 4856
f 4846 4852 4856
f 4852 4857 4858
f 4852 4859 4857
f 4841 4872 4852
f 4859 4860 4857
f 4861 4862 4865
f 4859 4862 4863
f 4859 4865 4862
f 4852 4865 4859
f 4864 4865 4866
f 4852 4872 4865
f 4866 4868 4867
f 4865 4868 4866
f 4868 4869 4870
f 4868 4872 4869
f 4865 4872 4868
f 4869 4872 4871
f 4873 4872 4874
f 4872 4876 4874
f 4874 4876 4875
f 4872 4880 4876
f 4877 4876 4878
f 4876 4880 4878
f 4878 4880 4879
f 4880 4882 4881
f 4872 4888 4880
f 4880 4884 4882
f 4882 4884 4883
f 4880 4888 4884
f 4884 4886 4885
f 4841 4950 4872
f 4884 4888 4886
f 4886 4888 4887
f 4888 4890 4889
f 4888 4892 4890
f 4890 4892 4891
f 4872 4950 4888
f 4888 4942 4892
f 4892 4940 4893
f 4610 3852 4136
f 4894 4136 4137
f 4895 4137 4138
f 4896 4138 4139
f 4897 4139 4140
f 4898 4140 4141
f 4899 4141 4142
f 4900 4142 4143
f 4901 4143 4144
f 4902 4144 4145
f 4903 4145 4146
f 4904 4146 4147
f 4905 4147 4148
f 4906 4148 4149
f 4907 4149 4150
f 4908 4150 4151
f 4909 4151 4152
f 4910 4152 4153
f 4911 4153 4154
f 4912 4154 4155
f 4913 4155 4156
f 4914 4156 4157
f 4915 4157 4158
f 4916 4158 4159
f 4917 4159 4160
f 4918 4160 4161
f 4919 4161 4162
f 4920 4162 4163
f 4921 4163 4164
f 4922 4164 4165
f 4923 4165 4166
f 4924 4166 4167
f 4925 4167 4168
f 4926 4168 4169
f 4928 4169 4170
f 4929 4170 4171
f 4930 4171 4172
f 4931 4172 4173
f 4932 4173 4174
f 4933 4174 4175
f 4934 4175 4176
f 4935 4176 4177
f 4936 4177 4178
f 4937 4178 4179
f 4938 4179 4180
f 4939 4180 4991
f 4610 4136 4894
f 4894 4137 4895
f 4895 4138 4896
f 4896 4139 4897
f 4897 4140 4898
f 4898 4141 4899
f 4899 4142 4900
f 4900 4143 4901
f 4901 4144 4902
f 4902 4145 4903
f 4903 4146 4904
f 4904 4147 4905
f 4905 4148 4906
f 4906 4149 4907
f 4907 4150 4908
f 4908 4151 4909
f 4909 4152 4910
f 4910 4153 4911
f 4911 4154 4912
f 4912 4155 4913
f 4913 4156 4914
f 4914 4157 4915
f 4915 4158 4916
f 4916 4159 4917
f 4917 4160 4918
f 4918 4161 4919
f 4919 4162 4920
f 4920 4163 4921
f 4921 4164 4922
f 4610 4894 4895
f 4610 4895 4897
f 4895 4896 4897
f 4610 4897 4901
f 4897 4898 4899
f 4897 4899 4901
f 4899 4900 4901
f 4610 4901 4909
f 4901 4902 4903
f 4901 4903 4905
f 4903 4904 4905
f 4901 4905 4909
f 4905 4906 4907
f 4496 4610 4928
f 4905 4907 4909
f 4907 4908 4909
f 4909 4910 4911
f 4909 4911 4913
f 4610 4909 4925
f 4911 4912 4913
f 4909 4913 4917
f 4913 4914 4915
f 4913 4915 4917
f 4915 4916 4917
f 4909 4917 4925
f 4917 4918 4919
f 4610 4925 4928
f 4917 4919 4921
f 4919 4920 4921
f 4917 4921 4925
f 4921 4922 4923
f 4922 4165 4923
f 4923 4166 4924
f 4924 4167 4925
f 4925 4168 4926
f 4926 4169 4927
f 4927 4169 4928
f 4928 4170 4929
f 4929 4171 4930
f 4930 4172 4931
f 4931 4173 4932
f 4932 4174 4933
f 4933 4175 4934
f 4934 4176 4935
f 4935 4177 4936
f 4936 4178 4937
f 4937 4179 4938
f 4938 4180 4939
f 4921 4923 4925
f 4923 4924 4925
f 4925 4926 4927
f 4925 4927 4928
f 4496 4928 5508
f 4931 4932 4936
f 4928 4929 5448
f 4932 4933 4934
f 4929 4930 5448
f 4932 4934 4936
f 4930 4931 5448
f 4934 4935 4936
f 4931 4936 5448
f 4936 4937 4938
f 4936 4938 5444
f 4496 5508 5509
f 4496 5509 5510
f 4496 5510 5511
f 4496 5511 5512
f 4496 5512 5513
f 4496 5513 5514
f 4496 5514 5515
f 4496 5515 5516
f 4496 5516 5517
f 4496 5517 5518
f 4496 5518 5519
f 4496 5519 5520
f 4496 5520 5521
f 4496 5521 5522
f 4496 5522 5523
f 4496 5523 5524
f 4496 5524 5525
f 4938 4939 5444
f 4496 5525 5526
f 4496 5526 5527
f 4496 5527 5528
f 4496 5528 5529
f 4496 5529 5530
f 4496 5530 5531
f 4496 5531 5532
f 4496 5532 5533
f 4496 5533 5534
f 4496 5534 5535
f 4496 5535 5536
f 4496 5536 5537
f 4496 5537 5538
f 4496 5538 5539
f 4496 5539 5540
f 4496 5540 5541
f 4496 5541 5542
f 4496 5542 5543
f 4496 5543 5544
f 4496 5544 5545
f 4496 5545 5546
f 4496 5546 5547
f 4496 5551 5552
f 4496 5550 5551
f 4496 5549 5550
f 4496 5548 5549
f 4496 5547 5548
f 4496 5556 5557
f 4496 5555 5556
f 4496 5554 5555
f 4496 5553 5554
f 4496 5552 5553
f 4496 5565 5566
f 4496 5564 5565
f 4496 5563 5564
f 4496 5562 5563
f 4496 5561 5562
f 4496 5560 5561
f 4496 5559 5560
f 4496 5558 5559
f 4496 5557 5558
f 4496 5566 5567
f 4496 5569 5570
f 4496 5568 5569
f 4496 5567 5568
f 4496 5572 5573
f 4496 5571 5572
f 4496 5570 5571
f 4496 5574 5575
f 4496 5573 5574
f 4496 5582 5583
f 4496 5581 5582
f 4496 5580 5581
f 4496 5579 5580
f 4496 5578 5579
f 4496 5577 5578
f 4496 5576 5577
f 4496 5575 5576
f 4496 5612 5757
f 4940 4181 4135
f 4941 4182 4181
f 4942 4183 4182
f 4943 4184 4183
f 4944 4185 4184
f 4945 4186 4185
f 4946 4187 4186
f 4947 4188 4187
f 4948 4189 4188
f 4949 4190 4189
f 4950 4191 4190
f 4951 4192 4191
f 4952 4193 4192
f 4953 4194 4193
f 4954 4195 4194
f 4955 4196 4195
f 4956 4197 4196
f 4957 4198 4197
f 4958 4199 4198
f 4959 4200 4199
f 4960 4201 4200
f 4961 4202 4201
f 4962 4203 4202
f 4963 4204 4203
f 4964 4205 4204
f 4965 4206 4205
f 4966 4207 4206
f 4967 4208 4207
f 4968 4209 4208
f 4969 4210 4209
f 4970 4211 4210
f 4971 4212 4211
f 4972 4213 4212
f 4973 4214 4213
f 4977 4215 4214
f 4978 4216 4215
f 4979 4217 4216
f 4980 4218 4217
f 4981 4219 4218
f 4982 4220 4219
f 4983 4221 4220
f 4984 4222 4221
f 4893 4940 4135
f 4940 4941 4181
f 4941 4942 4182
f 4942 4943 4183
f 4943 4944 4184
f 4944 4945 4185
f 4945 4946 4186
f 4946 4947 4187
f 4947 4948 4188
f 4948 4949 4189
f 4949 4950 4190
f 4950 4951 4191
f 4951 4952 4192
f 4952 4953 4193
f 4953 4954 4194
f 4954 4955 4195
f 4955 4956 4196
f 4956 4957 4197
f 4957 4958 4198
f 4958 4959 4199
f 4959 4960 4200
f 4960 4961 4201
f 4961 4962 4202
f 4962 4963 4203
f 4963 4964 4204
f 4964 4965 4205
f 4965 4966 4206
f 4966 4967 4207
f 4892 4942 4940
f 4940 4942 4941
f 4942 4944 4943
f 4888 4950 4942
f 4942 4946 4944
f 4944 4946 4945
f 4942 4950 4946
f 4946 4948 4947
f 4946 4950 4948
f 4948 4950 4949
f 4950 4952 4951
f 4950 4954 4952
f 4952 4954 4953
f 4950 4958 4954
f 4954 4956 4955
f 4954 4958 4956
f 4496 5757 4841
f 4956 4958 4957
f 4950 4966 4958
f 4958 4960 4959
f 4958 4962 4960
f 4960 4962 4961
f 4958 4966 4962
f 4962 4964 4963
f 4962 4966 4964
f 4841 5757 4950
f 4964 4966 4965
f 4966 4968 4967
f 4967 4968 4208
f 4968 4969 4209
f 4969 4970 4210
f 4970 4971 4211
f 4971 4972 4212
f 4972 4973 4213
f 4973 4974 4214
f 4974 4975 4214
f 4975 4976 4214
f 4976 4977 4214
f 4977 4978 4215
f 4978 4979 4216
f 4979 4980 4217
f 4980 4981 4218
f 4981 4982 4219
f 4982 4983 4220
f 4983 4984 4221
f 4950 4982 4966
f 4966 4970 4968
f 4968 4970 4969
f 4966 4974 4970
f 4970 4972 4971
f 4970 4974 4972
f 4972 4974 4973
f 4966 4982 4974
f 4974 4978 4975
f 4975 4978 4976
f 4976 4978 4977
f 4974 4982 4978
f 4978 4980 4979
f 4950 5757 4982
f 4978 4982 4980
f 4980 4982 4981
f 4982 4984 4983
f 4982 5729 4984
f 5444 4991 4992
f 5445 4992 4993
f 5446 4993 4994
f 5447 4994 4995
f 5448 4995 4996
f 5449 4996 4997
f 5450 4997 4998
f 5451 4998 4999
f 5452 4999 5000
f 5453 5000 5001
f 5454 5001 5002
f 5455 5002 5003
f 5456 5003 5004
f 5457 5004 5005
f 5458 5005 5006
f 5459 5006 5007
f 5460 5007 5008
f 5461 5008 5009
f 5462 5009 5010
f 5463 5010 5011
f 5464 5011 5012
f 5465 5012 5013
f 5466 5013 5014
f 5467 5014 5015
f 5468 5015 5016
f 5469 5016 5017
f 5470 5017 5018
f 5471 5018 5019
f 5472 5019 5020
f 5473 5020 5021
f 5474 5021 5022
f 5475 5022 5023
f 5476 5023 5024
f 5477 5024 5025
f 5478 5025 5026
f 5479 5026 5027
f 5480 5027 5028
f 5481 5028 5029
f 5482 5029 5030
f 5483 5030 5031
f 5484 5031 5032
f 5485 5032 5033
f 5486 5033 5034
f 5487 5034 5035
f 5488 5035 5036
f 5489 5036 5037
f 5490 5037 5038
f 5491 5038 5039
f 5492 5039 5040
f 5493 5040 5041
f 5494 5041 5042
f 5495 5042 5043
f 5496 5043 5044
f 5497 5044 5045
f 5498 5045 5046
f 5499 5046 5047
f 5500 5047 5048
f 5501 5048 5049
f 5502 5049 5050
f 5503 5050 5051
f 5504 5051 5052
f 5505 5052 5053
f 5506 5053 5054
f 5507 5054 5055
f 5508 5055 5056
f 5509 5056 5057
f 5510 5057 5058
f 5511 5058 5059
f 5512 5059 5060
f 5513 5060 5061
f 5514 5061 5062
f 5515 5062 5063
f 5516 5063 5064
f 5517 5064 5065
f 5518 5065 5066
f 5519 5066 5067
f 5520 5067 5068
f 5521 5068 5069
f 5522 5069 5070
f 5523 5070 5071
f 5524 5071 5072
f 5525 5072 5073
f 5526 5073 5074
f 5527 5074 5075
f 5528 5075 5076
f 5529 5076 5077
f 5530 5077 5078
f 5531 5078 5079
f 5532 5079 5080
f 5533 5080 5081
f 5534 5081 5082
f 5535 5082 5083
f 5536 5083 5084
f 5537 5084 5085
f 5538 5085 5086
f 5539 5086 5087
f 5540 5087 5088
f 5541 5088 5089
f 5542 5089 5090
f 5543 5090 5091
f 5544 5091 5092
f 5545 5092 5093
f 5546 5093 5094
f 5547 5094 5095
f 5548 5095 5096
f 5549 5096 5097
f 5550 5097 5098
f 5551 5098 5099
f 5552 5099 5100
f 5553 5100 5101
f 5554 5101 5102
f 5555 5102 5103
f 5556 5103 5104
f 5557 5104 5105
f 5558 5105 5106
f 5559 5106 5107
f 5560 5107 5108
f 5561 5108 5109
f 5562 5109 5110
f 5563 5110 5111
f 5564 5111 5112
f 5565 5112 5113
f 5566 5113 5114
f 5567 5114 5115
f 5568 5115 5116
f 5569 5116 5117
f 5570 5117 5118
f 5571 5118 5119
f 5572 5119 5120
f 5573 5120 5121
f 5574 5121 5122
f 5575 5122 5123
f 5576 5123 5124
f 5577 5124 5125
f 5578 5125 5126
f 5579 5126 5127
f 5580 5127 5128
f 5581 5128 5129
f 5582 5129 5130
f 5583 5130 5131
f 5584 5131 5132
f 5585 5132 5133
f 5586 5133 5134
f 5587 5134 5135
f 5588 5135 5136
f 5589 5136 5137
f 5590 5137 5138
f 5591 5138 5139
f 5592 5139 5140
f 5593 5140 5141
f 5594 5141 5142
f 5595 5142 5143
f 5596 5143 5144
f 5597 5144 5145
f 5598 5145 5146
f 5599 5146 5147
f 5600 5147 5148
f 5601 5148 5149
f 5602 5149 5150
f 5603 5150 5151
f 5604 5151 5152
f 5605 5152 5153
f 5606 5153 5154
f 5607 5154 5155
f 5608 5155 5156
f 5609 5156 5157
f 5610 5157 5158
f 5611 5158 5159
f 5612 5159 5160
f 5613 5160 5161
f 5614 5161 5162
f 5615 5162 5163
f 5616 5163 5164
f 5617 5164 5165
f 5618 5165 5166
f 5619 5166 5167
f 5620 5167 5168
f 5621 5168 5169
f 5622 5169 5170
f 5623 5170 5171
f 5624 5171 5172
f 5625 5172 5173
f 5626 5173 5174
f 5627 5174 5175
f 5628 5175 5176
f 5629 5176 5177
f 5630 5177 5178
f 5631 5178 5179
f 5632 5179 5180
f 5633 5180 5181
f 5634 5181 5182
f 5635 5182 5183
f 5636 5183 5184
f 5637 5184 5185
f 5638 5185 5186
f 5639 5186 5187
f 5640 5187 5188
f 5641 5188 5189
f 5642 5189 5190
f 5643 5190 5191
f 5644 5191 5192
f 5645 5192 5193
f 5646 5193 5194
f 5647 5194 5195
f 5648 5195 5196
f 5649 5196 5197
f 5650 5197 5198
f 5651 5198 5199
f 5652 5199 5200
f 5653 5200 5201
f 5654 5201 5202
f 5655 5202 5203
f 5656 5203 5204
f 5657 5204 5205
f 5658 5205 5206
f 5659 5206 5207
f 5660 5207 5208
f 5661 5208 5209
f 5662 5209 5210
f 5663 5210 5211
f 5664 5211 5212
f 5665 5212 5213
f 5666 5213 5214
f 5667 5214 5215
f 5668 5215 5216
f 5669 5216 5217
f 5670 5217 5218
f 5671 5218 5219
f 5672 5219 5220
f 5673 5220 5221
f 5674 5221 5222
f 5675 5222 5223
f 5676 5223 5224
f 5677 5224 5225
f 5678 5225 5226
f 5679 5226 5227
f 5680 5227 5228
f 5681 5228 5229
f 5682 5229 5230
f 5683 5230 5231
f 5684 5231 5232
f 5685 5232 5233
f 5686 5233 5234
f 5687 5234 5235
f 5688 5235 5236
f 5689 5236 5237
f 5690 5237 5238
f 5691 5238 5239
f 5692 5239 5240
f 5693 5240 5241
f 5694 5241 5242
f 5695 5242 5243
f 5696 5243 5244
f 5697 5244 5245
f 5698 5245 5246
f 5699 5246 5247
f 5700 5247 5248
f 5701 5248 5249
f 5702 5249 5250
f 5703 5250 5251
f 5704 5251 5252
f 5705 5252 5253
f 5706 5253 5254
f 5707 5254 5255
f 5708 5255 5256
f 5709 5256 5257
f 5710 5257 5258
f 5711 5258 5259
f 5712 5259 5260
f 5713 5260 5261
f 5714 5261 5262
f 5715 5262 5263
f 5716 5263 5264
f 5717 5264 5265
f 5718 5265 5266
f 5719 5266 5267
f 5720 5267 5268
f 5721 5268 5269
f 5722 5269 5270
f 5723 5270 5271
f 5724 5271 5272
f 5725 5272 5273
f 5726 5273 5274
f 5727 5274 5305
f 4939 4991 5444
f 5444 4992 5445
f 5445 4993 5446
f 5446 4994 5447
f 5447 4995 5448
f 5448 4996 5449
f 5449 4997 5450
f 5450 4998 5451
f 5451 4999 5452
f 5452 5000 5453
f 5453 5001 5454
f 5454 5002 5455
f 5455 5003 5456
f 5456 5004 5457
f 5457 5005 5458
f 5458 5006 5459
f 5459 5007 5460
f 5460 5008 5461
f 5461 5009 5462
f 5462 5010 5463
f 5463 5011 5464
f 5464 5012 5465
f 5465 5013 5466
f 5466 5014 5467
f 5467 5015 5468
f 5468 5016 5469
f 5469 5017 5470
f 5470 5018 5471
f 5471 5019 5472
f 5472 5020 5473
f 5473 5021 5474
f 5474 5022 5475
f 5475 5023 5476
f 5476 5024 5477
f 5477 5025 5478
f 5478 5026 5479
f 5479 5027 5480
f 5480 5028 5481
f 5481 5029 5482
f 5482 5030 5483
f 5483 5031 5484
f 5484 5032 5485
f 5485 5033 5486
f 5486 5034 5487
f 4936 5444 5448
f 5444 5445 5446
f 5444 5446 5448
f 4496 5583 5584
f 4496 5584 5612
f 5446 5447 5448
f 4928 5448 5508
f 5448 5449 5450
f 5448 5450 5452
f 5450 5451 5452
f 5448 5452 5456
f 5452 5453 5454
f 5452 5454 5456
f 5454 5455 5456
f 5448 5456 5464
f 5456 5457 5458
f 5456 5458 5460
f 5458 5459 5460
f 5456 5460 5464
f 5448 5464 5480
f 5460 5461 5462
f 5460 5462 5464
f 5462 5463 5464
f 5464 5465 5466
f 5464 5466 5468
f 5448 5480 5507
f 5466 5467 5468
f 5464 5468 5472
f 5468 5469 5470
f 5448 5507 5508
f 5468 5470 5472
f 5470 5471 5472
f 5464 5472 5480
f 5472 5473 5474
f 5472 5474 5476
f 5474 5475 5476
f 5472 5476 5480
f 5476 5477 5478
f 5476 5478 5480
f 5478 5479 5480
f 5480 5481 5482
f 5480 5482 5484
f 5482 5483 5484
f 5480 5484 5488
f 5484 5485 5486
f 5486 5487 5488
f 5484 5486 5488
f 5480 5488 5496
f 5487 5035 5488
f 5488 5036 5489
f 5489 5037 5490
f 5490 5038 5491
f 5491 5039 5492
f 5492 5040 5493
f 5493 5041 5494
f 5494 5042 5495
f 5495 5043 5496
f 5496 5044 5497
f 5497 5045 5498
f 5498 5046 5499
f 5499 5047 5500
f 5500 5048 5501
f 5501 5049 5502
f 5502 5050 5503
f 5503 5051 5504
f 5504 5052 5505
f 5505 5053 5506
f 5506 5054 5507
f 5507 5055 5508
f 5508 5056 5509
f 5509 5057 5510
f 5510 5058 5511
f 5511 5059 5512
f 5512 5060 5513
f 5513 5061 5514
f 5514 5062 5515
f 5515 5063 5516
f 5516 5064 5517
f 5517 5065 5518
f 5518 5066 5519
f 5519 5067 5520
f 5520 5068 5521
f 5521 5069 5522
f 5522 5070 5523
f 5523 5071 5524
f 5524 5072 5525
f 5525 5073 5526
f 5526 5074 5527
f 5527 5075 5528
f 5528 5076 5529
f 5529 5077 5530
f 5530 5078 5531
f 5531 5079 5532
f 5532 5080 5533
f 5533 5081 5534
f 5534 5082 5535
f 5535 5083 5536
f 5536 5084 5537
f 5537 5085 5538
f 5538 5086 5539
f 5539 5087 5540
f 5540 5088 5541
f 5541 5089 5542
f 5542 5090 5543
f 5543 5091 5544
f 5544 5092 5545
f 5545 5093 5546
f 5546 5094 5547
f 5547 5095 5548
f 5548 5096 5549
f 5549 5097 5550
f 5550 5098 5551
f 5551 5099 5552
f 5552 5100 5553
f 5553 5101 5554
f 5554 5102 5555
f 5555 5103 5556
f 5556 5104 5557
f 5557 5105 5558
f 5558 5106 5559
f 5559 5107 5560
f 5560 5108 5561
f 5561 5109 5562
f 5562 5110 5563
f 5563 5111 5564
f 5564 5112 5565
f 5565 5113 5566
f 5566 5114 5567
f 5567 5115 5568
f 5568 5116 5569
f 5569 5117 5570
f 5570 5118 5571
f 5571 5119 5572
f 5572 5120 5573
f 5573 5121 5574
f 5574 5122 5575
f 5575 5123 5576
f 5576 5124 5577
f 5577 5125 5578
f 5578 5126 5579
f 5579 5127 5580
f 5580 5128 5581
f 5581 5129 5582
f 5582 5130 5583
f 5583 5131 5584
f 5584 5132 5585
f 5585 5133 5586
f 5586 5134 5587
f 5587 5135 5588
f 5588 5136 5589
f 5589 5137 5590
f 5590 5138 5591
f 5591 5139 5592
f 5592 5140 5593
f 5593 5141 5594
f 5594 5142 5595
f 5595 5143 5596
f 5596 5144 5597
f 5597 5145 5598
f 5598 5146 5599
f 5599 5147 5600
f 5600 5148 5601
f 5601 5149 5602
f 5602 5150 5603
f 5603 5151 5604
f 5604 5152 5605
f 5605 5153 5606
f 5606 5154 5607
f 5607 5155 5608
f 5608 5156 5609
f 5609 5157 5610
f 5610 5158 5611
f 5611 5159 5612
f 5612 5160 5613
f 5613 5161 5614
f 5614 5162 5615
f 5615 5163 5616
f 5616 5164 5617
f 5617 5165 5618
f 5618 5166 5619
f 5619 5167 5620
f 5620 5168 5621
f 5621 5169 5622
f 5622 5170 5623
f 5623 5171 5624
f 5624 5172 5625
f 5625 5173 5626
f 5626 5174 5627
f 5627 5175 5628
f 5628 5176 5629
f 5629 5177 5630
f 5630 5178 5631
f 5631 5179 5632
f 5632 5180 5633
f 5633 5181 5634
f 5634 5182 5635
f 5635 5183 5636
f 5636 5184 5637
f 5637 5185 5638
f 5638 5186 5639
f 5639 5187 5640
f 5640 5188 5641
f 5641 5189 5642
f 5642 5190 5643
f 5643 5191 5644
f 5644 5192 5645
f 5645 5193 5646
f 5646 5194 5647
f 5647 5195 5648
f 5648 5196 5649
f 5649 5197 5650
f 5650 5198 5651
f 5651 5199 5652
f 5652 5200 5653
f 5653 5201 5654
f 5654 5202 5655
f 5655 5203 5656
f 5656 5204 5657
f 5657 5205 5658
f 5658 5206 5659
f 5659 5207 5660
f 5660 5208 5661
f 5661 5209 5662
f 5662 5210 5663
f 5663 5211 5664
f 5664 5212 5665
f 5665 5213 5666
f 5666 5214 5667
f 5667 5215 5668
f 5668 5216 5669
f 5669 5217 5670
f 5670 5218 5671
f 5671 5219 5672
f 5672 5220 5673
f 5673 5221 5674
f 5674 5222 5675
f 5675 5223 5676
f 5676 5224 5677
f 5677 5225 5678
f 5678 5226 5679
f 5679 5227 5680
f 5680 5228 5681
f 5681 5229 5682
f 5682 5230 5683
f 5683 5231 5684
f 5684 5232 5685
f 5685 5233 5686
f 5686 5234 5687
f 5687 5235 5688
f 5688 5236 5689
f 5689 5237 5690
f 5690 5238 5691
f 5691 5239 5692
f 5692 5240 5693
f 5693 5241 5694
f 5694 5242 5695
f 5695 5243 5696
f 5696 5244 5697
f 5697 5245 5698
f 5698 5246 5699
f 5699 5247 5700
f 5700 5248 5701
f 5701 5249 5702
f 5702 5250 5703
f 5703 5251 5704
f 5704 5252 5705
f 5705 5253 5706
f 5706 5254 5707
f 5707 5255 5708
f 5708 5256 5709
f 5709 5257 5710
f 5710 5258 5711
f 5711 5259 5712
f 5712 5260 5713
f 5713 5261 5714
f 5714 5262 5715
f 5715 5263 5716
f 5716 5264 5717
f 5717 5265 5718
f 5718 5266 5719
f 5719 5267 5720
f 5720 5268 5721
f 5721 5269 5722
f 5722 5270 5723
f 5723 5271 5724
f 5724 5272 5725
f 5725 5273 5726
f 5726 5274 5727
f 5727 5305 5758
f 5488 5489 5490
f 5488 5490 5492
f 5490 5491 5492
f 5492 5493 5494
f 5488 5492 5496
f 5480 5496 5507
f 5492 5494 5496
f 5494 5495 5496
f 5496 5497 5498
f 5496 5498 5500
f 5498 5499 5500
f 5496 5500 5504
f 5500 5501 5502
f 5500 5502 5504
f 5496 5504 5507
f 5502 5503 5504
f 5504 5505 5506
f 5504 5506 5507
f 5590 5591 5592
f 5589 5590 5592
f 5588 5589 5596
f 5592 5593 5594
f 5592 5594 5596
f 5589 5592 5596
f 5585 5586 5612
f 5584 5585 5612
f 5594 5595 5596
f 5596 5597 5598
f 5598 5599 5600
f 5596 5598 5600
f 5596 5600 5604
f 5588 5596 5612
f 5587 5588 5612
f 5586 5587 5612
f 5600 5601 5602
f 5602 5603 5604
f 5604 5605 5606
f 5600 5602 5604
f 5596 5604 5612
f 5604 5606 5608
f 5606 5607 5608
f 5608 5609 5610
f 5608 5610 5612
f 5604 5608 5612
f 5610 5611 5612
f 5612 5613 5614
f 5614 5615 5616
f 5616 5617 5618
f 5612 5614 5616
f 5616 5618 5620
f 5612 5616 5620
f 5618 5619 5620
f 5620 5621 5622
f 5622 5623 5624
f 5624 5625 5626
f 5620 5622 5624
f 5624 5626 5628
f 5620 5624 5628
f 5612 5620 5628
f 5626 5627 5628
f 5628 5629 5630
f 5612 5628 5644
f 5630 5631 5632
f 5628 5630 5632
f 5632 5633 5634
f 5628 5632 5636
f 5634 5635 5636
f 5636 5637 5638
f 5638 5639 5640
f 5640 5641 5642
f 5632 5634 5636
f 5636 5638 5640
f 5636 5640 5644
f 5628 5636 5644
f 5612 5644 5675
f 5640 5642 5644
f 5642 5643 5644
f 5644 5645 5646
f 5646 5647 5648
f 5648 5649 5650
f 5644 5646 5648
f 5648 5650 5652
f 5644 5648 5652
f 5650 5651 5652
f 5644 5652 5660
f 5652 5653 5654
f 5654 5655 5656
f 5652 5654 5656
f 5656 5657 5658
f 5658 5659 5660
f 5660 5661 5662
f 5656 5658 5660
f 5652 5656 5660
f 5644 5660 5675
f 5662 5663 5664
f 5664 5665 5666
f 5666 5667 5668
f 5660 5662 5664
f 5664 5666 5668
f 5660 5664 5668
f 5669 5670 5671
f 5671 5672 5673
f 5668 5669 5671
f 5671 5673 5675
f 5668 5671 5675
f 5660 5668 5675
f 5673 5674 5675
f 5675 5676 5677
f 5677 5678 5679
f 5675 5677 5679
f 5675 5679 5683
f 5679 5680 5681
f 5679 5681 5683
f 5612 5675 5769
f 5681 5682 5683
f 5683 5684 5685
f 5683 5685 5687
f 5675 5683 5691
f 5685 5686 5687
f 5687 5688 5689
f 5683 5687 5691
f 5689 5690 5691
f 5687 5689 5691
f 5691 5692 5693
f 5693 5694 5695
f 5691 5693 5695
f 5675 5691 5707
f 5695 5696 5697
f 5691 5695 5699
f 5697 5698 5699
f 5695 5697 5699
f 5691 5699 5707
f 5699 5700 5701
f 5699 5701 5703
f 5701 5702 5703
f 5703 5704 5705
f 5699 5703 5707
f 5705 5706 5707
f 5703 5705 5707
f 5707 5708 5709
f 5707 5709 5711
f 5709 5710 5711
f 5707 5711 5715
f 5711 5712 5713
f 5675 5707 5769
f 5713 5714 5715
f 5711 5713 5715
f 5707 5715 5723
f 5715 5716 5717
f 5715 5717 5719
f 5717 5718 5719
f 5715 5719 5723
f 5719 5720 5721
f 5719 5721 5723
f 5721 5722 5723
f 5723 5724 5725
f 5707 5723 5769
f 5723 5725 5727
f 5725 5726 5727
f 5723 5727 5761
f 5728 5275 4222
f 5729 5276 5275
f 5730 5277 5276
f 5731 5278 5277
f 5732 5279 5278
f 5733 5280 5279
f 5734 5281 5280
f 5735 5282 5281
f 5736 5283 5282
f 5737 5284 5283
f 5738 5285 5284
f 5739 5286 5285
f 5740 5287 5286
f 5741 5288 5287
f 5742 5289 5288
f 5743 5290 5289
f 5744 5291 5290
f 5745 5292 5291
f 5746 5293 5292
f 5747 5294 5293
f 5748 5295 5294
f 5749 5296 5295
f 5750 5297 5296
f 5751 5298 5297
f 5752 5299 5298
f 5753 5300 5299
f 5754 5301 5300
f 5755 5302 5301
f 5756 5303 5302
f 5757 5304 5303
f 5758 5305 5306
f 5759 5306 5307
f 5760 5307 5308
f 5761 5308 5309
f 5762 5309 5310
f 5763 5310 5311
f 5764 5311 5312
f 5765 5312 5313
f 5766 5313 5314
f 5767 5314 5315
f 5768 5315 5316
f 5769 5316 5317
f 5770 5317 5318
f 5771 5318 5319
f 5772 5319 5320
f 5773 5320 5321
f 5774 5321 5322
f 5775 5322 5323
f 5776 5323 5324
f 5777 5324 5325
f 5778 5325 5326
f 5779 5326 5327
f 5780 5327 5328
f 5781 5328 5329
f 5782 5329 5330
f 5783 5330 5331
f 5784 5331 5332
f 5785 5332 5333
f 5786 5333 5334
f 5787 5334 5335
f 5788 5335 5336
f 5789 5336 5337
f 5790 5337 5338
f 5791 5338 5339
f 5792 5339 5340
f 5793 5340 5341
f 5794 5341 5342
f 5795 5342 5343
f 5796 5343 5344
f 5797 5344 5345
f 5798 5345 5346
f 5799 5346 5347
f 5800 5347 5348
f 5801 5348 5349
f 5802 5349 5350
f 5803 5350 5351
f 5804 5351 5352
f 5805 5352 5353
f 5806 5353 5354
f 5807 5354 5356
f 5813 5360 5355
f 5809 5356 5357
f 5810 5357 5358
f 5811 5358 5359
f 5812 5359 5360
f 5814 5361 5304
f 5815 5362 5361
f 5816 5363 5362
f 5817 5364 5363
f 5818 5365 5364
f 5819 5366 5365
f 5820 5367 5366
f 5821 5368 5367
f 5822 5369 5368
f 5824 5371 5370
f 5823 5370 5387
f 5827 5374 5371
f 5844 5390 5372
f 5825 5372 5373
f 5826 5373 5374
f 5828 5375 5369
f 5829 5376 5375
f 5830 5377 5376
f 5831 5378 5377
f 5832 5380 5378
f 5835 5381 5379
f 5833 5379 5380
f 5834 5383 5381
f 5836 5382 5383
f 5838 5384 5382
f 5837 5385 5384
f 5839 5387 5386
f 5840 5386 5385
f 5841 5393 5388
f 5842 5388 5389
f 5843 5389 5390
f 5845 5391 5392
f 5846 5392 5393
f 5847 5395 5394
f 5849 5400 5396
f 5848 5394 5397
f 5851 5397 5398
f 5852 5398 5399
f 5853 5399 5400
f 5850 5396 5391
f 5854 5401 5402
f 5855 5402 5403
f 5856 5403 5404
f 5857 5411 5405
f 5859 5404 5406
f 5860 5406 5407
f 5861 5407 5408
f 5862 5408 5409
f 5863 5409 5410
f 5864 5410 5411
f 5865 5420 5412
f 5866 5412 5413
f 5867 5413 5414
f 5868 5414 5415
f 5869 5415 5416
f 5870 5416 5395
f 5875 5422 5417
f 5871 5417 5418
f 5872 5418 5419
f 5873 5419 5420
f 5858 5405 5421
f 5874 5421 5422
f 5808 5355 5423
f 5876 5423 5424
f 5877 5424 5425
f 5878 5425 5426
f 5879 5426 5427
f 5880 5427 5428
f 5881 5428 5429
f 5886 5433 5430
f 5883 5430 5431
f 5882 5429 5432
f 5885 5432 5433
f 5884 5431 5434
f 5887 5434 5435
f 5888 5435 5436
f 5889 5436 5437
f 5890 5437 5438
f 5891 5438 5439
f 5892 5439 5440
f 5893 5440 5441
f 5894 5441 5442
f 5895 5442 5443
f 5896 5443 5401
f 4984 5728 4222
f 5728 5729 5275
f 5729 5730 5276
f 5730 5731 5277
f 5731 5732 5278
f 5732 5733 5279
f 5733 5734 5280
f 5734 5735 5281
f 5735 5736 5282
f 5736 5737 5283
f 5737 5738 5284
f 5738 5739 5285
f 5739 5740 5286
f 5740 5741 5287
f 5741 5742 5288
f 5742 5743 5289
f 5743 5744 5290
f 5744 5745 5291
f 5745 5746 5292
f 5746 5747 5293
f 5747 5748 5294
f 5748 5749 5295
f 5749 5750 5296
f 5750 5751 5297
f 5751 5752 5298
f 5752 5753 5299
f 5753 5754 5300
f 5754 5755 5301
f 5755 5756 5302
f 5756 5757 5303
f 5757 5814 5304
f 4984 5729 5728
f 4982 5733 5729
f 5729 5731 5730
f 5729 5733 5731
f 5731 5733 5732
f 4982 5741 5733
f 5733 5735 5734
f 5733 5737 5735
f 5735 5737 5736
f 5733 5741 5737
f 5737 5739 5738
f 4982 5757 5741
f 5737 5741 5739
f 5739 5741 5740
f 5741 5743 5742
f 5741 5745 5743
f 5743 5745 5744
f 5741 5749 5745
f 5745 5747 5746
f 5745 5749 5747
f 5747 5749 5748
f 5741 5757 5749
f 5749 5751 5750
f 5749 5753 5751
f 5751 5753 5752
f 5749 5757 5753
f 5753 5755 5754
f 5753 5757 5755
f 5755 5757 5756
f 5758 5306 5759
f 5759 5307 5760
f 5760 5308 5761
f 5761 5309 5762
f 5762 5310 5763
f 5763 5311 5764
f 5764 5312 5765
f 5765 5313 5766
f 5766 5314 5767
f 5767 5315 5768
f 5768 5316 5769
f 5769 5317 5770
f 5770 5318 5771
f 5771 5319 5772
f 5772 5320 5773
f 5773 5321 5774
f 5774 5322 5775
f 5775 5323 5776
f 5776 5324 5777
f 5777 5325 5778
f 5778 5326 5779
f 5779 5327 5780
f 5780 5328 5781
f 5781 5329 5782
f 5782 5330 5783
f 5783 5331 5784
f 5784 5332 5785
f 5785 5333 5786
f 5786 5334 5787
f 5787 5335 5788
f 5788 5336 5789
f 5789 5337 5790
f 5790 5338 5791
f 5791 5339 5792
f 5792 5340 5793
f 5793 5341 5794
f 5794 5342 5795
f 5795 5343 5796
f 5796 5344 5797
f 5797 5345 5798
f 5798 5346 5799
f 5799 5347 5800
f 5800 5348 5801
f 5801 5349 5802
f 5802 5350 5803
f 5803 5351 5804
f 5804 5352 5805
f 5805 5353 5806
f 5806 5354 5807
f 5813 5355 5808
f 5807 5356 5809
f 5809 5357 5810
f 5810 5358 5811
f 5811 5359 5812
f 5812 5360 5813
f 5814 5815 5361
f 5815 5816 5362
f 5816 5817 5363
f 5817 5818 5364
f 5818 5819 5365
f 5819 5820 5366
f 5820 5821 5367
f 5821 5822 5368
f 5824 5370 5823
f 5824 5827 5371
f 5825 5844 5372
f 5825 5373 5826
f 5826 5374 5827
f 5822 5828 5369
f 5828 5829 5375
f 5829 5830 5376
f 5831 5832 5378
f 5830 5831 5377
f 5832 5833 5380
f 5833 5835 5379
f 5834 5381 5835
f 5834 5836 5383
f 5836 5838 5382
f 5837 5840 5385
f 5837 5384 5838
f 5839 5823 5387
f 5839 5386 5840
f 5841 5388 5842
f 5842 5389 5843
f 5843 5390 5844
f 5845 5392 5846
f 5841 5846 5393
f 5847 5870 5395
f 5847 5394 5848
f 5849 5853 5400
f 5849 5396 5850
f 5848 5397 5851
f 5851 5398 5852
f 5852 5399 5853
f 5850 5391 5845
f 5854 5896 5401
f 5854 5402 5855
f 5855 5403 5856
f 5856 5404 5859
f 5857 5864 5411
f 5857 5405 5858
f 5859 5406 5860
f 5860 5407 5861
f 5861 5408 5862
f 5862 5409 5863
f 5863 5410 5864
f 5865 5873 5420
f 5865 5412 5866
f 5866 5413 5867
f 5867 5414 5868
f 5868 5415 5869
f 5869 5416 5870
f 5875 5417 5871
f 5871 5418 5872
f 5872 5419 5873
f 5858 5421 5874
f 5874 5422 5875
f 5808 5423 5876
f 5876 5424 5877
f 5877 5425 5878
f 5878 5426 5879
f 5879 5427 5880
f 5880 5428 5881
f 5881 5429 5882
f 5883 5886 5430
f 5883 5431 5884
f 5882 5432 5885
f 5885 5433 5886
f 5884 5434 5887
f 5887 5435 5888
f 5888 5436 5889
f 5889 5437 5890
f 5890 5438 5891
f 5891 5439 5892
f 5892 5440 5893
f 5893 5441 5894
f 5894 5442 5895
f 5895 5443 5896
f 5612 5769 5757
f 5769 5895 5757
f 5727 5758 5759
f 5727 5759 5761
f 5759 5760 5761
f 5723 5761 5769
f 5761 5762 5763
f 5761 5763 5765
f 5763 5764 5765
f 5761 5765 5769
f 5765 5766 5767
f 5765 5767 5769
f 5767 5768 5769
f 5769 5770 5771
f 5769 5771 5773
f 5771 5772 5773
f 5769 5773 5777
f 5773 5774 5775
f 5773 5775 5777
f 5775 5776 5777
f 5777 5778 5779
f 5769 5777 5785
f 5777 5779 5781
f 5779 5780 5781
f 5777 5781 5785
f 5781 5782 5783
f 5781 5783 5785
f 5783 5784 5785
f 5769 5785 5801
f 5785 5786 5787
f 5785 5787 5789
f 5787 5788 5789
f 5785 5789 5793
f 5789 5790 5791
f 5789 5791 5793
f 5791 5792 5793
f 5769 5801 5895
f 5785 5793 5801
f 5793 5794 5795
f 5793 5795 5797
f 5795 5796 5797
f 5793 5797 5801
f 5797 5798 5799
f 5797 5799 5801
f 5799 5800 5801
f 5801 5802 5803
f 5801 5803 5805
f 5803 5804 5805
f 5801 5805 5810
f 5805 5806 5807
f 5805 5807 5810
f 5810 5808 5879
f 5807 5809 5810
f 5801 5810 5879
f 5810 5811 5812
f 5810 5812 5808
f 5812 5813 5808
f 5757 5815 5814
f 5757 5817 5815
f 5815 5817 5816
f 5757 5821 5817
f 5817 5819 5818
f 5817 5821 5819
f 5819 5821 5820
f 5757 5835 5821
f 5821 5828 5822
f 5757 5895 5846
f 5835 5846 5824
f 5839 5824 5823
f 5825 5826 5844
f 5824 5826 5827
f 5824 5844 5826
f 5824 5846 5844
f 5821 5830 5828
f 5828 5830 5829
f 5821 5835 5830
f 5757 5846 5835
f 5830 5832 5831
f 5830 5835 5832
f 5832 5835 5833
f 5834 5835 5836
f 5835 5837 5836
f 5836 5837 5838
f 5835 5824 5837
f 5837 5839 5840
f 5837 5824 5839
f 5841 5842 5846
f 5842 5843 5844
f 5842 5844 5846
f 5850 5845 5846
f 5847 5848 5851
f 5847 5846 5872
f 5849 5850 5853
f 5850 5846 5853
f 5851 5852 5853
f 5847 5851 5853
f 5847 5853 5846
f 5854 5856 5895
f 5854 5855 5856
f 5856 5862 5895
f 5857 5858 5864
f 5858 5872 5862
f 5856 5859 5860
f 5860 5861 5862
f 5862 5863 5864
f 5856 5860 5862
f 5895 5862 5872
f 5858 5862 5864
f 5895 5872 5846
f 5865 5866 5867
f 5867 5868 5869
f 5865 5867 5872
f 5847 5867 5869
f 5847 5872 5867
f 5847 5869 5870
f 5875 5871 5872
f 5865 5872 5873
f 5858 5874 5875
f 5858 5875 5872
f 5808 5876 5877
f 5801 5879 5895
f 5877 5878 5879
f 5808 5877 5879
f 5879 5880 5881
f 5879 5881 5885
f 5881 5882 5885
f 5883 5884 5887
f 5883 5887 5885
f 5883 5885 5886
f 5879 5885 5887
f 5879 5887 5895
f 5887 5888 5889
f 5887 5889 5891
f 5889 5890 5891
f 5887 5891 5895
f 5891 5892 5893
f 5893 5894 5895
f 5891 5893 5895
f 5854 5895 5896
f 6852 5912 5913
f 6853 5913 5914
f 6855 5914 5915
f 6856 5915 5916
f 6857 5916 5917
f 6858 5917 5918
f 6859 5918 5919
f 6860 5919 5920
f 6861 5920 5921
f 6862 5921 5922
f 6863 5922 5933
f 6864 5923 2438
f 6865 5924 5923
f 6866 5925 5924
f 6867 5926 5925
f 6868 5927 5926
f 6869 5928 5927
f 6870 5929 5928
f 6871 5930 5929
f 6872 5931 5930
f 6873 5932 5931
f 6895 5954 5932
f 6874 5933 5934
f 6875 5934 5935
f 6876 5935 5936
f 6877 5936 5937
f 6878 5937 5938
f 6879 5938 5939
f 6880 5939 5940
f 6881 5940 5941
f 6882 5941 5942
f 6883 5942 5943
f 6884 5943 5944
f 6885 5944 5945
f 6886 5945 5946
f 6887 5946 5947
f 6888 5947 5948
f 6889 5948 5949
f 6890 5949 5950
f 6891 5950 5951
f 6892 5951 5952
f 6893 5952 5953
f 6894 5953 6453
f 6896 5955 5954
f 6897 5956 5955
f 6898 5957 5956
f 6899 5958 5957
f 6900 5959 5958
f 6901 5960 5959
f 6902 5961 5960
f 6903 5962 5961
f 6904 5963 5962
f 6905 5964 5963
f 6906 5965 5964
f 6907 5966 5965
f 6908 5967 5966
f 6909 5968 5967
f 6910 5969 5968
f 6911 5970 5969
f 7619 6677 5970
f 6852 5913 6853
f 6853 5914 6854
f 6854 5914 6855
f 6855 5915 6856
f 6856 5916 6857
f 6857 5917 6858
f 6858 5918 6859
f 6859 5919 6860
f 6860 5920 6861
f 6861 5921 6862
f 6862 5922 6863
f 2752 2753 6875
f 2753 2754 6875
f 2754 2755 6875
f 6852 6853 6857
f 2740 2741 7436
f 2741 2742 7436
f 2742 2747 7436
f 2747 2748 7436
f 6853 6854 6857
f 2755 2756 6875
f 6854 6855 6857
f 2756 6852 6875
f 6855 6856 6857
f 2748 2749 7436
f 2749 2750 7436
f 2750 2751 7436
f 6852 6857 6875
f 6857 6858 6859
f 6857 6859 6861
f 6859 6860 6861
f 2625 7441 7442
f 2625 7442 7443
f 2625 7443 7444
f 2625 7444 7445
f 2625 7445 7446
f 2626 7436 7437
f 2626 7437 7438
f 2626 7438 7439
f 2626 7439 7440
f 2626 7440 7441
f 2625 7446 7447
f 2625 7447 7448
f 2625 7448 7449
f 2625 7449 7450
f 6857 6861 6875
f 6861 6862 6863
f 6861 6863 6875
f 2751 6875 7436
f 6864 6865 5923
f 6865 6866 5924
f 6866 6867 5925
f 6867 6868 5926
f 6868 6869 5927
f 6869 6870 5928
f 6870 6871 5929
f 6871 6872 5930
f 6872 6873 5931
f 6873 6895 5932
f 2761 6868 6864
f 6864 6866 6865
f 6864 6868 6866
f 6866 6868 6867
f 2761 6897 6868
f 6868 6870 6869
f 6868 6872 6870
f 6870 6872 6871
f 6868 6897 6872
f 6872 6895 6873
f 2761 7620 6897
f 6863 5933 6874
f 6874 5934 6875
f 6875 5935 6876
f 6876 5936 6877
f 6877 5937 6878
f 6878 5938 6879
f 6879 5939 6880
f 6880 5940 6881
f 6881 5941 6882
f 6882 5942 6883
f 6883 5943 6884
f 6884 5944 6885
f 6885 5945 6886
f 6886 5946 6887
f 6887 5947 6888
f 6888 5948 6889
f 6889 5949 6890
f 6890 5950 6891
f 6891 5951 6892
f 6892 5952 6893
f 6893 5953 6894
f 6863 6874 6875
f 6875 6876 6877
f 6875 6877 6879
f 6877 6878 6879
f 6875 6879 6883
f 6879 6880 6881
f 6879 6881 6883
f 6881 6882 6883
f 6875 6883 6891
f 6883 6884 6885
f 6883 6885 6887
f 6885 6886 6887
f 6883 6887 6891
f 6875 6891 7406
f 6887 6888 6889
f 6887 6889 6891
f 6889 6890 6891
f 6891 6892 6893
f 6891 6893 7394
f 6893 6894 7394
f 6875 7406 7431
f 6875 7431 7432
f 6875 7432 7433
f 6875 7433 7434
f 6875 7434 7435
f 6875 7435 7436
f 6895 6896 5954
f 6896 6897 5955
f 6897 6898 5956
f 6898 6899 5957
f 6899 6900 5958
f 6900 6901 5959
f 6901 6902 5960
f 6902 6903 5961
f 6903 6904 5962
f 6904 6905 5963
f 6905 6906 5964
f 6906 6907 5965
f 6907 6908 5966
f 6908 6909 5967
f 6909 6910 5968
f 6910 6911 5969
f 6911 7619 5970
f 6872 6897 6895
f 6895 6897 6896
f 6897 6899 6898
f 6897 6901 6899
f 6899 6901 6900
f 6897 6905 6901
f 6901 6903 6902
f 6901 6905 6903
f 6903 6905 6904
f 6897 7620 6905
f 6905 6907 6906
f 6905 6909 6907
f 6907 6909 6908
f 6905 7620 6909
f 6909 6911 6910
f 6909 7620 6911
f 2821 2490 5971
f 6912 5971 5972
f 6913 5972 5973
f 6914 5973 5974
f 6915 5974 5975
f 6916 5975 5976
f 6917 5976 5977
f 6918 5977 5978
f 6919 5978 5979
f 6920 5979 5980
f 6921 5980 5981
f 6922 5981 5982
f 6923 5982 5983
f 6924 5983 5984
f 6925 5984 5985
f 6926 5985 5986
f 6927 5986 5987
f 6928 5987 5988
f 6929 5988 5989
f 6930 5989 5990
f 6931 5990 5991
f 6932 5991 5992
f 6933 5992 5993
f 6934 5993 5994
f 6935 5994 5995
f 6936 5995 5996
f 6937 5996 5997
f 6938 5997 5998
f 6939 5998 5999
f 6940 5999 6000
f 6941 6000 6001
f 6942 6001 6002
f 6943 6002 6003
f 6944 6003 6004
f 6945 6004 6005
f 6946 6005 6006
f 6947 6006 6007
f 6948 6007 6008
f 6949 6008 6009
f 6950 6009 6010
f 6951 6010 6011
f 6952 6011 6012
f 6953 6012 6013
f 6954 6013 6014
f 6955 6014 6015
f 6956 6015 6016
f 6957 6016 6017
f 6958 6017 6018
f 6959 6018 6019
f 6960 6019 6020
f 6961 6020 6021
f 6962 6021 6022
f 6963 6022 6023
f 6964 6023 6024
f 6965 6024 6025
f 6966 6025 6026
f 6967 6026 6027
f 6968 6027 6028
f 6969 6028 6029
f 6970 6029 6030
f 6971 6030 6031
f 6972 6031 6032
f 6973 6032 6033
f 6974 6033 6034
f 6975 6034 6035
f 6976 6035 6036
f 6977 6036 6037
f 6978 6037 6038
f 6979 6038 6039
f 6980 6039 6040
f 6981 6040 6041
f 6982 6041 6042
f 6983 6042 6043
f 6984 6043 6117
f 6985 6044 2512
f 6986 6045 6044
f 6987 6046 6045
f 6988 6047 6046
f 6989 6048 6047
f 6990 6049 6048
f 6991 6050 6049
f 6992 6051 6050
f 6993 6052 6051
f 6994 6053 6052
f 6995 6054 6053
f 6996 6055 6054
f 6997 6056 6055
f 6998 6057 6056
f 6999 6058 6057
f 7000 6059 6058
f 7001 6060 6059
f 7002 6061 6060
f 7003 6062 6061
f 7004 6063 6062
f 7005 6064 6063
f 7006 6065 6064
f 7007 6066 6065
f 7008 6067 6066
f 7009 6068 6067
f 7010 6069 6068
f 7011 6070 6069
f 7012 6071 6070
f 7013 6072 6071
f 7014 6073 6072
f 7015 6074 6073
f 7016 6075 6074
f 7017 6076 6075
f 7018 6077 6076
f 7020 6079 6077
f 7019 6078 6079
f 7022 6081 6080
f 7021 6080 6078
f 7023 6083 6081
f 7024 6084 6082
f 7025 6082 6083
f 7333 6392 6085
f 7026 6085 6086
f 7027 6086 6087
f 7029 6104 6088
f 7030 6088 6089
f 7031 6089 6090
f 7032 6090 6091
f 7033 6091 6092
f 7034 6092 6093
f 7035 6093 6094
f 7036 6094 6095
f 7037 6095 6096
f 7038 6096 6097
f 7039 6097 6084
f 7040 6098 6099
f 7041 6099 6100
f 7042 6100 6101
f 7043 6101 6102
f 7044 6102 6103
f 7045 6103 6104
f 7057 6116 6105
f 7046 6105 6106
f 7047 6106 6107
f 7048 6107 6108
f 7049 6108 6109
f 7050 6109 6098
f 7028 6087 6110
f 7051 6110 6111
f 7052 6111 6112
f 7053 6112 6113
f 7054 6113 6114
f 7055 6114 6115
f 7056 6115 6116
f 7058 6117 6118
f 7059 6118 6119
f 7060 6119 6120
f 7061 6120 6121
f 7062 6121 6122
f 7063 6122 6123
f 7064 6123 6124
f 7065 6124 6125
f 7066 6125 6126
f 7067 6126 6127
f 7068 6127 6128
f 7069 6128 6129
f 7070 6129 6130
f 7071 6130 6131
f 7072 6131 6132
f 7073 6132 6133
f 7074 6133 6134
f 7075 6134 6135
f 7076 6135 6136
f 7077 6136 6137
f 7078 6137 6138
f 7079 6138 6139
f 7080 6139 6140
f 7081 6140 6141
f 7082 6141 6142
f 7083 6142 6143
f 7084 6143 6144
f 7085 6144 6145
f 7086 6145 6146
f 7087 6146 6147
f 7088 6147 6148
f 7089 6148 6149
f 7090 6149 6150
f 7091 6150 6151
f 7092 6151 6152
f 7093 6152 6153
f 7094 6153 6154
f 7095 6154 6155
f 7096 6155 6156
f 7097 6156 6157
f 7098 6157 6158
f 7099 6158 6159
f 7100 6159 6160
f 7101 6160 6161
f 7102 6161 6162
f 7103 6162 6163
f 7104 6163 6164
f 7105 6164 6165
f 7106 6165 6166
f 7107 6166 6167
f 7108 6167 6168
f 7109 6168 6169
f 7110 6169 6170
f 7111 6170 6171
f 7112 6171 6172
f 7113 6172 6173
f 7114 6173 6174
f 7115 6174 6175
f 7116 6175 6176
f 7117 6176 6177
f 7118 6177 6178
f 7119 6178 6179
f 7120 6179 6180
f 7121 6180 6181
f 7122 6181 6182
f 7123 6182 6183
f 7124 6183 6184
f 7125 6184 6185
f 7126 6185 6186
f 7127 6186 6187
f 7128 6187 6188
f 7129 6188 6189
f 7130 6189 6190
f 7131 6190 6191
f 7132 6191 6192
f 7133 6192 6193
f 7134 6193 6194
f 7135 6194 6195
f 7136 6195 6196
f 7137 6196 6197
f 7138 6197 6198
f 7139 6198 6199
f 7140 6199 6200
f 7141 6200 6201
f 7142 6201 6202
f 7143 6202 6203
f 7144 6203 6204
f 7145 6204 6205
f 7146 6205 6206
f 7147 6206 6207
f 7148 6207 6208
f 7149 6208 6209
f 7150 6209 6210
f 7151 6210 6211
f 7152 6211 6212
f 7153 6212 6213
f 7154 6213 6214
f 7155 6214 6215
f 7156 6215 6216
f 7157 6216 6217
f 7158 6217 6218
f 7159 6218 6219
f 7160 6219 6220
f 7161 6220 6221
f 7162 6221 6222
f 7163 6222 6223
f 7164 6223 6224
f 7165 6224 6225
f 7166 6225 6226
f 7167 6226 6227
f 7168 6227 6228
f 7169 6228 6229
f 7170 6229 6230
f 7171 6230 6231
f 7172 6231 6232
f 7173 6232 6233
f 7174 6233 6234
f 7175 6234 6235
f 7176 6235 6236
f 7177 6236 6237
f 7178 6237 6238
f 7179 6238 6239
f 7180 6239 6240
f 7181 6240 6241
f 7182 6241 6242
f 7183 6242 6243
f 7184 6243 6244
f 7185 6244 6245
f 7186 6245 6246
f 7187 6246 6247
f 7188 6247 6248
f 7189 6248 6249
f 7190 6249 6250
f 7191 6250 6251
f 7192 6251 6298
f 7196 6255 6252
f 7193 6252 6449
f 7194 6253 6254
f 7195 6254 6255
f 7203 6262 6256
f 7197 6256 6257
f 7198 6257 6253
f 7210 6268 6258
f 7199 6258 6259
f 7200 6259 6260
f 7201 6260 6261
f 7202 6261 6262
f 7204 6263 6264
f 7205 6264 6269
f 7206 6270 6265
f 7207 6265 6266
f 7208 6266 6267
f 7209 6267 6268
f 7211 6269 6270
f 7212 6277 6271
f 7213 6271 6263
f 7223 6282 6272
f 7214 6272 6273
f 7215 6273 6274
f 7216 6274 6275
f 7217 6275 6276
f 7218 6276 6277
f 7234 6293 6288
f 7226 6285 6278
f 7219 6278 6279
f 7220 6279 6280
f 7221 6280 6281
f 7222 6281 6282
f 7224 6283 6284
f 7225 6284 6285
f 7227 6291 6286
f 7228 6286 6287
f 7229 6287 6283
f 7230 6288 6289
f 7231 6289 6290
f 7232 6290 6291
f 7235 6294 6292
f 7233 6292 6293
f 7236 6295 6294
f 7238 6297 6295
f 7281 6340 6296
f 7237 6296 6297
f 7239 6298 6299
f 7240 6299 6300
f 7241 6300 6301
f 7242 6301 6302
f 7243 6302 6303
f 7244 6303 6304
f 7245 6304 6305
f 7246 6305 6306
f 7247 6306 6307
f 7248 6307 6308
f 7249 6308 6309
f 7250 6309 6310
f 7251 6310 6311
f 7252 6311 6312
f 7253 6312 6313
f 7254 6313 6314
f 7255 6314 6315
f 7256 6315 6316
f 7257 6316 6317
f 7258 6317 6318
f 7259 6318 6319
f 7260 6319 6320
f 7261 6320 6321
f 7262 6321 6322
f 7263 6322 6323
f 7264 6323 6324
f 7265 6324 6325
f 7266 6325 6326
f 7267 6326 6327
f 7268 6327 6328
f 7269 6328 6353
f 7271 6330 6345
f 7270 6329 6330
f 7272 6331 6332
f 7273 6336 6333
f 7274 6333 6329
f 7275 6332 6334
f 7276 6334 6335
f 7277 6335 6336
f 7278 6337 6338
f 7279 6338 6339
f 7280 6339 6340
f 7282 6343 6337
f 7283 6344 6341
f 7284 6341 6342
f 7285 6342 6343
f 7286 6345 6346
f 7287 6346 6344
f 7288 6347 6348
f 7289 6348 6349
f 7290 6349 6350
f 7291 6350 6351
f 7292 6351 6352
f 7293 6352 6359
f 7294 6353 6354
f 7295 6354 6355
f 7296 6355 6356
f 7297 6356 6357
f 7298 6357 6358
f 7299 6358 6347
f 7300 6359 6360
f 7301 6360 6361
f 7302 6361 6362
f 7303 6362 6363
f 7304 6363 6331
f 7305 6368 6405
f 7306 6364 6365
f 7307 6365 6366
f 7308 6366 6367
f 7309 6367 6368
f 7373 6432 6369
f 7310 6369 6370
f 7311 6370 6372
f 7312 6377 6371
f 7313 6372 6373
f 7314 6373 6374
f 7315 6374 6375
f 7316 6375 6376
f 7317 6376 6377
f 7318 6371 6378
f 7319 6378 6379
f 7320 6379 6364
f 7321 6386 6380
f 7322 6380 6381
f 7324 6382 6383
f 7325 6383 6384
f 7326 6384 6385
f 7327 6385 6386
f 7323 6381 6387
f 7328 6387 6388
f 7329 6388 6389
f 7330 6389 6390
f 7331 6390 6391
f 7332 6391 6392
f 7342 6401 6393
f 7334 6393 6402
f 7335 6395 6394
f 7336 6394 6396
f 7337 6396 6397
f 7338 6397 6398
f 7339 6398 6399
f 7340 6399 6400
f 7341 6400 6401
f 7343 6402 6403
f 7344 6403 6404
f 7345 6404 6382
f 7346 6405 6406
f 7347 6406 6407
f 7348 6407 6408
f 7349 6408 6409
f 7350 6409 6410
f 7351 6410 6411
f 7352 6411 6395
f 7353 6419 6412
f 7354 6412 6413
f 7356 6420 6414
f 7357 6414 6415
f 7358 6415 6416
f 7359 6416 6417
f 7360 6417 6418
f 7361 6418 6419
f 7366 6426 6421
f 7362 6421 6422
f 7363 6423 6424
f 7364 6424 6425
f 7365 6425 6426
f 7367 6422 6427
f 7368 6427 6428
f 7369 6428 6429
f 7370 6429 6430
f 7371 6430 6431
f 7372 6431 6432
f 7355 6413 6423
f 7384 6443 6433
f 7375 6433 6434
f 7376 6434 6435
f 7374 6435 6436
f 7377 6436 6437
f 7378 6437 6438
f 7379 6438 6439
f 7380 6439 6440
f 7381 6440 6420
f 7393 6452 6441
f 7382 6448 6442
f 7383 6442 6443
f 7385 6441 6444
f 7386 6444 6445
f 7387 6445 6446
f 7388 6446 6447
f 7389 6447 6448
f 7390 6449 6450
f 7391 6450 6451
f 7392 6451 6452
f 2821 5971 6912
f 6912 5972 6913
f 6913 5973 6914
f 6914 5974 6915
f 6915 5975 6916
f 6916 5976 6917
f 6917 5977 6918
f 6918 5978 6919
f 6919 5979 6920
f 6920 5980 6921
f 6921 5981 6922
f 6922 5982 6923
f 6923 5983 6924
f 6924 5984 6925
f 6925 5985 6926
f 6926 5986 6927
f 6927 5987 6928
f 6928 5988 6929
f 6929 5989 6930
f 6930 5990 6931
f 6931 5991 6932
f 6932 5992 6933
f 6933 5993 6934
f 6934 5994 6935
f 6935 5995 6936
f 6936 5996 6937
f 6937 5997 6938
f 6938 5998 6939
f 6939 5999 6940
f 6940 6000 6941
f 6941 6001 6942
f 6942 6002 6943
f 6943 6003 6944
f 6944 6004 6945
f 6945 6005 6946
f 6946 6006 6947
f 6947 6007 6948
f 6948 6008 6949
f 6949 6009 6950
f 6950 6010 6951
f 6951 6011 6952
f 6952 6012 6953
f 6953 6013 6954
f 6954 6014 6955
f 6955 6015 6956
f 6956 6016 6957
f 6957 6017 6958
f 6958 6018 6959
f 6959 6019 6960
f 6960 6020 6961
f 6961 6021 6962
f 6962 6022 6963
f 6963 6023 6964
f 6964 6024 6965
f 6965 6025 6966
f 6966 6026 6967
f 6967 6027 6968
f 6968 6028 6969
f 6969 6029 6970
f 6970 6030 6971
f 6971 6031 6972
f 6972 6032 6973
f 6973 6033 6974
f 6974 6034 6975
f 6975 6035 6976
f 6976 6036 6977
f 6977 6037 6978
f 6978 6038 6979
f 6979 6039 6980
f 6980 6040 6981
f 6981 6041 6982
f 6982 6042 6983
f 6983 6043 6984
f 6984 6117 7058
f 2821 6912 6913
f 2821 6913 6915
f 2809 6915 6931
f 6913 6914 6915
f 6915 6916 6917
f 6915 6917 6919
f 6917 6918 6919
f 6915 6919 6923
f 6919 6920 6921
f 6919 6921 6923
f 6921 6922 6923
f 6915 6923 6931
f 6923 6924 6925
f 6923 6925 6927
f 2795 7112 7113
f 2795 7113 7114
f 2795 7114 7115
f 2795 7115 7116
f 2795 7116 7117
f 2795 7117 7118
f 2795 7118 7119
f 2795 7119 7120
f 2795 7120 7121
f 2795 7121 7122
f 2795 7122 7123
f 2795 7123 7124
f 2795 7124 7125
f 2795 7125 7126
f 2795 7126 7127
f 2795 7127 7128
f 2795 7128 7129
f 2795 7129 7130
f 2795 7130 7131
f 2795 7131 7132
f 2795 7132 7133
f 2795 7133 7134
f 2795 7134 7135
f 2795 7135 7136
f 2795 7136 7137
f 2795 7137 7138
f 2795 7138 7139
f 2795 7139 7140
f 2795 7140 7141
f 2795 7141 7142
f 2795 7142 7143
f 2795 7143 7144
f 2795 7144 7145
f 2795 7145 7219
f 6925 6926 6927
f 6923 6927 6931
f 6927 6928 6929
f 6927 6929 6931
f 6929 6930 6931
f 6931 6932 6933
f 6931 6933 6935
f 6933 6934 6935
f 6931 6935 6939
f 6935 6936 6937
f 6935 6937 6939
f 6937 6938 6939
f 6931 6939 6947
f 6939 6940 6941
f 6939 6941 6943
f 6931 6947 6963
f 6941 6942 6943
f 6939 6943 6947
f 6943 6944 6945
f 6931 6963 7068
f 6943 6945 6947
f 6945 6946 6947
f 6947 6948 6949
f 6947 6949 6951
f 6949 6950 6951
f 6947 6951 6955
f 6951 6952 6953
f 6951 6953 6955
f 6947 6955 6963
f 6953 6954 6955
f 6955 6956 6957
f 6957 6958 6959
f 6959 6960 6961
f 6961 6962 6963
f 6955 6957 6959
f 6959 6961 6963
f 6955 6959 6963
f 6963 6964 6965
f 6965 6966 6967
f 6967 6968 6969
f 6963 6965 6967
f 6967 6969 6971
f 6963 6967 6971
f 6969 6970 6971
f 6971 6972 6973
f 6973 6974 6975
f 6971 6973 6975
f 6963 6971 6979
f 6975 6976 6977
f 6977 6978 6979
f 6975 6977 6979
f 6971 6975 6979
f 6979 6980 6981
f 6981 6982 6983
f 6983 6984 7058
f 6979 6981 6983
f 6979 6983 7060
f 6963 6979 7068
f 2843 6985 2512
f 6985 6986 6044
f 6986 6987 6045
f 6987 6988 6046
f 6988 6989 6047
f 6989 6990 6048
f 6990 6991 6049
f 6991 6992 6050
f 6992 6993 6051
f 6993 6994 6052
f 6994 6995 6053
f 6995 6996 6054
f 6996 6997 6055
f 6997 6998 6056
f 6998 6999 6057
f 6999 7000 6058
f 7000 7001 6059
f 7001 7002 6060
f 7002 7003 6061
f 7003 7004 6062
f 7004 7005 6063
f 7005 7006 6064
f 7006 7007 6065
f 7007 7008 6066
f 7008 7009 6067
f 7009 7010 6068
f 7010 7011 6069
f 7011 7012 6070
f 7012 7013 6071
f 7013 7014 6072
f 7014 7015 6073
f 7015 7016 6074
f 7016 7017 6075
f 7017 7018 6076
f 7018 7020 6077
f 7020 7019 6079
f 7019 7021 6078
f 7021 7022 6080
f 7023 6081 7022
f 7024 7039 6084
f 7024 6082 7025
f 7023 7025 6083
f 7026 7333 6085
f 7026 6086 7027
f 7027 6087 7028
f 7029 7045 6104
f 7029 6088 7030
f 7030 6089 7031
f 7031 6090 7032
f 7032 6091 7033
f 7033 6092 7034
f 7034 6093 7035
f 7035 6094 7036
f 7036 6095 7037
f 7037 6096 7038
f 7038 6097 7039
f 7050 6098 7040
f 7040 6099 7041
f 7041 6100 7042
f 7042 6101 7043
f 7043 6102 7044
f 7044 6103 7045
f 7046 7057 6105
f 7046 6106 7047
f 7047 6107 7048
f 7048 6108 7049
f 7049 6109 7050
f 7028 6110 7051
f 7051 6111 7052
f 7052 6112 7053
f 7053 6113 7054
f 7054 6114 7055
f 7055 6115 7056
f 7056 6116 7057
f 2843 6986 6985
f 2841 6990 6986
f 6986 6988 6987
f 6986 6990 6988
f 6988 6990 6989
f 2795 7349 7022
f 2795 7364 7365
f 2795 7363 7364
f 2795 7355 7363
f 2795 7354 7355
f 2795 7353 7354
f 2795 7361 7353
f 2795 7360 7361
f 2795 7359 7360
f 2795 7358 7359
f 2795 7357 7358
f 6990 6992 6991
f 2795 7367 7349
f 2795 7362 7367
f 2795 7366 7362
f 2795 7365 7366
f 6990 6994 6992
f 2795 7382 7383
f 2795 7389 7382
f 2795 7380 7381
f 2795 7379 7380
f 2795 7378 7379
f 2795 7377 7378
f 2795 7374 7377
f 2795 7376 7374
f 2795 7375 7376
f 2795 7384 7375
f 2795 7383 7384
f 2795 7356 7357
f 2795 7381 7356
f 2795 7388 7389
f 2795 7387 7388
f 2795 7386 7387
f 2795 7385 7386
f 2795 7393 7385
f 2795 7392 7393
f 2795 7391 7392
f 2795 7390 7391
f 2795 7193 7390
f 2795 7196 7193
f 2795 7195 7196
f 2795 7207 7208
f 2795 7205 7211
f 2795 7206 7207
f 2795 7211 7206
f 2795 7215 7216
f 2795 7216 7217
f 2795 7217 7218
f 2795 7218 7212
f 2795 7212 7213
f 2795 7213 7204
f 2795 7204 7205
f 2795 7198 7194
f 2795 7197 7198
f 2795 7203 7197
f 2795 7202 7203
f 2795 7201 7202
f 2795 7200 7201
f 2795 7199 7200
f 2795 7194 7195
f 2795 7210 7199
f 2795 7209 7210
f 2795 7208 7209
f 6992 6994 6993
f 6990 6998 6994
f 2795 7219 7220
f 2795 7220 7221
f 2795 7221 7222
f 2795 7222 7223
f 2795 7223 7214
f 2795 7214 7215
f 6994 6996 6995
f 6994 6998 6996
f 6996 6998 6997
f 6990 7006 6998
f 6998 7000 6999
f 6998 7002 7000
f 7000 7002 7001
f 6998 7006 7002
f 6990 7022 7006
f 7002 7004 7003
f 7002 7006 7004
f 7004 7006 7005
f 7006 7008 7007
f 7006 7010 7008
f 7008 7010 7009
f 7006 7014 7010
f 7010 7012 7011
f 7010 7014 7012
f 7012 7014 7013
f 7006 7022 7014
f 7014 7016 7015
f 7014 7018 7016
f 7016 7018 7017
f 7014 7022 7018
f 7018 7022 7019
f 7018 7019 7020
f 7019 7022 7021
f 7023 7022 7025
f 7024 7025 7039
f 7022 7039 7025
f 7022 7035 7039
f 7022 7044 7035
f 7026 7027 7333
f 7027 7028 7051
f 7027 7051 7333
f 7022 7349 7051
f 7022 7051 7044
f 7029 7030 7031
f 7031 7032 7033
f 7033 7034 7035
f 7035 7036 7037
f 7037 7038 7039
f 7029 7031 7044
f 7031 7033 7035
f 7035 7037 7039
f 7031 7035 7044
f 7040 7041 7042
f 7042 7043 7044
f 7040 7042 7044
f 7047 7040 7044
f 7029 7044 7045
f 7046 7047 7057
f 7047 7048 7049
f 7049 7050 7040
f 7047 7049 7040
f 7047 7044 7051
f 7051 7052 7053
f 7053 7054 7055
f 7055 7056 7057
f 7051 7053 7055
f 7047 7055 7057
f 7047 7051 7055
f 7058 6118 7059
f 7059 6119 7060
f 7060 6120 7061
f 7061 6121 7062
f 7062 6122 7063
f 7063 6123 7064
f 7064 6124 7065
f 7065 6125 7066
f 7066 6126 7067
f 7067 6127 7068
f 7068 6128 7069
f 7069 6129 7070
f 7070 6130 7071
f 7071 6131 7072
f 7072 6132 7073
f 7073 6133 7074
f 7074 6134 7075
f 7075 6135 7076
f 7076 6136 7077
f 7077 6137 7078
f 7078 6138 7079
f 7079 6139 7080
f 7080 6140 7081
f 7081 6141 7082
f 7082 6142 7083
f 7083 6143 7084
f 7084 6144 7085
f 7085 6145 7086
f 7086 6146 7087
f 7087 6147 7088
f 7088 6148 7089
f 7089 6149 7090
f 7090 6150 7091
f 7091 6151 7092
f 7092 6152 7093
f 7093 6153 7094
f 7094 6154 7095
f 7095 6155 7096
f 7096 6156 7097
f 7097 6157 7098
f 7098 6158 7099
f 7099 6159 7100
f 7100 6160 7101
f 7101 6161 7102
f 7102 6162 7103
f 7103 6163 7104
f 7104 6164 7105
f 7105 6165 7106
f 7106 6166 7107
f 7107 6167 7108
f 7108 6168 7109
f 7109 6169 7110
f 7110 6170 7111
f 7111 6171 7112
f 7112 6172 7113
f 7113 6173 7114
f 7114 6174 7115
f 7115 6175 7116
f 7116 6176 7117
f 7117 6177 7118
f 7118 6178 7119
f 7119 6179 7120
f 7120 6180 7121
f 7121 6181 7122
f 7122 6182 7123
f 7123 6183 7124
f 7124 6184 7125
f 7125 6185 7126
f 7126 6186 7127
f 7127 6187 7128
f 7128 6188 7129
f 7129 6189 7130
f 7130 6190 7131
f 7131 6191 7132
f 7132 6192 7133
f 7133 6193 7134
f 7134 6194 7135
f 7135 6195 7136
f 7136 6196 7137
f 7137 6197 7138
f 7138 6198 7139
f 7139 6199 7140
f 7140 6200 7141
f 7141 6201 7142
f 7142 6202 7143
f 7143 6203 7144
f 7144 6204 7145
f 7145 6205 7146
f 7146 6206 7147
f 7147 6207 7148
f 7148 6208 7149
f 7149 6209 7150
f 7150 6210 7151
f 7151 6211 7152
f 7152 6212 7153
f 7153 6213 7154
f 7154 6214 7155
f 7155 6215 7156
f 7156 6216 7157
f 7157 6217 7158
f 7158 6218 7159
f 7159 6219 7160
f 7160 6220 7161
f 7161 6221 7162
f 7162 6222 7163
f 7163 6223 7164
f 7164 6224 7165
f 7165 6225 7166
f 7166 6226 7167
f 7167 6227 7168
f 7168 6228 7169
f 7169 6229 7170
f 7170 6230 7171
f 7171 6231 7172
f 7172 6232 7173
f 7173 6233 7174
f 7174 6234 7175
f 7175 6235 7176
f 7176 6236 7177
f 7177 6237 7178
f 7178 6238 7179
f 7179 6239 7180
f 7180 6240 7181
f 7181 6241 7182
f 7182 6242 7183
f 7183 6243 7184
f 7184 6244 7185
f 7185 6245 7186
f 7186 6246 7187
f 7187 6247 7188
f 7188 6248 7189
f 7189 6249 7190
f 7190 6250 7191
f 7191 6251 7192
f 7192 6298 7239
f 7193 7196 6252
f 7193 6449 7390
f 7194 6254 7195
f 7195 6255 7196
f 7197 7203 6256
f 7197 6257 7198
f 7198 6253 7194
f 7199 7210 6258
f 7199 6259 7200
f 7200 6260 7201
f 7201 6261 7202
f 7202 6262 7203
f 7204 6264 7205
f 7205 6269 7211
f 7206 7211 6270
f 7206 6265 7207
f 7207 6266 7208
f 7208 6267 7209
f 7209 6268 7210
f 7212 7218 6277
f 7212 6271 7213
f 7213 6263 7204
f 7214 7223 6272
f 7214 6273 7215
f 7215 6274 7216
f 7216 6275 7217
f 7217 6276 7218
f 7219 7226 6278
f 7219 6279 7220
f 7220 6280 7221
f 7221 6281 7222
f 7222 6282 7223
f 7229 6283 7224
f 7224 6284 7225
f 7225 6285 7226
f 7227 6286 7228
f 7228 6287 7229
f 7230 7234 6288
f 7230 6289 7231
f 7231 6290 7232
f 7227 7232 6291
f 7233 7235 6292
f 7233 6293 7234
f 7236 6294 7235
f 7236 7238 6295
f 7237 7281 6296
f 7237 6297 7238
f 7239 6299 7240
f 7240 6300 7241
f 7241 6301 7242
f 7242 6302 7243
f 7243 6303 7244
f 7244 6304 7245
f 7245 6305 7246
f 7246 6306 7247
f 7247 6307 7248
f 7248 6308 7249
f 7249 6309 7250
f 7250 6310 7251
f 7251 6311 7252
f 7252 6312 7253
f 7253 6313 7254
f 7254 6314 7255
f 7255 6315 7256
f 7256 6316 7257
f 7257 6317 7258
f 7258 6318 7259
f 7259 6319 7260
f 7260 6320 7261
f 7261 6321 7262
f 7262 6322 7263
f 7263 6323 7264
f 7264 6324 7265
f 7265 6325 7266
f 7266 6326 7267
f 7267 6327 7268
f 7268 6328 7269
f 7274 6329 7270
f 7270 6330 7271
f 7272 7304 6331
f 7272 6332 7275
f 7273 7277 6336
f 7273 6333 7274
f 7275 6334 7276
f 7276 6335 7277
f 7279 7278 6338
f 7279 6339 7280
f 7280 6340 7281
f 7282 7285 6343
f 7282 6337 7278
f 7283 6341 7284
f 7284 6342 7285
f 7286 7271 6345
f 7286 6346 7287
f 7283 7287 6344
f 7299 6347 7288
f 7288 6348 7289
f 7289 6349 7290
f 7290 6350 7291
f 7291 6351 7292
f 7292 6352 7293
f 7269 6353 7294
f 7294 6354 7295
f 7295 6355 7296
f 7296 6356 7297
f 7297 6357 7298
f 7298 6358 7299
f 7293 6359 7300
f 7300 6360 7301
f 7301 6361 7302
f 7302 6362 7303
f 7303 6363 7304
f 7058 7059 7060
f 7060 7061 7062
f 6983 7058 7060
f 7060 7062 7064
f 6979 7060 7068
f 7062 7063 7064
f 7064 7065 7066
f 7064 7066 7068
f 7060 7064 7068
f 7066 7067 7068
f 7068 7069 7070
f 7068 7070 7072
f 7070 7071 7072
f 7068 7072 7076
f 7072 7073 7074
f 7072 7074 7076
f 7074 7075 7076
f 7076 7077 7078
f 7078 7079 7080
f 7076 7078 7080
f 7068 7076 7084
f 7080 7081 7082
f 7076 7080 7084
f 7080 7082 7084
f 7082 7083 7084
f 7084 7085 7086
f 7086 7087 7088
f 7088 7089 7090
f 7084 7086 7088
f 7084 7088 7092
f 7068 7084 7100
f 7088 7090 7092
f 7090 7091 7092
f 7092 7093 7094
f 7092 7094 7096
f 7084 7092 7100
f 7068 7100 7110
f 7094 7095 7096
f 7096 7097 7098
f 7092 7096 7100
f 7096 7098 7100
f 7068 7110 7111
f 7068 7111 7112
f 7098 7099 7100
f 7100 7101 7102
f 7102 7103 7104
f 7100 7102 7104
f 7100 7104 7108
f 7104 7105 7106
f 7100 7108 7109
f 7106 7107 7108
f 7104 7106 7108
f 7100 7109 7110
f 7147 7148 7219
f 7146 7147 7219
f 7145 7146 7219
f 7155 7156 7219
f 7154 7155 7219
f 7153 7154 7219
f 7152 7153 7219
f 7151 7152 7219
f 7150 7151 7219
f 7149 7150 7219
f 7148 7149 7219
f 7156 7157 7219
f 7158 7159 7219
f 7157 7158 7219
f 7162 7163 7219
f 7161 7162 7219
f 7160 7161 7219
f 7159 7160 7219
f 7166 7167 7219
f 7165 7166 7219
f 7164 7165 7219
f 7163 7164 7219
f 7170 7171 7219
f 7169 7170 7219
f 7168 7169 7219
f 7167 7168 7219
f 7185 7186 7187
f 7184 7185 7187
f 7183 7184 7187
f 7177 7178 7241
f 7176 7177 7241
f 7175 7176 7241
f 7187 7188 7189
f 7183 7187 7241
f 7182 7183 7241
f 7181 7182 7241
f 7180 7181 7241
f 7179 7180 7241
f 7178 7179 7241
f 7187 7189 7191
f 7189 7190 7191
f 7191 7192 7239
f 7187 7191 7241
f 7172 7173 7219
f 7171 7172 7219
f 7174 7175 7219
f 7173 7174 7219
f 7175 7241 7219
f 7241 7226 7219
f 7241 7228 7229
f 7241 7229 7224
f 7241 7224 7225
f 7241 7225 7226
f 7241 7237 7228
f 7230 7231 7233
f 7230 7233 7234
f 7231 7237 7233
f 7231 7232 7237
f 7227 7237 7232
f 7227 7228 7237
f 7233 7236 7235
f 7233 7237 7236
f 7236 7237 7238
f 7239 7240 7241
f 7191 7239 7241
f 7241 7242 7243
f 7241 7243 7245
f 7243 7244 7245
f 7245 7246 7247
f 7241 7245 7249
f 7247 7248 7249
f 7245 7247 7249
f 7241 7249 7257
f 7249 7250 7251
f 7249 7251 7253
f 7251 7252 7253
f 7253 7254 7255
f 7253 7255 7257
f 7249 7253 7257
f 7255 7256 7257
f 7241 7257 7297
f 7257 7258 7259
f 7259 7260 7261
f 7257 7259 7261
f 7257 7261 7265
f 7261 7262 7263
f 7261 7263 7265
f 7263 7264 7265
f 7257 7265 7297
f 7265 7266 7267
f 7265 7267 7269
f 7265 7269 7297
f 7267 7268 7269
f 7241 7297 7237
f 7286 7270 7271
f 7237 7297 7276
f 7283 7276 7270
f 7272 7276 7303
f 7273 7274 7270
f 7273 7270 7276
f 7272 7275 7276
f 7273 7276 7277
f 7237 7283 7278
f 7279 7280 7278
f 7237 7280 7281
f 7237 7278 7280
f 7282 7278 7285
f 7283 7284 7285
f 7237 7276 7283
f 7278 7283 7285
f 7283 7286 7287
f 7283 7270 7286
f 7297 7293 7276
f 7299 7288 7289
f 7297 7289 7293
f 7289 7290 7291
f 7291 7292 7293
f 7289 7291 7293
f 7269 7294 7295
f 7269 7295 7297
f 7295 7296 7297
f 7297 7298 7299
f 7297 7299 7289
f 7293 7300 7301
f 7301 7302 7303
f 7293 7301 7303
f 7272 7303 7304
f 7293 7303 7276
f 7305 7309 6368
f 7305 6405 7346
f 7306 6365 7307
f 7307 6366 7308
f 7308 6367 7309
f 7310 7373 6369
f 7310 6370 7311
f 7312 6371 7318
f 7311 6372 7313
f 7313 6373 7314
f 7314 6374 7315
f 7315 6375 7316
f 7316 6376 7317
f 7312 7317 6377
f 7318 6378 7319
f 7319 6379 7320
f 7320 6364 7306
f 7321 7327 6386
f 7321 6380 7322
f 7322 6381 7323
f 7345 6382 7324
f 7324 6383 7325
f 7325 6384 7326
f 7326 6385 7327
f 7323 6387 7328
f 7328 6388 7329
f 7329 6389 7330
f 7330 6390 7331
f 7331 6391 7332
f 7332 6392 7333
f 7334 7342 6393
f 7335 7352 6395
f 7335 6394 7336
f 7336 6396 7337
f 7337 6397 7338
f 7338 6398 7339
f 7339 6399 7340
f 7340 6400 7341
f 7341 6401 7342
f 7334 6402 7343
f 7343 6403 7344
f 7344 6404 7345
f 7346 6406 7347
f 7347 6407 7348
f 7348 6408 7349
f 7349 6409 7350
f 7350 6410 7351
f 7351 6411 7352
f 7353 7361 6419
f 7353 6412 7354
f 7354 6413 7355
f 7356 7381 6420
f 7356 6414 7357
f 7357 6415 7358
f 7358 6416 7359
f 7359 6417 7360
f 7360 6418 7361
f 7362 7366 6421
f 7363 6424 7364
f 7364 6425 7365
f 7365 6426 7366
f 7362 6422 7367
f 7367 6427 7368
f 7368 6428 7369
f 7369 6429 7370
f 7370 6430 7371
f 7371 6431 7372
f 7372 6432 7373
f 7355 6423 7363
f 7384 6433 7375
f 7375 6434 7376
f 7374 7376 6435
f 7374 6436 7377
f 7377 6437 7378
f 7378 6438 7379
f 7379 6439 7380
f 7380 6440 7381
f 7382 7389 6448
f 7382 6442 7383
f 7383 6443 7384
f 7385 7393 6441
f 7385 6444 7386
f 7386 6445 7387
f 7387 6446 7388
f 7388 6447 7389
f 7390 6450 7391
f 7391 6451 7392
f 7392 6452 7393
f 7305 7349 7306
f 7306 7307 7308
f 7305 7308 7309
f 7305 7306 7308
f 7314 7306 7349
f 7310 7311 7373
f 7314 7370 7373
f 7311 7314 7373
f 7312 7306 7314
f 7311 7313 7314
f 7314 7315 7316
f 7312 7316 7317
f 7312 7314 7316
f 7314 7349 7369
f 7368 7369 7349
f 7367 7368 7349
f 7312 7318 7319
f 7319 7320 7306
f 7312 7319 7306
f 7321 7322 7323
f 7321 7323 7329
f 7321 7329 7324
f 7324 7325 7326
f 7321 7326 7327
f 7321 7324 7326
f 7051 7349 7324
f 7323 7328 7329
f 7329 7330 7331
f 7331 7332 7333
f 7329 7331 7333
f 7051 7329 7333
f 7051 7324 7329
f 7334 7324 7339
f 7335 7339 7349
f 7335 7336 7337
f 7337 7338 7339
f 7339 7340 7341
f 7334 7341 7342
f 7335 7337 7339
f 7334 7339 7341
f 7324 7349 7339
f 7334 7343 7344
f 7344 7345 7324
f 7334 7344 7324
f 7305 7346 7347
f 7347 7348 7349
f 7349 7350 7351
f 7335 7351 7352
f 7305 7347 7349
f 7335 7349 7351
f 7371 7372 7373
f 7370 7371 7373
f 7314 7369 7370
f 7394 6453 6454
f 7395 6454 6455
f 7396 6455 6456
f 7397 6456 6457
f 7398 6457 6458
f 7399 6458 6459
f 7400 6459 6460
f 7401 6460 6461
f 7402 6461 6462
f 7403 6462 6463
f 7404 6463 6464
f 7405 6464 6465
f 7406 6465 6466
f 7407 6466 6467
f 7408 6467 6468
f 7409 6468 6469
f 7410 6469 6470
f 7411 6470 6471
f 7412 6471 6472
f 7413 6472 6473
f 7414 6473 6474
f 7415 6474 6475
f 7416 6475 6476
f 7417 6476 6477
f 7418 6477 6478
f 7419 6478 6479
f 7420 6479 6480
f 7421 6480 6481
f 7422 6481 6482
f 7423 6482 6483
f 7424 6483 6484
f 7425 6484 6485
f 7426 6485 6486
f 7427 6486 6487
f 7428 6487 6488
f 7429 6488 6489
f 7430 6489 6490
f 7431 6490 6491
f 7432 6491 6492
f 7433 6492 6493
f 7434 6493 6494
f 7435 6494 6495
f 7436 6495 6496
f 7437 6496 6497
f 7438 6497 6498
f 7439 6498 6499
f 7440 6499 6500
f 7441 6500 6501
f 7442 6501 6502
f 7443 6502 6503
f 7444 6503 6504
f 7445 6504 6505
f 7446 6505 6506
f 7447 6506 6507
f 7448 6507 6508
f 7449 6508 6509
f 7450 6509 6510
f 7451 6510 6511
f 7452 6511 6512
f 7453 6512 6513
f 7454 6513 6514
f 7455 6514 6515
f 7456 6515 6516
f 7457 6516 6517
f 7458 6517 6518
f 7459 6518 6519
f 7460 6519 6520
f 7461 6520 6521
f 7462 6521 6522
f 7463 6522 6523
f 7464 6523 6524
f 7465 6524 6525
f 7466 6525 6526
f 7467 6526 6527
f 7468 6527 6528
f 7469 6528 6529
f 7470 6529 6530
f 7471 6530 6531
f 7472 6531 6532
f 7473 6532 6533
f 7474 6533 6534
f 7475 6534 6535
f 7476 6535 6536
f 7477 6536 6537
f 7478 6537 6538
f 7479 6538 6539
f 7480 6539 6540
f 7481 6540 6541
f 7482 6541 6542
f 7483 6542 6543
f 7484 6543 6544
f 7485 6544 6545
f 7486 6545 6546
f 7487 6546 6547
f 7488 6547 6548
f 7489 6548 6549
f 7490 6549 6550
f 7491 6550 6551
f 7492 6551 6552
f 7493 6552 6553
f 7494 6553 6554
f 7495 6554 6555
f 7496 6555 6556
f 7497 6556 6557
f 7498 6557 6558
f 7499 6558 6559
f 7500 6559 6560
f 7501 6560 6561
f 7502 6561 6562
f 7503 6562 6563
f 7504 6563 6564
f 7505 6564 6565
f 7506 6565 6566
f 7507 6566 6567
f 7508 6567 6568
f 7509 6568 6569
f 7510 6569 6570
f 7511 6570 6571
f 7512 6571 6572
f 7513 6572 6573
f 7514 6573 6574
f 7515 6574 6575
f 7516 6575 6576
f 7517 6576 6577
f 7518 6577 6578
f 7519 6578 6579
f 7520 6579 6580
f 7521 6580 6581
f 7522 6581 6582
f 7523 6582 6583
f 7524 6583 6584
f 7525 6584 6585
f 7526 6585 6586
f 7527 6586 6587
f 7528 6587 6588
f 7529 6588 6589
f 7530 6589 6590
f 7531 6590 6591
f 7532 6591 6592
f 7533 6592 6593
f 7534 6593 6594
f 7535 6594 6595
f 7536 6595 6596
f 7537 6596 6597
f 7538 6597 6598
f 7539 6598 6599
f 7540 6599 6600
f 7541 6600 6601
f 7542 6601 6602
f 7543 6602 6603
f 7544 6603 6604
f 7545 6604 6605
f 7546 6605 6606
f 7547 6606 6607
f 7548 6607 6608
f 7549 6608 6609
f 7550 6609 6610
f 7551 6610 6611
f 7552 6611 6612
f 7553 6612 6613
f 7554 6613 6614
f 7555 6614 6615
f 7556 6615 6616
f 7557 6616 6617
f 7558 6617 6618
f 7559 6618 6619
f 7560 6619 6620
f 7561 6620 6621
f 7562 6621 6622
f 7563 6622 6623
f 7564 6623 6624
f 7565 6624 6625
f 7566 6625 6626
f 7567 6626 6627
f 7568 6627 6628
f 7569 6628 6629
f 7570 6629 6630
f 7571 6630 6631
f 7572 6631 6632
f 7573 6632 6633
f 7574 6633 6634
f 7575 6634 6635
f 7576 6635 6636
f 7577 6636 6637
f 7578 6637 6638
f 7579 6638 6639
f 7580 6639 6640
f 7581 6640 6641
f 7582 6641 6642
f 7583 6642 6643
f 7584 6643 6644
f 7585 6644 6645
f 7586 6645 6646
f 7587 6646 6647
f 7588 6647 6648
f 7589 6648 6649
f 7590 6649 6650
f 7591 6650 6651
f 7592 6651 6652
f 7593 6652 6653
f 7595 6653 6654
f 7596 6654 6655
f 7597 6655 6656
f 7598 6656 6657
f 7599 6657 6658
f 7600 6658 6659
f 7601 6659 6660
f 7602 6660 6661
f 7603 6661 6662
f 7604 6662 6663
f 7605 6663 6664
f 7606 6664 6665
f 7607 6665 6666
f 7608 6666 6667
f 7609 6667 6668
f 7610 6668 6669
f 7611 6669 6670
f 7612 6670 6671
f 7613 6671 6672
f 7614 6672 6673
f 7615 6673 6674
f 7616 6674 6675
f 7617 6675 6676
f 7618 6676 6697
f 7620 6678 6677
f 7621 6679 6678
f 7622 6680 6679
f 7623 6681 6680
f 7624 6682 6681
f 7625 6683 6682
f 7626 6684 6683
f 7627 6685 6684
f 7628 6686 6685
f 7629 6687 6686
f 7630 6688 6687
f 7631 6689 6688
f 7632 6690 6689
f 7633 6691 6690
f 7634 6692 6691
f 7635 6693 6692
f 7636 6694 6693
f 7637 6695 6694
f 7638 6696 6695
f 7716 6774 6696
f 7639 6697 6698
f 7640 6698 6699
f 7641 6699 6700
f 7642 6700 6701
f 7643 6701 6702
f 7644 6702 6703
f 7645 6703 6704
f 7646 6704 6705
f 7647 6705 6706
f 7648 6706 6707
f 7649 6707 6708
f 7650 6708 6709
f 7651 6709 6710
f 7652 6710 6711
f 7653 6711 6712
f 7654 6712 6713
f 7655 6713 6714
f 7656 6714 6715
f 7657 6715 6716
f 7658 6716 6717
f 7659 6717 6718
f 7660 6718 6719
f 7661 6719 6720
f 7662 6720 6721
f 7663 6721 6722
f 7664 6722 6723
f 7665 6723 6724
f 7666 6724 6725
f 7667 6725 6726
f 7668 6726 6727
f 7669 6727 6728
f 7670 6728 6729
f 7671 6729 6730
f 7672 6730 6731
f 7673 6731 6732
f 7674 6732 6733
f 7675 6733 6734
f 7676 6734 6735
f 7677 6735 6736
f 7678 6736 6737
f 7679 6737 6738
f 7680 6738 6739
f 7681 6739 6740
f 7682 6740 6741
f 7683 6741 6742
f 7684 6742 6743
f 7685 6743 6744
f 7686 6744 6745
f 7687 6745 6746
f 7688 6746 6747
f 7689 6747 6748
f 7690 6748 6749
f 7691 6749 6750
f 7692 6750 6751
f 7693 6751 6752
f 7694 6752 6753
f 7695 6753 6754
f 7696 6754 6755
f 7697 6755 6756
f 7698 6756 6757
f 7699 6757 6758
f 7700 6758 6759
f 7701 6759 6760
f 7702 6760 6761
f 7703 6761 6762
f 7704 6762 6763
f 7705 6763 6764
f 7706 6764 6765
f 7707 6765 6766
f 7708 6766 6767
f 7709 6767 6768
f 7710 6768 6769
f 7711 6769 6770
f 7712 6770 6771
f 7713 6771 6772
f 7714 6772 6773
f 7715 6773 6802
f 7717 6775 6774
f 7719 6777 6776
f 7718 6776 6775
f 7720 6778 6777
f 7721 6779 6778
f 7722 6780 6779
f 7723 6783 6781
f 7724 6781 6780
f 7725 6782 6783
f 7726 6787 6782
f 7727 6785 6784
f 7728 6784 6786
f 7729 6786 6787
f 7730 6793 6801
f 7731 6794 6788
f 7732 6788 6789
f 7733 6789 6790
f 7734 6790 6791
f 7735 6791 6792
f 7736 6792 6793
f 7742 6800 6795
f 7737 6795 6796
f 7738 6796 6797
f 7739 6797 6785
f 7740 6798 6799
f 7741 6799 6800
f 7743 6801 6798
f 7744 6802 6803
f 7745 6803 6804
f 7746 6804 6805
f 7747 6805 6806
f 7748 6806 6807
f 7749 6807 6808
f 7750 6808 6809
f 7751 6809 6810
f 7752 6810 6811
f 7753 6811 6812
f 7754 6812 6813
f 7755 6813 6814
f 7756 6814 6815
f 7757 6815 6816
f 7758 6816 6817
f 7759 6817 6818
f 7760 6818 6819
f 7779 6837 6820
f 7762 6820 6821
f 7763 6821 6822
f 7764 6822 6823
f 7765 6823 6824
f 7766 6824 6825
f 7767 6825 6826
f 7768 6826 6827
f 7769 6827 6828
f 7770 6828 6829
f 7772 6833 6830
f 7771 6829 6831
f 7774 6831 6832
f 7775 6832 6833
f 7761 6819 6834
f 7776 6834 6835
f 7777 6835 6836
f 7778 6836 6837
f 7780 6843 6839
f 7782 6838 6840
f 7783 6840 6841
f 7784 6841 6842
f 7785 6842 6843
f 7781 6839 6844
f 7786 6844 6845
f 7787 6845 6846
f 7788 6846 6847
f 7789 6847 6848
f 7790 6848 6794
f 7773 6830 6849
f 7791 6849 6850
f 7792 6850 6851
f 7793 6851 6838
f 6894 6453 7394
f 7394 6454 7395
f 7395 6455 7396
f 7396 6456 7397
f 7397 6457 7398
f 7398 6458 7399
f 7399 6459 7400
f 7400 6460 7401
f 7401 6461 7402
f 7402 6462 7403
f 7403 6463 7404
f 7404 6464 7405
f 7405 6465 7406
f 7406 6466 7407
f 7407 6467 7408
f 7408 6468 7409
f 7409 6469 7410
f 7410 6470 7411
f 7411 6471 7412
f 7412 6472 7413
f 7413 6473 7414
f 7414 6474 7415
f 7415 6475 7416
f 7416 6476 7417
f 7417 6477 7418
f 7418 6478 7419
f 7419 6479 7420
f 7420 6480 7421
f 7421 6481 7422
f 7422 6482 7423
f 7423 6483 7424
f 7424 6484 7425
f 7425 6485 7426
f 7426 6486 7427
f 7427 6487 7428
f 7428 6488 7429
f 7429 6489 7430
f 7430 6490 7431
f 7431 6491 7432
f 7432 6492 7433
f 7433 6493 7434
f 7434 6494 7435
f 7435 6495 7436
f 7436 6496 7437
f 7437 6497 7438
f 7438 6498 7439
f 7439 6499 7440
f 7440 6500 7441
f 7441 6501 7442
f 7442 6502 7443
f 7443 6503 7444
f 7444 6504 7445
f 7445 6505 7446
f 7446 6506 7447
f 7447 6507 7448
f 7448 6508 7449
f 7449 6509 7450
f 7450 6510 7451
f 7451 6511 7452
f 7452 6512 7453
f 7453 6513 7454
f 7454 6514 7455
f 7455 6515 7456
f 7456 6516 7457
f 7457 6517 7458
f 7458 6518 7459
f 7459 6519 7460
f 7460 6520 7461
f 7461 6521 7462
f 7462 6522 7463
f 7463 6523 7464
f 7464 6524 7465
f 7465 6525 7466
f 7466 6526 7467
f 7467 6527 7468
f 7468 6528 7469
f 7469 6529 7470
f 7470 6530 7471
f 7471 6531 7472
f 7472 6532 7473
f 7473 6533 7474
f 7474 6534 7475
f 7475 6535 7476
f 7476 6536 7477
f 7477 6537 7478
f 7478 6538 7479
f 7479 6539 7480
f 7480 6540 7481
f 7481 6541 7482
f 7482 6542 7483
f 7483 6543 7484
f 7484 6544 7485
f 7485 6545 7486
f 7486 6546 7487
f 7487 6547 7488
f 7488 6548 7489
f 7489 6549 7490
f 7490 6550 7491
f 7491 6551 7492
f 7492 6552 7493
f 7493 6553 7494
f 7494 6554 7495
f 7495 6555 7496
f 7496 6556 7497
f 7497 6557 7498
f 7498 6558 7499
f 7499 6559 7500
f 7500 6560 7501
f 7501 6561 7502
f 7502 6562 7503
f 7503 6563 7504
f 7504 6564 7505
f 7505 6565 7506
f 7506 6566 7507
f 7507 6567 7508
f 7508 6568 7509
f 7509 6569 7510
f 7510 6570 7511
f 7511 6571 7512
f 7512 6572 7513
f 7513 6573 7514
f 7514 6574 7515
f 7515 6575 7516
f 7516 6576 7517
f 7517 6577 7518
f 7518 6578 7519
f 7519 6579 7520
f 7520 6580 7521
f 7521 6581 7522
f 7522 6582 7523
f 7523 6583 7524
f 7524 6584 7525
f 7525 6585 7526
f 7526 6586 7527
f 7527 6587 7528
f 7528 6588 7529
f 7529 6589 7530
f 7530 6590 7531
f 7531 6591 7532
f 7532 6592 7533
f 7533 6593 7534
f 7534 6594 7535
f 7535 6595 7536
f 7536 6596 7537
f 7537 6597 7538
f 7538 6598 7539
f 7539 6599 7540
f 7540 6600 7541
f 7541 6601 7542
f 7542 6602 7543
f 7543 6603 7544
f 7544 6604 7545
f 7545 6605 7546
f 7546 6606 7547
f 7547 6607 7548
f 7548 6608 7549
f 7549 6609 7550
f 7550 6610 7551
f 7551 6611 7552
f 7552 6612 7553
f 7553 6613 7554
f 7554 6614 7555
f 7555 6615 7556
f 7556 6616 7557
f 7557 6617 7558
f 7558 6618 7559
f 7559 6619 7560
f 7560 6620 7561
f 7561 6621 7562
f 7562 6622 7563
f 7563 6623 7564
f 7564 6624 7565
f 7565 6625 7566
f 7566 6626 7567
f 7567 6627 7568
f 7568 6628 7569
f 7569 6629 7570
f 7570 6630 7571
f 7571 6631 7572
f 7572 6632 7573
f 7573 6633 7574
f 7574 6634 7575
f 7575 6635 7576
f 7576 6636 7577
f 7577 6637 7578
f 7578 6638 7579
f 7579 6639 7580
f 7580 6640 7581
f 7581 6641 7582
f 7582 6642 7583
f 7583 6643 7584
f 7584 6644 7585
f 7585 6645 7586
f 7586 6646 7587
f 7587 6647 7588
f 7588 6648 7589
f 7589 6649 7590
f 7590 6650 7591
f 7591 6651 7592
f 7592 6652 7593
f 7593 6653 7594
f 7594 6653 7595
f 7595 6654 7596
f 7596 6655 7597
f 7597 6656 7598
f 7598 6657 7599
f 7599 6658 7600
f 7600 6659 7601
f 7601 6660 7602
f 7602 6661 7603
f 7603 6662 7604
f 7604 6663 7605
f 7605 6664 7606
f 7606 6665 7607
f 7607 6666 7608
f 7608 6667 7609
f 7609 6668 7610
f 7610 6669 7611
f 7611 6670 7612
f 7612 6671 7613
f 7613 6672 7614
f 7614 6673 7615
f 7615 6674 7616
f 7616 6675 7617
f 7617 6676 7618
f 7618 6697 7639
f 6891 7394 7398
f 7394 7395 7396
f 7394 7396 7398
f 7396 7397 7398
f 6891 7398 7406
f 7398 7399 7400
f 7398 7400 7402
f 7400 7401 7402
f 7398 7402 7406
f 7402 7403 7404
f 7402 7404 7406
f 7404 7405 7406
f 7406 7407 7408
f 7406 7408 7410
f 7408 7409 7410
f 7406 7410 7414
f 7410 7411 7412
f 7410 7412 7414
f 7406 7414 7422
f 7412 7413 7414
f 7414 7415 7416
f 7414 7416 7418
f 7416 7417 7418
f 7414 7418 7422
f 7406 7422 7431
f 7418 7419 7420
f 7420 7421 7422
f 7418 7420 7422
f 7422 7423 7424
f 7422 7424 7426
f 7424 7425 7426
f 7426 7427 7428
f 7422 7426 7430
f 7428 7429 7430
f 7426 7428 7430
f 7422 7430 7431
f 7515 7516 7517
f 7517 7518 7519
f 7514 7515 7517
f 7517 7519 7521
f 7514 7517 7521
f 7513 7514 7521
f 7510 7511 7537
f 7509 7510 7537
f 7519 7520 7521
f 7521 7522 7523
f 7512 7513 7537
f 7511 7512 7537
f 7521 7523 7525
f 7523 7524 7525
f 7521 7525 7529
f 7513 7521 7537
f 7525 7526 7527
f 7527 7528 7529
f 7529 7530 7531
f 7525 7527 7529
f 7529 7531 7533
f 7521 7529 7537
f 7531 7532 7533
f 7533 7534 7535
f 7533 7535 7537
f 7529 7533 7537
f 7535 7536 7537
f 7537 7538 7539
f 7539 7540 7541
f 7537 7539 7541
f 7537 7541 7545
f 7541 7542 7543
f 7543 7544 7545
f 7541 7543 7545
f 7545 7546 7547
f 7547 7548 7549
f 7549 7550 7551
f 7545 7547 7549
f 7545 7549 7553
f 7537 7545 7553
f 7549 7551 7553
f 7551 7552 7553
f 7553 7554 7555
f 7555 7556 7557
f 7557 7558 7559
f 7553 7555 7557
f 7553 7557 7561
f 7537 7553 7569
f 7557 7559 7561
f 7559 7560 7561
f 7561 7562 7563
f 7553 7561 7569
f 7561 7563 7565
f 7563 7564 7565
f 7565 7566 7567
f 7561 7565 7569
f 7537 7569 7600
f 7567 7568 7569
f 7569 7570 7571
f 7571 7572 7573
f 7573 7574 7575
f 7565 7567 7569
f 7569 7571 7573
f 7573 7575 7577
f 7569 7573 7577
f 7575 7576 7577
f 7577 7578 7579
f 7579 7580 7581
f 7577 7579 7581
f 7577 7581 7585
f 7569 7577 7585
f 7581 7582 7583
f 7583 7584 7585
f 7585 7586 7587
f 7581 7583 7585
f 7569 7585 7600
f 7585 7587 7589
f 7587 7588 7589
f 7589 7590 7591
f 7591 7592 7593
f 7594 7595 7596
f 7589 7591 7593
f 7593 7594 7596
f 7585 7589 7593
f 7585 7593 7600
f 7596 7597 7598
f 7593 7596 7600
f 7598 7599 7600
f 7596 7598 7600
f 7600 7601 7602
f 7600 7602 7604
f 7602 7603 7604
f 7600 7604 7608
f 7604 7605 7606
f 7604 7606 7608
f 7606 7607 7608
f 7608 7609 7610
f 7610 7611 7612
f 7608 7610 7612
f 7600 7608 7616
f 7612 7613 7614
f 7608 7612 7616
f 7614 7615 7616
f 7612 7614 7616
f 7616 7617 7618
f 7616 7618 7640
f 7619 7620 6677
f 7620 7621 6678
f 7621 7622 6679
f 7622 7623 6680
f 7623 7624 6681
f 7624 7625 6682
f 7625 7626 6683
f 7626 7627 6684
f 7627 7628 6685
f 7628 7629 6686
f 7629 7630 6687
f 7630 7631 6688
f 7631 7632 6689
f 7632 7633 6690
f 7633 7634 6691
f 7634 7635 6692
f 7635 7636 6693
f 7636 7637 6694
f 7637 7638 6695
f 7638 7716 6696
f 7639 6698 7640
f 7640 6699 7641
f 7641 6700 7642
f 7642 6701 7643
f 7643 6702 7644
f 7644 6703 7645
f 7645 6704 7646
f 7646 6705 7647
f 7647 6706 7648
f 7648 6707 7649
f 7649 6708 7650
f 7650 6709 7651
f 7651 6710 7652
f 7652 6711 7653
f 7653 6712 7654
f 7654 6713 7655
f 7655 6714 7656
f 7656 6715 7657
f 7657 6716 7658
f 7658 6717 7659
f 7659 6718 7660
f 7660 6719 7661
f 7661 6720 7662
f 7662 6721 7663
f 7663 6722 7664
f 7664 6723 7665
f 7665 6724 7666
f 7666 6725 7667
f 7667 6726 7668
f 7668 6727 7669
f 7669 6728 7670
f 7670 6729 7671
f 7671 6730 7672
f 7672 6731 7673
f 7673 6732 7674
f 7674 6733 7675
f 7675 6734 7676
f 7676 6735 7677
f 7677 6736 7678
f 7678 6737 7679
f 7679 6738 7680
f 7680 6739 7681
f 7681 6740 7682
f 7682 6741 7683
f 7683 6742 7684
f 7684 6743 7685
f 7685 6744 7686
f 7686 6745 7687
f 7687 6746 7688
f 7688 6747 7689
f 7689 6748 7690
f 7690 6749 7691
f 7691 6750 7692
f 7692 6751 7693
f 7694 7693 6752
f 7694 6753 7695
f 7695 6754 7696
f 7696 6755 7697
f 7697 6756 7698
f 7698 6757 7699
f 7699 6758 7700
f 7700 6759 7701
f 7701 6760 7702
f 7702 6761 7703
f 7703 6762 7704
f 7704 6763 7705
f 7705 6764 7706
f 7706 6765 7707
f 7707 6766 7708
f 7708 6767 7709
f 7709 6768 7710
f 7710 6769 7711
f 7711 6770 7712
f 7712 6771 7713
f 7713 6772 7714
f 7714 6773 7715
f 7716 7717 6774
f 7717 7718 6775
f 7718 7719 6776
f 7721 6778 7720
f 7719 7720 6777
f 7722 7724 6780
f 7721 7722 6779
f 7723 6781 7724
f 7723 7725 6783
f 7726 7729 6787
f 7726 6782 7725
f 7727 6784 7728
f 7728 6786 7729
f 7731 7790 6794
f 7730 7736 6793
f 7731 6788 7732
f 7732 6789 7733
f 7733 6790 7734
f 7734 6791 7735
f 7735 6792 7736
f 7737 7742 6795
f 7737 6796 7738
f 7738 6797 7739
f 7727 7739 6785
f 7740 6799 7741
f 7741 6800 7742
f 7730 6801 7743
f 7743 6798 7740
f 7715 6802 7744
f 7744 6803 7745
f 7745 6804 7746
f 7746 6805 7747
f 7747 6806 7748
f 7748 6807 7749
f 7749 6808 7750
f 7750 6809 7751
f 7751 6810 7752
f 7752 6811 7753
f 7753 6812 7754
f 7754 6813 7755
f 7755 6814 7756
f 7756 6815 7757
f 7757 6816 7758
f 7758 6817 7759
f 7759 6818 7760
f 7760 6819 7761
f 7779 6820 7762
f 7762 6821 7763
f 7763 6822 7764
f 7764 6823 7765
f 7765 6824 7766
f 7766 6825 7767
f 7767 6826 7768
f 7768 6827 7769
f 7769 6828 7770
f 7770 6829 7771
f 7772 7775 6833
f 7772 6830 7773
f 7771 6831 7774
f 7774 6832 7775
f 7761 6834 7776
f 7776 6835 7777
f 7777 6836 7778
f 7778 6837 7779
f 7780 7785 6843
f 7780 6839 7781
f 7793 6838 7782
f 7782 6840 7783
f 7783 6841 7784
f 7784 6842 7785
f 7781 6844 7786
f 7786 6845 7787
f 7787 6846 7788
f 7788 6847 7789
f 7789 6848 7790
f 7773 6849 7791
f 7791 6850 7792
f 7792 6851 7793
f 7537 7684 7620
f 6911 7620 7619
f 7620 7622 7621
f 7620 7624 7622
f 7622 7624 7623
f 7620 7628 7624
f 7624 7626 7625
f 7624 7628 7626
f 7620 7636 7628
f 7626 7628 7627
f 7628 7630 7629
f 7628 7632 7630
f 7630 7632 7631
f 7620 7727 7636
f 7684 7774 7620
f 7628 7636 7632
f 7620 7774 7727
f 7632 7634 7633
f 7632 7636 7634
f 7634 7636 7635
f 7636 7638 7637
f 7636 7717 7638
f 7618 7639 7640
f 7616 7640 7644
f 7600 7616 7652
f 7640 7641 7642
f 7642 7643 7644
f 7640 7642 7644
f 7616 7644 7652
f 7537 7600 7684
f 7644 7645 7646
f 7644 7646 7648
f 7646 7647 7648
f 7644 7648 7652
f 7648 7649 7650
f 7600 7652 7684
f 7648 7650 7652
f 7650 7651 7652
f 7652 7653 7654
f 7652 7654 7656
f 7654 7655 7656
f 7652 7656 7660
f 7656 7657 7658
f 7656 7658 7660
f 7658 7659 7660
f 7652 7660 7668
f 7660 7661 7662
f 7660 7662 7664
f 7662 7663 7664
f 7660 7664 7668
f 7664 7665 7666
f 7664 7666 7668
f 7666 7667 7668
f 7668 7669 7670
f 7652 7668 7684
f 7668 7670 7672
f 7670 7671 7672
f 7668 7672 7676
f 7672 7673 7674
f 7672 7674 7676
f 7674 7675 7676
f 7668 7676 7684
f 7676 7677 7678
f 7676 7678 7680
f 7678 7679 7680
f 7676 7680 7684
f 7680 7681 7682
f 7680 7682 7684
f 7682 7683 7684
f 7684 7685 7686
f 7684 7686 7688
f 7686 7687 7688
f 7684 7688 7692
f 7688 7689 7690
f 7688 7690 7692
f 7690 7691 7692
f 7692 7693 7694
f 7684 7692 7700
f 7692 7694 7696
f 7694 7695 7696
f 7692 7696 7700
f 7696 7697 7698
f 7696 7698 7700
f 7698 7699 7700
f 7684 7700 7744
f 7700 7701 7702
f 7700 7702 7704
f 7702 7703 7704
f 7700 7704 7708
f 7704 7705 7706
f 7704 7706 7708
f 7706 7707 7708
f 7700 7708 7744
f 7684 7744 7774
f 7708 7709 7710
f 7708 7710 7712
f 7710 7711 7712
f 7708 7712 7744
f 7712 7713 7714
f 7712 7714 7744
f 7714 7715 7744
f 7638 7717 7716
f 7636 7721 7717
f 7717 7719 7718
f 7636 7727 7721
f 7717 7721 7719
f 7719 7721 7720
f 7721 7724 7722
f 7723 7724 7725
f 7721 7725 7724
f 7721 7727 7725
f 7726 7725 7729
f 7727 7728 7729
f 7725 7727 7729
f 7727 7774 7789
f 7727 7789 7730
f 7731 7732 7733
f 7733 7734 7735
f 7730 7735 7736
f 7731 7733 7789
f 7730 7733 7735
f 7730 7789 7733
f 7737 7738 7742
f 7727 7738 7739
f 7727 7742 7738
f 7727 7730 7742
f 7740 7741 7742
f 7730 7740 7742
f 7730 7743 7740
f 7744 7745 7746
f 7744 7746 7748
f 7746 7747 7748
f 7744 7748 7752
f 7748 7749 7750
f 7748 7750 7752
f 7750 7751 7752
f 7744 7752 7760
f 7752 7753 7754
f 7752 7754 7756
f 7754 7755 7756
f 7756 7757 7758
f 7752 7756 7760
f 7744 7760 7774
f 7756 7758 7760
f 7758 7759 7760
f 7760 7761 7776
f 7762 7763 7764
f 7778 7762 7764
f 7760 7764 7774
f 7764 7765 7766
f 7766 7767 7768
f 7764 7766 7768
f 7764 7768 7774
f 7768 7769 7770
f 7770 7771 7774
f 7768 7770 7774
f 7772 7791 7774
f 7772 7773 7791
f 7772 7774 7775
f 7776 7777 7778
f 7760 7776 7778
f 7760 7778 7764
f 7778 7779 7762
f 7780 7781 7785
f 7781 7789 7783
f 7793 7782 7783
f 7783 7784 7785
f 7781 7783 7785
f 7789 7774 7783
f 7781 7786 7787
f 7787 7788 7789
f 7731 7789 7790
f 7781 7787 7789
f 7791 7792 7793
f 7791 7793 7783
f 7791 7783 7774

